linux	Build and exercise Rust, terminal and real-engine protocols	﻿2026-10-07T23:40:26.1415212Z ##[group]Run bash scripts/setup-cloud.sh
linux	Build and exercise Rust, terminal and real-engine protocols	2026-10-07T23:40:26.1415726Z ^[[36;1mbash scripts/setup-cloud.sh^[[0m
linux	Build and exercise Rust, terminal and real-engine protocols	2026-10-07T23:40:26.1485567Z shell: /usr/bin/bash -e {0}
linux	Build and exercise Rust, terminal and real-engine protocols	2026-10-07T23:40:26.1485997Z ##[endgroup]
linux	Build and exercise Rust, terminal and real-engine protocols	2026-10-07T23:40:26.4692879Z info: profile set to minimal
linux	Build and exercise Rust, terminal and real-engine protocols	2026-10-07T23:40:26.4693919Z info: default host tuple is x86_64-unknown-linux-gnu
linux	Build and exercise Rust, terminal and real-engine protocols	2026-10-07T23:40:26.4697451Z info: syncing channel updates for 1.99.0-x86_64-unknown-linux-gnu
linux	Build and exercise Rust, terminal and real-engine protocols	2026-10-07T23:40:26.6102444Z info: latest update on 2026-10-01 for version 1.99.0 (b940084d7 2026-09-28)
linux	Build and exercise Rust, terminal and real-engine protocols	2026-10-07T23:40:26.6103538Z info: downloading 5 components
linux	Build and exercise Rust, terminal and real-engine protocols	2026-10-07T23:40:35.0814468Z info: default toolchain set to 1.99.0-x86_64-unknown-linux-gnu
linux	Build and exercise Rust, terminal and real-engine protocols	2026-10-07T23:40:35.0830852Z 
linux	Build and exercise Rust, terminal and real-engine protocols	2026-10-07T23:40:35.0901373Z   1.99.0-x86_64-unknown-linux-gnu installed - rustc 1.99.0 (b940084d7 2026-09-28)
linux	Build and exercise Rust, terminal and real-engine protocols	2026-10-07T23:40:35.0902433Z 
linux	Build and exercise Rust, terminal and real-engine protocols	2026-10-07T23:40:35.0903125Z 
linux	Build and exercise Rust, terminal and real-engine protocols	2026-10-07T23:40:35.0903925Z Rust is installed now. Great!
linux	Build and exercise Rust, terminal and real-engine protocols	2026-10-07T23:40:35.0904233Z 
linux	Build and exercise Rust, terminal and real-engine protocols	2026-10-07T23:40:35.0904639Z To get started you need Cargo's bin directory (/workspace/.cargo/bin) in your 
linux	Build and exercise Rust, terminal and real-engine protocols	2026-10-07T23:40:35.0905456Z PATH
linux	Build and exercise Rust, terminal and real-engine protocols	2026-10-07T23:40:35.0905941Z environment variable. This has not been done automatically.
linux	Build and exercise Rust, terminal and real-engine protocols	2026-10-07T23:40:35.0906429Z 
linux	Build and exercise Rust, terminal and real-engine protocols	2026-10-07T23:40:35.0906678Z To configure your current shell, you need to source
linux	Build and exercise Rust, terminal and real-engine protocols	2026-10-07T23:40:35.0907315Z the corresponding env file under /workspace/.cargo.
linux	Build and exercise Rust, terminal and real-engine protocols	2026-10-07T23:40:35.0907713Z 
linux	Build and exercise Rust, terminal and real-engine protocols	2026-10-07T23:40:35.0908069Z Consider running the right command for your shell (note the leading DOT):
linux	Build and exercise Rust, terminal and real-engine protocols	2026-10-07T23:40:35.0908991Z . "/workspace/.cargo/env"     # For sh/ash/dash/pdksh/bash
linux	Build and exercise Rust, terminal and real-engine protocols	2026-10-07T23:40:35.0909608Z . "/workspace/.cargo/env.ps1" # For pwsh
linux	Build and exercise Rust, terminal and real-engine protocols	2026-10-07T23:40:35.0910513Z cargo:rerun-if-env-changed=CC_x86_64-unknown-linux-gnu
linux	Build and exercise Rust, terminal and real-engine protocols	2026-10-07T23:40:35.0911134Z CC_x86_64-unknown-linux-gnu = None
linux	Build and exercise Rust, terminal and real-engine protocols	2026-10-07T23:40:35.0911755Z cargo:rerun-if-env-changed=CC_x86_64_unknown_linux_gnu
linux	Build and exercise Rust, terminal and real-engine protocols	2026-10-07T23:40:35.0912342Z CC_x86_64_unknown_linux_gnu = None
linux	Build and exercise Rust, terminal and real-engine protocols	2026-10-07T23:40:35.0912845Z cargo:rerun-if-env-changed=HOST_CC
linux	Build and exercise Rust, terminal and real-engine protocols	2026-10-07T23:40:35.0913327Z HOST_CC = None
linux	Build and exercise Rust, terminal and real-engine protocols	2026-10-07T23:40:35.0913695Z cargo:rerun-if-env-changed=CC
linux	Build and exercise Rust, terminal and real-engine protocols	2026-10-07T23:40:35.0914096Z CC = None
linux	Build and exercise Rust, terminal and real-engine protocols	2026-10-07T23:40:35.0921758Z cargo:rerun-if-env-changed=CC_ENABLE_DEBUG_OUTPUT
linux	Build and exercise Rust, terminal and real-engine protocols	2026-10-07T23:40:35.8851962Z cargo:rerun-if-env-changed=CRATE_CC_NO_DEFAULTS
linux	Build and exercise Rust, terminal and real-engine protocols	2026-10-07T23:40:35.8852537Z CRATE_CC_NO_DEFAULTS = None
linux	Build and exercise Rust, terminal and real-engine protocols	2026-10-07T23:40:35.8852894Z cargo:rerun-if-env-changed=CFLAGS
linux	Build and exercise Rust, terminal and real-engine protocols	2026-10-07T23:40:35.8854239Z CFLAGS = None
linux	Build and exercise Rust, terminal and real-engine protocols	2026-10-07T23:40:35.8856718Z cargo:rerun-if-env-changed=HOST_CFLAGS
linux	Build and exercise Rust, terminal and real-engine protocols	2026-10-07T23:40:35.8857524Z HOST_CFLAGS = None
linux	Build and exercise Rust, terminal and real-engine protocols	2026-10-07T23:40:35.8858207Z cargo:rerun-if-env-changed=CFLAGS_x86_64_unknown_linux_gnu
linux	Build and exercise Rust, terminal and real-engine protocols	2026-10-07T23:40:35.8858942Z CFLAGS_x86_64_unknown_linux_gnu = None
linux	Build and exercise Rust, terminal and real-engine protocols	2026-10-07T23:40:35.8859636Z cargo:rerun-if-env-changed=CFLAGS_x86_64-unknown-linux-gnu
linux	Build and exercise Rust, terminal and real-engine protocols	2026-10-07T23:40:35.8860597Z CFLAGS_x86_64-unknown-linux-gnu = None
linux	Build and exercise Rust, terminal and real-engine protocols	2026-10-07T23:40:35.9347610Z info: syncing channel updates for 1.99.0-x86_64-unknown-linux-gnu
linux	Build and exercise Rust, terminal and real-engine protocols	2026-10-07T23:40:36.0735350Z info: latest update on 2026-10-01 for version 1.99.0 (b940084d7 2026-09-28)
linux	Build and exercise Rust, terminal and real-engine protocols	2026-10-07T23:40:36.0874325Z info: component clippy is up to date
linux	Build and exercise Rust, terminal and real-engine protocols	2026-10-07T23:40:36.0874961Z info: component rustfmt is up to date
linux	Build and exercise Rust, terminal and real-engine protocols	2026-10-07T23:40:36.0886842Z 
linux	Build and exercise Rust, terminal and real-engine protocols	2026-10-07T23:40:36.0954404Z   1.99.0-x86_64-unknown-linux-gnu unchanged - rustc 1.99.0 (b940084d7 2026-09-28)
linux	Build and exercise Rust, terminal and real-engine protocols	2026-10-07T23:40:36.0954969Z 
linux	Build and exercise Rust, terminal and real-engine protocols	2026-10-07T23:40:40.1480934Z Collecting pyte==0.8.2 (from -r requirements-dev.txt (line 2))
linux	Build and exercise Rust, terminal and real-engine protocols	2026-10-07T23:40:40.2226054Z   Downloading pyte-0.8.2-py3-none-any.whl.metadata (3.0 kB)
linux	Build and exercise Rust, terminal and real-engine protocols	2026-10-07T23:40:40.2814801Z Collecting wcwidth==0.2.13 (from -r requirements-dev.txt (line 3))
linux	Build and exercise Rust, terminal and real-engine protocols	2026-10-07T23:40:40.2950885Z   Downloading wcwidth-0.2.13-py2.py3-none-any.whl.metadata (14 kB)
linux	Build and exercise Rust, terminal and real-engine protocols	2026-10-07T23:40:40.3525583Z Collecting jsonschema==4.26.0 (from -r requirements-dev.txt (line 5))
linux	Build and exercise Rust, terminal and real-engine protocols	2026-10-07T23:40:40.3671182Z   Downloading jsonschema-4.26.0-py3-none-any.whl.metadata (7.6 kB)
linux	Build and exercise Rust, terminal and real-engine protocols	2026-10-07T23:40:40.4034034Z Collecting attrs==26.1.0 (from -r requirements-dev.txt (line 6))
linux	Build and exercise Rust, terminal and real-engine protocols	2026-10-07T23:40:40.4171432Z   Downloading attrs-26.1.0-py3-none-any.whl.metadata (8.8 kB)
linux	Build and exercise Rust, terminal and real-engine protocols	2026-10-07T23:40:40.4489173Z Collecting jsonschema-specifications==2025.9.1 (from -r requirements-dev.txt (line 7))
linux	Build and exercise Rust, terminal and real-engine protocols	2026-10-07T23:40:40.4637348Z   Downloading jsonschema_specifications-2025.9.1-py3-none-any.whl.metadata (2.9 kB)
linux	Build and exercise Rust, terminal and real-engine protocols	2026-10-07T23:40:40.5145114Z Collecting referencing==0.37.0 (from -r requirements-dev.txt (line 8))
linux	Build and exercise Rust, terminal and real-engine protocols	2026-10-07T23:40:40.5282917Z   Downloading referencing-0.37.0-py3-none-any.whl.metadata (2.8 kB)
linux	Build and exercise Rust, terminal and real-engine protocols	2026-10-07T23:40:40.8949441Z Collecting rpds-py==2026.6.3 (from -r requirements-dev.txt (line 9))
linux	Build and exercise Rust, terminal and real-engine protocols	2026-10-07T23:40:40.9135543Z   Downloading rpds_py-2026.6.3-cp312-cp312-manylinux_2_17_x86_64.manylinux2014_x86_64.whl.metadata (4.1 kB)
linux	Build and exercise Rust, terminal and real-engine protocols	2026-10-07T23:40:40.9531279Z Collecting typing-extensions==4.16.0 (from -r requirements-dev.txt (line 10))
linux	Build and exercise Rust, terminal and real-engine protocols	2026-10-07T23:40:40.9671232Z   Downloading typing_extensions-4.16.0-py3-none-any.whl.metadata (3.3 kB)
linux	Build and exercise Rust, terminal and real-engine protocols	2026-10-07T23:40:41.0319052Z Downloading pyte-0.8.2-py3-none-any.whl (31 kB)
linux	Build and exercise Rust, terminal and real-engine protocols	2026-10-07T23:40:41.0732024Z Downloading wcwidth-0.2.13-py2.py3-none-any.whl (34 kB)
linux	Build and exercise Rust, terminal and real-engine protocols	2026-10-07T23:40:41.0913710Z Downloading jsonschema-4.26.0-py3-none-any.whl (90 kB)
linux	Build and exercise Rust, terminal and real-engine protocols	2026-10-07T23:40:41.1103071Z    ━━━━━━━━━━━━━━━━━━━━━━━━━━━━━━━━━━━━━━━━ 90.6/90.6 kB 5.0 MB/s eta 0:00:00
linux	Build and exercise Rust, terminal and real-engine protocols	2026-10-07T23:40:41.1245408Z Downloading attrs-26.1.0-py3-none-any.whl (67 kB)
linux	Build and exercise Rust, terminal and real-engine protocols	2026-10-07T23:40:41.1305381Z    ━━━━━━━━━━━━━━━━━━━━━━━━━━━━━━━━━━━━━━━━ 67.5/67.5 kB 19.4 MB/s eta 0:00:00
linux	Build and exercise Rust, terminal and real-engine protocols	2026-10-07T23:40:41.1448889Z Downloading jsonschema_specifications-2025.9.1-py3-none-any.whl (18 kB)
linux	Build and exercise Rust, terminal and real-engine protocols	2026-10-07T23:40:41.1613897Z Downloading referencing-0.37.0-py3-none-any.whl (26 kB)
linux	Build and exercise Rust, terminal and real-engine protocols	2026-10-07T23:40:41.1770981Z Downloading rpds_py-2026.6.3-cp312-cp312-manylinux_2_17_x86_64.manylinux2014_x86_64.whl (366 kB)
linux	Build and exercise Rust, terminal and real-engine protocols	2026-10-07T23:40:41.2084911Z    ━━━━━━━━━━━━━━━━━━━━━━━━━━━━━━━━━━━━━━━━ 366.2/366.2 kB 13.1 MB/s eta 0:00:00
linux	Build and exercise Rust, terminal and real-engine protocols	2026-10-07T23:40:41.2237521Z Downloading typing_extensions-4.16.0-py3-none-any.whl (45 kB)
linux	Build and exercise Rust, terminal and real-engine protocols	2026-10-07T23:40:41.2277091Z    ━━━━━━━━━━━━━━━━━━━━━━━━━━━━━━━━━━━━━━━━ 45.6/45.6 kB 17.3 MB/s eta 0:00:00
linux	Build and exercise Rust, terminal and real-engine protocols	2026-10-07T23:40:41.5587633Z Installing collected packages: wcwidth, typing-extensions, rpds-py, pyte, attrs, referencing, jsonschema-specifications, jsonschema
linux	Build and exercise Rust, terminal and real-engine protocols	2026-10-07T23:40:41.7985620Z Successfully installed attrs-26.1.0 jsonschema-4.26.0 jsonschema-specifications-2025.9.1 pyte-0.8.2 referencing-0.37.0 rpds-py-2026.6.3 typing-extensions-4.16.0 wcwidth-0.2.13
linux	Build and exercise Rust, terminal and real-engine protocols	2026-10-07T23:40:41.9884118Z     Updating crates.io index
linux	Build and exercise Rust, terminal and real-engine protocols	2026-10-07T23:40:42.5963314Z  Downloading crates ...
linux	Build and exercise Rust, terminal and real-engine protocols	2026-10-07T23:40:42.7135219Z   Downloaded adler2 v2.0.1
linux	Build and exercise Rust, terminal and real-engine protocols	2026-10-07T23:40:42.7150994Z   Downloaded quote v1.0.47
linux	Build and exercise Rust, terminal and real-engine protocols	2026-10-07T23:40:42.7186172Z   Downloaded quinn-udp v0.5.16
linux	Build and exercise Rust, terminal and real-engine protocols	2026-10-07T23:40:42.7236347Z   Downloaded ratatui-termwiz v0.1.2
linux	Build and exercise Rust, terminal and real-engine protocols	2026-10-07T23:40:42.7248127Z   Downloaded serial2 v0.2.38
linux	Build and exercise Rust, terminal and real-engine protocols	2026-10-07T23:40:42.7283313Z   Downloaded quinn v0.11.12
linux	Build and exercise Rust, terminal and real-engine protocols	2026-10-07T23:40:42.7336802Z   Downloaded ratatui-crossterm v0.1.2
linux	Build and exercise Rust, terminal and real-engine protocols	2026-10-07T23:40:42.7347090Z   Downloaded rustls-pki-types v1.15.1
linux	Build and exercise Rust, terminal and real-engine protocols	2026-10-07T23:40:42.7390002Z   Downloaded foldhash v0.1.5
linux	Build and exercise Rust, terminal and real-engine protocols	2026-10-07T23:40:42.7408879Z   Downloaded fs-set-times v0.20.3
linux	Build and exercise Rust, terminal and real-engine protocols	2026-10-07T23:40:42.7440998Z   Downloaded rustls-native-certs v0.8.4
linux	Build and exercise Rust, terminal and real-engine protocols	2026-10-07T23:40:42.7458822Z   Downloaded rand v0.8.8
linux	Build and exercise Rust, terminal and real-engine protocols	2026-10-07T23:40:42.7510389Z   Downloaded ratatui-termina v0.1.0
linux	Build and exercise Rust, terminal and real-engine protocols	2026-10-07T23:40:42.7529379Z   Downloaded smallvec v1.16.2
linux	Build and exercise Rust, terminal and real-engine protocols	2026-10-07T23:40:42.7549195Z   Downloaded stable_deref_trait v1.2.1
linux	Build and exercise Rust, terminal and real-engine protocols	2026-10-07T23:40:42.7559777Z   Downloaded scopeguard v1.2.0
linux	Build and exercise Rust, terminal and real-engine protocols	2026-10-07T23:40:42.7580521Z   Downloaded semver v1.0.28
linux	Build and exercise Rust, terminal and real-engine protocols	2026-10-07T23:40:42.7613837Z   Downloaded strum v0.28.0
linux	Build and exercise Rust, terminal and real-engine protocols	2026-10-07T23:40:42.7640535Z   Downloaded strsim v0.11.1
linux	Build and exercise Rust, terminal and real-engine protocols	2026-10-07T23:40:42.7641289Z   Downloaded serde_urlencoded v0.7.1
linux	Build and exercise Rust, terminal and real-engine protocols	2026-10-07T23:40:42.7660145Z   Downloaded shlex v2.0.1
linux	Build and exercise Rust, terminal and real-engine protocols	2026-10-07T23:40:42.7675910Z   Downloaded similar v2.7.0
linux	Build and exercise Rust, terminal and real-engine protocols	2026-10-07T23:40:42.7751330Z   Downloaded quinn-proto v0.11.19
linux	Build and exercise Rust, terminal and real-engine protocols	2026-10-07T23:40:42.7844682Z   Downloaded rand_core v0.10.1
linux	Build and exercise Rust, terminal and real-engine protocols	2026-10-07T23:40:42.7862245Z   Downloaded shell-words v1.1.1
linux	Build and exercise Rust, terminal and real-engine protocols	2026-10-07T23:40:42.7873838Z   Downloaded tree-sitter-language v0.1.8
linux	Build and exercise Rust, terminal and real-engine protocols	2026-10-07T23:40:42.7905953Z   Downloaded rustversion v1.0.23
linux	Build and exercise Rust, terminal and real-engine protocols	2026-10-07T23:40:42.7946147Z   Downloaded signal-hook-registry v1.4.8
linux	Build and exercise Rust, terminal and real-engine protocols	2026-10-07T23:40:42.7960980Z   Downloaded toml_writer v1.1.2+spec-1.1.0
linux	Build and exercise Rust, terminal and real-engine protocols	2026-10-07T23:40:42.7980552Z   Downloaded rustix-linux-procfs v0.1.1
linux	Build and exercise Rust, terminal and real-engine protocols	2026-10-07T23:40:42.8001374Z   Downloaded sha2 v0.10.9
linux	Build and exercise Rust, terminal and real-engine protocols	2026-10-07T23:40:42.8036135Z   Downloaded socket2 v0.6.5
linux	Build and exercise Rust, terminal and real-engine protocols	2026-10-07T23:40:42.8080860Z   Downloaded sync_wrapper v1.0.2
linux	Build and exercise Rust, terminal and real-engine protocols	2026-10-07T23:40:42.8090951Z   Downloaded synstructure v0.14.0
linux	Build and exercise Rust, terminal and real-engine protocols	2026-10-07T23:40:42.8091605Z   Downloaded terminfo v0.9.0
linux	Build and exercise Rust, terminal and real-engine protocols	2026-10-07T23:40:42.8113470Z   Downloaded time-core v0.1.9
linux	Build and exercise Rust, terminal and real-engine protocols	2026-10-07T23:40:42.8130490Z   Downloaded toml v0.9.12+spec-1.1.0
linux	Build and exercise Rust, terminal and real-engine protocols	2026-10-07T23:40:42.8190136Z   Downloaded toml_datetime v0.7.5+spec-1.1.0
linux	Build and exercise Rust, terminal and real-engine protocols	2026-10-07T23:40:42.8207134Z   Downloaded tower-layer v0.3.3
linux	Build and exercise Rust, terminal and real-engine protocols	2026-10-07T23:40:42.8219121Z   Downloaded either v1.18.0
linux	Build and exercise Rust, terminal and real-engine protocols	2026-10-07T23:40:42.8234228Z   Downloaded mio v1.2.4
linux	Build and exercise Rust, terminal and real-engine protocols	2026-10-07T23:40:42.8329150Z   Downloaded ratatui-core v0.1.2
linux	Build and exercise Rust, terminal and real-engine protocols	2026-10-07T23:40:42.8405571Z   Downloaded reqwest v0.12.28
linux	Build and exercise Rust, terminal and real-engine protocols	2026-10-07T23:40:42.8457424Z   Downloaded rustc_version v0.4.1
linux	Build and exercise Rust, terminal and real-engine protocols	2026-10-07T23:40:42.8469468Z   Downloaded ryu v1.0.23
linux	Build and exercise Rust, terminal and real-engine protocols	2026-10-07T23:40:42.8500880Z   Downloaded siphasher v1.0.4
linux	Build and exercise Rust, terminal and real-engine protocols	2026-10-07T23:40:42.8515212Z   Downloaded subtle v2.6.1
linux	Build and exercise Rust, terminal and real-engine protocols	2026-10-07T23:40:42.8527431Z   Downloaded thiserror-impl v2.0.21
linux	Build and exercise Rust, terminal and real-engine protocols	2026-10-07T23:40:42.8543167Z   Downloaded tokio-macros v2.7.2
linux	Build and exercise Rust, terminal and real-engine protocols	2026-10-07T23:40:42.8553661Z   Downloaded rand_pcg v0.10.2
linux	Build and exercise Rust, terminal and real-engine protocols	2026-10-07T23:40:42.8567809Z   Downloaded roxmltree v0.21.1
linux	Build and exercise Rust, terminal and real-engine protocols	2026-10-07T23:40:42.8699080Z   Downloaded serde_core v1.0.229
linux	Build and exercise Rust, terminal and real-engine protocols	2026-10-07T23:40:42.8727437Z   Downloaded static_assertions v1.1.0
linux	Build and exercise Rust, terminal and real-engine protocols	2026-10-07T23:40:42.8741253Z   Downloaded strum_macros v0.28.0
linux	Build and exercise Rust, terminal and real-engine protocols	2026-10-07T23:40:42.8767391Z   Downloaded tempfile v3.27.0
linux	Build and exercise Rust, terminal and real-engine protocols	2026-10-07T23:40:42.8794666Z   Downloaded termios v0.3.3
linux	Build and exercise Rust, terminal and real-engine protocols	2026-10-07T23:40:42.8814016Z   Downloaded thiserror v1.0.69
linux	Build and exercise Rust, terminal and real-engine protocols	2026-10-07T23:40:42.8874632Z   Downloaded tower-service v0.3.3
linux	Build and exercise Rust, terminal and real-engine protocols	2026-10-07T23:40:42.8883710Z   Downloaded tracing-core v0.1.36
linux	Build and exercise Rust, terminal and real-engine protocols	2026-10-07T23:40:42.8913928Z   Downloaded regex v1.13.1
linux	Build and exercise Rust, terminal and real-engine protocols	2026-10-07T23:40:42.8978478Z   Downloaded serde_derive v1.0.229
linux	Build and exercise Rust, terminal and real-engine protocols	2026-10-07T23:40:42.9010446Z   Downloaded serde_spanned v1.1.1
linux	Build and exercise Rust, terminal and real-engine protocols	2026-10-07T23:40:42.9026518Z   Downloaded simd-adler32 v0.3.10
linux	Build and exercise Rust, terminal and real-engine protocols	2026-10-07T23:40:42.9047138Z   Downloaded streaming-iterator v0.1.9
linux	Build and exercise Rust, terminal and real-engine protocols	2026-10-07T23:40:42.9058710Z   Downloaded tinyvec v1.13.3
linux	Build and exercise Rust, terminal and real-engine protocols	2026-10-07T23:40:42.9101372Z   Downloaded futures-task v0.3.34
linux	Build and exercise Rust, terminal and real-engine protocols	2026-10-07T23:40:42.9113472Z   Downloaded icu_normalizer v2.3.0
linux	Build and exercise Rust, terminal and real-engine protocols	2026-10-07T23:40:42.9232001Z   Downloaded thiserror v2.0.21
linux	Build and exercise Rust, terminal and real-engine protocols	2026-10-07T23:40:42.9304486Z   Downloaded tinystr v0.8.4
linux	Build and exercise Rust, terminal and real-engine protocols	2026-10-07T23:40:42.9326817Z   Downloaded try-lock v0.2.5
linux	Build and exercise Rust, terminal and real-engine protocols	2026-10-07T23:40:42.9337478Z   Downloaded phf_codegen v0.11.3
linux	Build and exercise Rust, terminal and real-engine protocols	2026-10-07T23:40:42.9346507Z   Downloaded typenum v1.20.1
linux	Build and exercise Rust, terminal and real-engine protocols	2026-10-07T23:40:42.9383088Z   Downloaded lru-slab v0.1.3
linux	Build and exercise Rust, terminal and real-engine protocols	2026-10-07T23:40:42.9392470Z   Downloaded signal-hook-mio v0.2.5
linux	Build and exercise Rust, terminal and real-engine protocols	2026-10-07T23:40:42.9405248Z   Downloaded vtparse v0.6.2
linux	Build and exercise Rust, terminal and real-engine protocols	2026-10-07T23:40:42.9413398Z   Downloaded rustc-hash v2.1.3
linux	Build and exercise Rust, terminal and real-engine protocols	2026-10-07T23:40:42.9427035Z   Downloaded wezterm-color-types v0.3.0
linux	Build and exercise Rust, terminal and real-engine protocols	2026-10-07T23:40:42.9435024Z   Downloaded rand_core v0.6.4
linux	Build and exercise Rust, terminal and real-engine protocols	2026-10-07T23:40:42.9451344Z   Downloaded serde v1.0.229
linux	Build and exercise Rust, terminal and real-engine protocols	2026-10-07T23:40:42.9490675Z   Downloaded thiserror-impl v1.0.69
linux	Build and exercise Rust, terminal and real-engine protocols	2026-10-07T23:40:42.9504766Z   Downloaded tokio-rustls v0.26.6
linux	Build and exercise Rust, terminal and real-engine protocols	2026-10-07T23:40:42.9521045Z   Downloaded slab v0.4.12
linux	Build and exercise Rust, terminal and real-engine protocols	2026-10-07T23:40:42.9534136Z   Downloaded fallible-iterator v0.3.0
linux	Build and exercise Rust, terminal and real-engine protocols	2026-10-07T23:40:42.9545908Z   Downloaded phf v0.11.3
linux	Build and exercise Rust, terminal and real-engine protocols	2026-10-07T23:40:42.9557263Z   Downloaded digest v0.10.7
linux	Build and exercise Rust, terminal and real-engine protocols	2026-10-07T23:40:42.9574434Z   Downloaded phf_generator v0.11.3
linux	Build and exercise Rust, terminal and real-engine protocols	2026-10-07T23:40:42.9584872Z   Downloaded pkg-config v0.3.34
linux	Build and exercise Rust, terminal and real-engine protocols	2026-10-07T23:40:42.9599090Z   Downloaded rand v0.10.3
linux	Build and exercise Rust, terminal and real-engine protocols	2026-10-07T23:40:42.9634954Z   Downloaded ratatui v0.30.2
linux	Build and exercise Rust, terminal and real-engine protocols	2026-10-07T23:40:42.9669913Z   Downloaded signal-hook v0.3.18
linux	Build and exercise Rust, terminal and real-engine protocols	2026-10-07T23:40:42.9699864Z   Downloaded tar v0.4.46
linux	Build and exercise Rust, terminal and real-engine protocols	2026-10-07T23:40:42.9727525Z   Downloaded toml_parser v1.1.3+spec-1.1.0
linux	Build and exercise Rust, terminal and real-engine protocols	2026-10-07T23:40:42.9748568Z   Downloaded ucd-trie v0.1.7
linux	Build and exercise Rust, terminal and real-engine protocols	2026-10-07T23:40:42.9761907Z   Downloaded unicode-ident v1.0.26
linux	Build and exercise Rust, terminal and real-engine protocols	2026-10-07T23:40:42.9789774Z   Downloaded unicode-truncate v2.0.1
linux	Build and exercise Rust, terminal and real-engine protocols	2026-10-07T23:40:42.9805530Z   Downloaded yoke v0.8.3
linux	Build and exercise Rust, terminal and real-engine protocols	2026-10-07T23:40:42.9822387Z   Downloaded fnv v1.0.7
linux	Build and exercise Rust, terminal and real-engine protocols	2026-10-07T23:40:42.9831609Z   Downloaded http-body v1.1.0
linux	Build and exercise Rust, terminal and real-engine protocols	2026-10-07T23:40:42.9840948Z   Downloaded is_terminal_polyfill v1.70.2
linux	Build and exercise Rust, terminal and real-engine protocols	2026-10-07T23:40:42.9849503Z   Downloaded maybe-owned v0.3.4
linux	Build and exercise Rust, terminal and real-engine protocols	2026-10-07T23:40:42.9861544Z   Downloaded rusqlite v0.37.0
linux	Build and exercise Rust, terminal and real-engine protocols	2026-10-07T23:40:42.9935863Z   Downloaded rustls-webpki v0.103.15
linux	Build and exercise Rust, terminal and real-engine protocols	2026-10-07T23:40:42.9967065Z   Downloaded serde_json v1.0.151
linux	Build and exercise Rust, terminal and real-engine protocols	2026-10-07T23:40:43.0039007Z   Downloaded termina v0.3.3
linux	Build and exercise Rust, terminal and real-engine protocols	2026-10-07T23:40:43.0076101Z   Downloaded tokio-util v0.7.19
linux	Build and exercise Rust, terminal and real-engine protocols	2026-10-07T23:40:43.0152968Z   Downloaded tower v0.5.3
linux	Build and exercise Rust, terminal and real-engine protocols	2026-10-07T23:40:43.0251572Z   Downloaded tower-http v0.6.11
linux	Build and exercise Rust, terminal and real-engine protocols	2026-10-07T23:40:43.0342648Z   Downloaded wezterm-dynamic v0.2.1
linux	Build and exercise Rust, terminal and real-engine protocols	2026-10-07T23:40:43.0355699Z   Downloaded yoke-derive v0.8.4
linux	Build and exercise Rust, terminal and real-engine protocols	2026-10-07T23:40:43.0369134Z   Downloaded anstyle v1.0.14
linux	Build and exercise Rust, terminal and real-engine protocols	2026-10-07T23:40:43.0383499Z   Downloaded atomic v0.6.1
linux	Build and exercise Rust, terminal and real-engine protocols	2026-10-07T23:40:43.0397042Z   Downloaded regex-syntax v0.8.11
linux	Build and exercise Rust, terminal and real-engine protocols	2026-10-07T23:40:43.0464666Z   Downloaded tree-sitter-python v0.25.0
linux	Build and exercise Rust, terminal and real-engine protocols	2026-10-07T23:40:43.0527443Z   Downloaded base64 v0.23.1
linux	Build and exercise Rust, terminal and real-engine protocols	2026-10-07T23:40:43.0565288Z   Downloaded crypto-common v0.1.7
linux	Build and exercise Rust, terminal and real-engine protocols	2026-10-07T23:40:43.0576794Z   Downloaded ratatui-widgets v0.3.2
linux	Build and exercise Rust, terminal and real-engine protocols	2026-10-07T23:40:43.0656497Z   Downloaded syn v1.0.109
linux	Build and exercise Rust, terminal and real-engine protocols	2026-10-07T23:40:43.0750135Z   Downloaded tree-sitter-javascript v0.25.0
linux	Build and exercise Rust, terminal and real-engine protocols	2026-10-07T23:40:43.0806740Z   Downloaded indoc v2.0.7
linux	Build and exercise Rust, terminal and real-engine protocols	2026-10-07T23:40:43.0835657Z   Downloaded litrs v1.0.0
linux	Build and exercise Rust, terminal and real-engine protocols	2026-10-07T23:40:43.0864554Z   Downloaded tree-sitter v0.25.10
linux	Build and exercise Rust, terminal and real-engine protocols	2026-10-07T23:40:43.0924462Z   Downloaded fallible-streaming-iterator v0.1.9
linux	Build and exercise Rust, terminal and real-engine protocols	2026-10-07T23:40:43.0933708Z   Downloaded heck v0.5.0
linux	Build and exercise Rust, terminal and real-engine protocols	2026-10-07T23:40:43.0945738Z   Downloaded phf_shared v0.11.3
linux	Build and exercise Rust, terminal and real-engine protocols	2026-10-07T23:40:43.0957335Z   Downloaded cap-std v4.0.3
linux	Build and exercise Rust, terminal and real-engine protocols	2026-10-07T23:40:43.0986599Z   Downloaded colorchoice v1.0.5
linux	Build and exercise Rust, terminal and real-engine protocols	2026-10-07T23:40:43.0996155Z   Downloaded bit-vec v0.6.3
linux	Build and exercise Rust, terminal and real-engine protocols	2026-10-07T23:40:43.1008441Z   Downloaded downcast-rs v1.2.1
linux	Build and exercise Rust, terminal and real-engine protocols	2026-10-07T23:40:43.1023135Z   Downloaded time v0.3.55
linux	Build and exercise Rust, terminal and real-engine protocols	2026-10-07T23:40:43.1169848Z   Downloaded zmij v1.0.23
linux	Build and exercise Rust, terminal and real-engine protocols	2026-10-07T23:40:43.1186643Z   Downloaded bit-set v0.5.3
linux	Build and exercise Rust, terminal and real-engine protocols	2026-10-07T23:40:43.1196732Z   Downloaded rustix v1.1.5
linux	Build and exercise Rust, terminal and real-engine protocols	2026-10-07T23:40:43.1462097Z   Downloaded zlib-rs v0.6.8
linux	Build and exercise Rust, terminal and real-engine protocols	2026-10-07T23:40:43.1513823Z   Downloaded cap-primitives v4.0.3
linux	Build and exercise Rust, terminal and real-engine protocols	2026-10-07T23:40:43.1620479Z   Downloaded cc v1.6.0
linux	Build and exercise Rust, terminal and real-engine protocols	2026-10-07T23:40:43.1654029Z   Downloaded errno v0.3.14
linux	Build and exercise Rust, terminal and real-engine protocols	2026-10-07T23:40:43.1668751Z   Downloaded hashlink v0.10.0
linux	Build and exercise Rust, terminal and real-engine protocols	2026-10-07T23:40:43.1686326Z   Downloaded hyper-util v0.1.21
linux	Build and exercise Rust, terminal and real-engine protocols	2026-10-07T23:40:43.1750845Z   Downloaded ident_case v1.0.1
linux	Build and exercise Rust, terminal and real-engine protocols	2026-10-07T23:40:43.1759289Z   Downloaded libm v0.2.16
linux	Build and exercise Rust, terminal and real-engine protocols	2026-10-07T23:40:43.1865931Z   Downloaded once_cell v1.21.4
linux	Build and exercise Rust, terminal and real-engine protocols	2026-10-07T23:40:43.1890021Z   Downloaded pest_derive v2.9.2
linux	Build and exercise Rust, terminal and real-engine protocols	2026-10-07T23:40:43.1912228Z   Downloaded phf_macros v0.11.3
linux	Build and exercise Rust, terminal and real-engine protocols	2026-10-07T23:40:43.1921500Z   Downloaded pin-project-lite v0.2.17
linux	Build and exercise Rust, terminal and real-engine protocols	2026-10-07T23:40:43.1977829Z   Downloaded rustls v0.23.45
linux	Build and exercise Rust, terminal and real-engine protocols	2026-10-07T23:40:43.2092228Z   Downloaded syn v2.0.119
linux	Build and exercise Rust, terminal and real-engine protocols	2026-10-07T23:40:43.2193301Z   Downloaded syn v3.0.6
linux	Build and exercise Rust, terminal and real-engine protocols	2026-10-07T23:40:43.2295147Z   Downloaded termwiz v0.23.3
linux	Build and exercise Rust, terminal and real-engine protocols	2026-10-07T23:40:43.2420745Z   Downloaded tracing v0.1.44
linux	Build and exercise Rust, terminal and real-engine protocols	2026-10-07T23:40:43.2586221Z   Downloaded tree-sitter-rust v0.24.2
linux	Build and exercise Rust, terminal and real-engine protocols	2026-10-07T23:40:43.2691210Z   Downloaded utf8parse v0.2.2
linux	Build and exercise Rust, terminal and real-engine protocols	2026-10-07T23:40:43.2700392Z   Downloaded version_check v0.9.5
linux	Build and exercise Rust, terminal and real-engine protocols	2026-10-07T23:40:43.2712826Z   Downloaded vte_generate_state_changes v0.1.2
linux	Build and exercise Rust, terminal and real-engine protocols	2026-10-07T23:40:43.2719600Z   Downloaded clap_derive v4.6.7
linux	Build and exercise Rust, terminal and real-engine protocols	2026-10-07T23:40:43.2742415Z   Downloaded equivalent v1.0.2
linux	Build and exercise Rust, terminal and real-engine protocols	2026-10-07T23:40:43.2752436Z   Downloaded minimal-lexical v0.2.1
linux	Build and exercise Rust, terminal and real-engine protocols	2026-10-07T23:40:43.2795887Z   Downloaded pest v2.9.2
linux	Build and exercise Rust, terminal and real-engine protocols	2026-10-07T23:40:43.2841107Z   Downloaded regex-automata v0.4.18
linux	Build and exercise Rust, terminal and real-engine protocols	2026-10-07T23:40:43.2976725Z   Downloaded unicode-segmentation v1.13.3
linux	Build and exercise Rust, terminal and real-engine protocols	2026-10-07T23:40:43.3005032Z   Downloaded uuid v1.27.0
linux	Build and exercise Rust, terminal and real-engine protocols	2026-10-07T23:40:43.3033656Z   Downloaded wezterm-input-types v0.1.0
linux	Build and exercise Rust, terminal and real-engine protocols	2026-10-07T23:40:43.3041508Z   Downloaded csscolorparser v0.6.2
linux	Build and exercise Rust, terminal and real-engine protocols	2026-10-07T23:40:43.3053165Z   Downloaded anyhow v1.0.104
linux	Build and exercise Rust, terminal and real-engine protocols	2026-10-07T23:40:43.3093052Z   Downloaded vte v0.11.1
linux	Build and exercise Rust, terminal and real-engine protocols	2026-10-07T23:40:43.3112466Z   Downloaded wezterm-dynamic-derive v0.1.1
linux	Build and exercise Rust, terminal and real-engine protocols	2026-10-07T23:40:43.3122223Z   Downloaded anstyle-parse v1.0.0
linux	Build and exercise Rust, terminal and real-engine protocols	2026-10-07T23:40:43.3138313Z   Downloaded untrusted v0.9.0
linux	Build and exercise Rust, terminal and real-engine protocols	2026-10-07T23:40:43.3154761Z   Downloaded fancy-regex v0.11.0
linux	Build and exercise Rust, terminal and real-engine protocols	2026-10-07T23:40:43.3185609Z   Downloaded ambient-authority v0.0.2
linux	Build and exercise Rust, terminal and real-engine protocols	2026-10-07T23:40:43.3197493Z   Downloaded anstyle-query v1.1.5
linux	Build and exercise Rust, terminal and real-engine protocols	2026-10-07T23:40:43.3208832Z   Downloaded cfg-if v1.0.5
linux	Build and exercise Rust, terminal and real-engine protocols	2026-10-07T23:40:43.3221786Z   Downloaded vcpkg v0.2.15
linux	Build and exercise Rust, terminal and real-engine protocols	2026-10-07T23:40:43.3736029Z   Downloaded crossterm v0.29.0
linux	Build and exercise Rust, terminal and real-engine protocols	2026-10-07T23:40:43.3803087Z   Downloaded darling_macro v0.24.1
linux	Build and exercise Rust, terminal and real-engine protocols	2026-10-07T23:40:43.3809407Z   Downloaded fastrand v2.5.0
linux	Build and exercise Rust, terminal and real-engine protocols	2026-10-07T23:40:43.3822602Z   Downloaded tokio v1.53.2
linux	Build and exercise Rust, terminal and real-engine protocols	2026-10-07T23:40:43.4258923Z   Downloaded unicode-width v0.1.14
linux	Build and exercise Rust, terminal and real-engine protocols	2026-10-07T23:40:43.4311922Z   Downloaded unicode-width v0.2.0
linux	Build and exercise Rust, terminal and real-engine protocols	2026-10-07T23:40:43.4364713Z   Downloaded url v2.5.8
linux	Build and exercise Rust, terminal and real-engine protocols	2026-10-07T23:40:43.4389198Z   Downloaded vt100 v0.15.2
linux	Build and exercise Rust, terminal and real-engine protocols	2026-10-07T23:40:43.4404483Z   Downloaded winnow v1.0.4
linux	Build and exercise Rust, terminal and real-engine protocols	2026-10-07T23:40:43.4499192Z   Downloaded wezterm-blob-leases v0.1.1
linux	Build and exercise Rust, terminal and real-engine protocols	2026-10-07T23:40:43.4509515Z   Downloaded winnow v0.7.15
linux	Build and exercise Rust, terminal and real-engine protocols	2026-10-07T23:40:43.4602265Z   Downloaded cfg_aliases v0.1.1
linux	Build and exercise Rust, terminal and real-engine protocols	2026-10-07T23:40:43.4609705Z   Downloaded euclid v0.22.14
linux	Build and exercise Rust, terminal and real-engine protocols	2026-10-07T23:40:43.4640329Z   Downloaded want v0.3.2
linux	Build and exercise Rust, terminal and real-engine protocols	2026-10-07T23:40:43.4649437Z   Downloaded zerofrom v0.1.8
linux	Build and exercise Rust, terminal and real-engine protocols	2026-10-07T23:40:43.4658844Z   Downloaded aho-corasick v1.1.5
linux	Build and exercise Rust, terminal and real-engine protocols	2026-10-07T23:40:43.4709477Z   Downloaded allocator-api2 v0.2.21
linux	Build and exercise Rust, terminal and real-engine protocols	2026-10-07T23:40:43.4734489Z   Downloaded base64 v0.22.1
linux	Build and exercise Rust, terminal and real-engine protocols	2026-10-07T23:40:43.4770387Z   Downloaded bitflags v1.3.2
linux	Build and exercise Rust, terminal and real-engine protocols	2026-10-07T23:40:43.4801440Z   Downloaded ring v0.17.14
linux	Build and exercise Rust, terminal and real-engine protocols	2026-10-07T23:40:43.5204032Z   Downloaded finl_unicode v1.5.0
linux	Build and exercise Rust, terminal and real-engine protocols	2026-10-07T23:40:43.5243895Z   Downloaded chacha20 v0.10.2
linux	Build and exercise Rust, terminal and real-engine protocols	2026-10-07T23:40:43.5266804Z   Downloaded zerotrie v0.2.5
linux	Build and exercise Rust, terminal and real-engine protocols	2026-10-07T23:40:43.5304972Z   Downloaded darling v0.24.1
linux	Build and exercise Rust, terminal and real-engine protocols	2026-10-07T23:40:43.5369685Z   Downloaded cfg_aliases v0.2.2
linux	Build and exercise Rust, terminal and real-engine protocols	2026-10-07T23:40:43.5379246Z   Downloaded clap_lex v1.1.1
linux	Build and exercise Rust, terminal and real-engine protocols	2026-10-07T23:40:43.5389775Z   Downloaded document-features v0.2.12
linux	Build and exercise Rust, terminal and real-engine protocols	2026-10-07T23:40:43.5402354Z   Downloaded xattr v1.6.1
linux	Build and exercise Rust, terminal and real-engine protocols	2026-10-07T23:40:43.5419950Z   Downloaded atomic-waker v1.1.2
linux	Build and exercise Rust, terminal and real-engine protocols	2026-10-07T23:40:43.5431841Z   Downloaded cpufeatures v0.3.1
linux	Build and exercise Rust, terminal and real-engine protocols	2026-10-07T23:40:43.5445620Z   Downloaded critical-section v1.2.0
linux	Build and exercise Rust, terminal and real-engine protocols	2026-10-07T23:40:43.5461051Z   Downloaded displaydoc v0.2.7
linux	Build and exercise Rust, terminal and real-engine protocols	2026-10-07T23:40:43.5480198Z   Downloaded filedescriptor v0.8.3
linux	Build and exercise Rust, terminal and real-engine protocols	2026-10-07T23:40:43.5489664Z   Downloaded find-msvc-tools v0.1.14
linux	Build and exercise Rust, terminal and real-engine protocols	2026-10-07T23:40:43.5505597Z   Downloaded zerofrom-derive v0.1.8
linux	Build and exercise Rust, terminal and real-engine protocols	2026-10-07T23:40:43.5515544Z   Downloaded bitflags v2.13.2
linux	Build and exercise Rust, terminal and real-engine protocols	2026-10-07T23:40:43.5558779Z   Downloaded bytemuck v1.25.2
linux	Build and exercise Rust, terminal and real-engine protocols	2026-10-07T23:40:43.5601750Z   Downloaded clap v4.6.7
linux	Build and exercise Rust, terminal and real-engine protocols	2026-10-07T23:40:43.5687714Z   Downloaded compact_str v0.9.1
linux	Build and exercise Rust, terminal and real-engine protocols	2026-10-07T23:40:43.5721413Z   Downloaded convert_case v0.10.0
linux	Build and exercise Rust, terminal and real-engine protocols	2026-10-07T23:40:43.5737650Z   Downloaded darling_core v0.24.1
linux	Build and exercise Rust, terminal and real-engine protocols	2026-10-07T23:40:43.5795305Z   Downloaded derive_more-impl v2.1.1
linux	Build and exercise Rust, terminal and real-engine protocols	2026-10-07T23:40:43.5847042Z   Downloaded hashbrown v0.17.1
linux	Build and exercise Rust, terminal and real-engine protocols	2026-10-07T23:40:43.5897960Z   Downloaded icu_normalizer_data v2.3.0
linux	Build and exercise Rust, terminal and real-engine protocols	2026-10-07T23:40:43.5918575Z   Downloaded io-lifetimes v2.0.4
linux	Build and exercise Rust, terminal and real-engine protocols	2026-10-07T23:40:43.5934747Z   Downloaded zerovec v0.11.8
linux	Build and exercise Rust, terminal and real-engine protocols	2026-10-07T23:40:43.5992372Z   Downloaded bytes v1.12.1
linux	Build and exercise Rust, terminal and real-engine protocols	2026-10-07T23:40:43.6026237Z   Downloaded clap_builder v4.6.7
linux	Build and exercise Rust, terminal and real-engine protocols	2026-10-07T23:40:43.6087292Z   Downloaded crc32fast v1.5.2
linux	Build and exercise Rust, terminal and real-engine protocols	2026-10-07T23:40:43.6106784Z   Downloaded zerovec-derive v0.11.6
linux	Build and exercise Rust, terminal and real-engine protocols	2026-10-07T23:40:43.6122994Z   Downloaded castaway v0.2.4
linux	Build and exercise Rust, terminal and real-engine protocols	2026-10-07T23:40:43.6136301Z   Downloaded proc-macro2 v1.0.107
linux	Build and exercise Rust, terminal and real-engine protocols	2026-10-07T23:40:43.6164181Z   Downloaded deranged v0.5.8
linux	Build and exercise Rust, terminal and real-engine protocols	2026-10-07T23:40:43.6178323Z   Downloaded lock_api v0.4.14
linux	Build and exercise Rust, terminal and real-engine protocols	2026-10-07T23:40:43.6190596Z   Downloaded ordered-float v4.6.0
linux	Build and exercise Rust, terminal and real-engine protocols	2026-10-07T23:40:43.6204607Z   Downloaded lazy_static v1.5.1
linux	Build and exercise Rust, terminal and real-engine protocols	2026-10-07T23:40:43.6220932Z   Downloaded pest_meta v2.9.2
linux	Build and exercise Rust, terminal and real-engine protocols	2026-10-07T23:40:43.6240494Z   Downloaded idna_adapter v1.2.2
linux	Build and exercise Rust, terminal and real-engine protocols	2026-10-07T23:40:43.6249157Z   Downloaded potential_utf v0.1.6
linux	Build and exercise Rust, terminal and real-engine protocols	2026-10-07T23:40:43.6259596Z   Downloaded writeable v0.6.4
linux	Build and exercise Rust, terminal and real-engine protocols	2026-10-07T23:40:43.6279975Z   Downloaded num-traits v0.2.19
linux	Build and exercise Rust, terminal and real-engine protocols	2026-10-07T23:40:43.6305460Z   Downloaded approx v0.5.1
linux	Build and exercise Rust, terminal and real-engine protocols	2026-10-07T23:40:43.6321995Z   Downloaded httparse v1.10.1
linux	Build and exercise Rust, terminal and real-engine protocols	2026-10-07T23:40:43.6345539Z   Downloaded anstream v1.0.0
linux	Build and exercise Rust, terminal and real-engine protocols	2026-10-07T23:40:43.6364710Z   Downloaded hashbrown v0.15.5
linux	Build and exercise Rust, terminal and real-engine protocols	2026-10-07T23:40:43.6411402Z   Downloaded lab v0.11.0
linux	Build and exercise Rust, terminal and real-engine protocols	2026-10-07T23:40:43.6424368Z   Downloaded powerfmt v0.2.1
linux	Build and exercise Rust, terminal and real-engine protocols	2026-10-07T23:40:43.6436411Z   Downloaded block-buffer v0.10.4
linux	Build and exercise Rust, terminal and real-engine protocols	2026-10-07T23:40:43.6446419Z   Downloaded by_address v1.2.1
linux	Build and exercise Rust, terminal and real-engine protocols	2026-10-07T23:40:43.6454203Z   Downloaded derive_more v2.1.1
linux	Build and exercise Rust, terminal and real-engine protocols	2026-10-07T23:40:43.6579569Z   Downloaded wezterm-bidi v0.2.3
linux	Build and exercise Rust, terminal and real-engine protocols	2026-10-07T23:40:43.6598439Z   Downloaded autocfg v1.5.1
linux	Build and exercise Rust, terminal and real-engine protocols	2026-10-07T23:40:43.6616252Z   Downloaded cpufeatures v0.2.17
linux	Build and exercise Rust, terminal and real-engine protocols	2026-10-07T23:40:43.6628801Z   Downloaded zeroize v1.9.0
linux	Build and exercise Rust, terminal and real-engine protocols	2026-10-07T23:40:43.6644098Z   Downloaded arrayvec v0.7.8
linux	Build and exercise Rust, terminal and real-engine protocols	2026-10-07T23:40:43.6664677Z   Downloaded portable-pty v0.9.0
linux	Build and exercise Rust, terminal and real-engine protocols	2026-10-07T23:40:43.6684800Z   Downloaded futures-core v0.3.34
linux	Build and exercise Rust, terminal and real-engine protocols	2026-10-07T23:40:43.6698197Z   Downloaded memoffset v0.9.1
linux	Build and exercise Rust, terminal and real-engine protocols	2026-10-07T23:40:43.6709962Z   Downloaded nix v0.29.0
linux	Build and exercise Rust, terminal and real-engine protocols	2026-10-07T23:40:43.6818436Z   Downloaded nom v7.1.3
linux	Build and exercise Rust, terminal and real-engine protocols	2026-10-07T23:40:43.6868755Z   Downloaded palette_math v0.7.7
linux	Build and exercise Rust, terminal and real-engine protocols	2026-10-07T23:40:43.6883027Z   Downloaded http v1.5.0
linux	Build and exercise Rust, terminal and real-engine protocols	2026-10-07T23:40:43.6918112Z   Downloaded futures-channel v0.3.34
linux	Build and exercise Rust, terminal and real-engine protocols	2026-10-07T23:40:43.6936084Z   Downloaded hex v0.4.3
linux	Build and exercise Rust, terminal and real-engine protocols	2026-10-07T23:40:43.6951328Z   Downloaded form_urlencoded v1.2.2
linux	Build and exercise Rust, terminal and real-engine protocols	2026-10-07T23:40:43.6959043Z   Downloaded num-derive v0.4.2
linux	Build and exercise Rust, terminal and real-engine protocols	2026-10-07T23:40:43.6976848Z   Downloaded openssl-probe v0.2.1
linux	Build and exercise Rust, terminal and real-engine protocols	2026-10-07T23:40:43.6988078Z   Downloaded utf8_iter v1.0.4
linux	Build and exercise Rust, terminal and real-engine protocols	2026-10-07T23:40:43.6998034Z   Downloaded pest_generator v2.9.2
linux	Build and exercise Rust, terminal and real-engine protocols	2026-10-07T23:40:43.7010423Z   Downloaded instability v0.3.14
linux	Build and exercise Rust, terminal and real-engine protocols	2026-10-07T23:40:43.7024755Z   Downloaded itoa v1.0.18
linux	Build and exercise Rust, terminal and real-engine protocols	2026-10-07T23:40:43.7038426Z   Downloaded line-clipping v0.3.8
linux	Build and exercise Rust, terminal and real-engine protocols	2026-10-07T23:40:43.7053931Z   Downloaded lru v0.18.5
linux	Build and exercise Rust, terminal and real-engine protocols	2026-10-07T23:40:43.7066296Z   Downloaded getrandom v0.2.17
linux	Build and exercise Rust, terminal and real-engine protocols	2026-10-07T23:40:43.7094053Z   Downloaded getrandom v0.3.4
linux	Build and exercise Rust, terminal and real-engine protocols	2026-10-07T23:40:43.7127273Z   Downloaded parking_lot_core v0.9.12
linux	Build and exercise Rust, terminal and real-engine protocols	2026-10-07T23:40:43.7147865Z   Downloaded hyper-rustls v0.27.10
linux	Build and exercise Rust, terminal and real-engine protocols	2026-10-07T23:40:43.7162006Z   Downloaded icu_collections v2.3.0
linux	Build and exercise Rust, terminal and real-engine protocols	2026-10-07T23:40:43.7221645Z   Downloaded io-extras v0.19.0
linux	Build and exercise Rust, terminal and real-engine protocols	2026-10-07T23:40:43.7242618Z   Downloaded memchr v2.8.3
linux	Build and exercise Rust, terminal and real-engine protocols	2026-10-07T23:40:43.7295705Z   Downloaded idna v1.1.0
linux	Build and exercise Rust, terminal and real-engine protocols	2026-10-07T23:40:43.7329206Z   Downloaded hashbrown v0.16.1
linux	Build and exercise Rust, terminal and real-engine protocols	2026-10-07T23:40:43.7378019Z   Downloaded hyper v1.11.1
linux	Build and exercise Rust, terminal and real-engine protocols	2026-10-07T23:40:43.7445263Z   Downloaded futures-util v0.3.34
linux	Build and exercise Rust, terminal and real-engine protocols	2026-10-07T23:40:43.7577411Z   Downloaded kasuari v0.4.12
linux	Build and exercise Rust, terminal and real-engine protocols	2026-10-07T23:40:43.7599650Z   Downloaded icu_properties v2.3.0
linux	Build and exercise Rust, terminal and real-engine protocols	2026-10-07T23:40:43.7630525Z   Downloaded nix v0.28.0
linux	Build and exercise Rust, terminal and real-engine protocols	2026-10-07T23:40:43.7736155Z   Downloaded palette v0.7.7
linux	Build and exercise Rust, terminal and real-engine protocols	2026-10-07T23:40:43.7855116Z   Downloaded portable-atomic v1.15.0
linux	Build and exercise Rust, terminal and real-engine protocols	2026-10-07T23:40:43.7926811Z   Downloaded deltae v0.3.2
linux	Build and exercise Rust, terminal and real-engine protocols	2026-10-07T23:40:43.8093217Z   Downloaded linux-raw-sys v0.12.1
linux	Build and exercise Rust, terminal and real-engine protocols	2026-10-07T23:40:43.8700910Z   Downloaded libsqlite3-sys v0.35.0
linux	Build and exercise Rust, terminal and real-engine protocols	2026-10-07T23:40:43.9285599Z   Downloaded foldhash v0.2.0
linux	Build and exercise Rust, terminal and real-engine protocols	2026-10-07T23:40:43.9297239Z   Downloaded num_threads v0.1.7
linux	Build and exercise Rust, terminal and real-engine protocols	2026-10-07T23:40:43.9307752Z   Downloaded flate2 v1.1.10
linux	Build and exercise Rust, terminal and real-engine protocols	2026-10-07T23:40:43.9354703Z   Downloaded futures-io v0.3.34
linux	Build and exercise Rust, terminal and real-engine protocols	2026-10-07T23:40:43.9363000Z   Downloaded http-body-util v0.1.5
linux	Build and exercise Rust, terminal and real-engine protocols	2026-10-07T23:40:43.9382363Z   Downloaded futures-macro v0.3.34
linux	Build and exercise Rust, terminal and real-engine protocols	2026-10-07T23:40:43.9392433Z   Downloaded fixedbitset v0.4.2
linux	Build and exercise Rust, terminal and real-engine protocols	2026-10-07T23:40:43.9404899Z   Downloaded icu_provider v2.3.1
linux	Build and exercise Rust, terminal and real-engine protocols	2026-10-07T23:40:43.9430203Z   Downloaded io-lifetimes v3.0.1
linux	Build and exercise Rust, terminal and real-engine protocols	2026-10-07T23:40:43.9446625Z   Downloaded percent-encoding v2.3.2
linux	Build and exercise Rust, terminal and real-engine protocols	2026-10-07T23:40:43.9455060Z   Downloaded fs2 v0.4.3
linux	Build and exercise Rust, terminal and real-engine protocols	2026-10-07T23:40:43.9465851Z   Downloaded generic-array v0.14.7
linux	Build and exercise Rust, terminal and real-engine protocols	2026-10-07T23:40:43.9479632Z   Downloaded memmem v0.1.1
linux	Build and exercise Rust, terminal and real-engine protocols	2026-10-07T23:40:43.9488817Z   Downloaded miniz_oxide v0.9.1
linux	Build and exercise Rust, terminal and real-engine protocols	2026-10-07T23:40:43.9513150Z   Downloaded itertools v0.14.0
linux	Build and exercise Rust, terminal and real-engine protocols	2026-10-07T23:40:43.9579877Z   Downloaded filetime v0.2.29
linux	Build and exercise Rust, terminal and real-engine protocols	2026-10-07T23:40:43.9595380Z   Downloaded parking_lot v0.12.5
linux	Build and exercise Rust, terminal and real-engine protocols	2026-10-07T23:40:43.9619068Z   Downloaded nix v0.30.1
linux	Build and exercise Rust, terminal and real-engine protocols	2026-10-07T23:40:43.9730243Z   Downloaded indexmap v2.14.2
linux	Build and exercise Rust, terminal and real-engine protocols	2026-10-07T23:40:43.9771199Z   Downloaded num-conv v0.2.2
linux	Build and exercise Rust, terminal and real-engine protocols	2026-10-07T23:40:43.9778927Z   Downloaded futures-sink v0.3.34
linux	Build and exercise Rust, terminal and real-engine protocols	2026-10-07T23:40:43.9786844Z   Downloaded getrandom v0.4.3
linux	Build and exercise Rust, terminal and real-engine protocols	2026-10-07T23:40:43.9822409Z   Downloaded ipnet v2.12.2
linux	Build and exercise Rust, terminal and real-engine protocols	2026-10-07T23:40:43.9838596Z   Downloaded icu_properties_data v2.3.0
linux	Build and exercise Rust, terminal and real-engine protocols	2026-10-07T23:40:43.9942737Z   Downloaded palette_derive v0.7.7
linux	Build and exercise Rust, terminal and real-engine protocols	2026-10-07T23:40:43.9959092Z   Downloaded icu_locale_core v2.3.0
linux	Build and exercise Rust, terminal and real-engine protocols	2026-10-07T23:40:44.0025134Z   Downloaded log v0.4.34
linux	Build and exercise Rust, terminal and real-engine protocols	2026-10-07T23:40:44.0048163Z   Downloaded libc v0.2.190
linux	Build and exercise Rust, terminal and real-engine protocols	2026-10-07T23:40:44.0502023Z   Downloaded mac_address v1.2.0
linux	Build and exercise Rust, terminal and real-engine protocols	2026-10-07T23:40:44.0516382Z   Downloaded litemap v0.8.3
linux	Build and exercise Rust, terminal and real-engine protocols	2026-10-07T23:40:44.1986083Z    Compiling proc-macro2 v1.0.107
linux	Build and exercise Rust, terminal and real-engine protocols	2026-10-07T23:40:44.1986690Z    Compiling unicode-ident v1.0.26
linux	Build and exercise Rust, terminal and real-engine protocols	2026-10-07T23:40:44.1987191Z    Compiling quote v1.0.47
linux	Build and exercise Rust, terminal and real-engine protocols	2026-10-07T23:40:44.1987585Z    Compiling libc v0.2.190
linux	Build and exercise Rust, terminal and real-engine protocols	2026-10-07T23:40:44.2711311Z    Compiling cfg-if v1.0.5
linux	Build and exercise Rust, terminal and real-engine protocols	2026-10-07T23:40:44.2965350Z    Compiling shlex v2.0.1
linux	Build and exercise Rust, terminal and real-engine protocols	2026-10-07T23:40:44.3841071Z    Compiling find-msvc-tools v0.1.14
linux	Build and exercise Rust, terminal and real-engine protocols	2026-10-07T23:40:44.4300949Z    Compiling itoa v1.0.18
linux	Build and exercise Rust, terminal and real-engine protocols	2026-10-07T23:40:44.5432812Z    Compiling cc v1.6.0
linux	Build and exercise Rust, terminal and real-engine protocols	2026-10-07T23:40:44.5483001Z    Compiling bitflags v2.13.2
linux	Build and exercise Rust, terminal and real-engine protocols	2026-10-07T23:40:44.7021104Z    Compiling smallvec v1.16.2
linux	Build and exercise Rust, terminal and real-engine protocols	2026-10-07T23:40:45.0316113Z    Compiling syn v3.0.6
linux	Build and exercise Rust, terminal and real-engine protocols	2026-10-07T23:40:45.0591479Z    Compiling log v0.4.34
linux	Build and exercise Rust, terminal and real-engine protocols	2026-10-07T23:40:45.1730808Z    Compiling stable_deref_trait v1.2.1
linux	Build and exercise Rust, terminal and real-engine protocols	2026-10-07T23:40:45.2020903Z    Compiling equivalent v1.0.2
linux	Build and exercise Rust, terminal and real-engine protocols	2026-10-07T23:40:45.2351048Z    Compiling parking_lot_core v0.9.12
linux	Build and exercise Rust, terminal and real-engine protocols	2026-10-07T23:40:45.3431039Z    Compiling scopeguard v1.2.0
linux	Build and exercise Rust, terminal and real-engine protocols	2026-10-07T23:40:45.3851407Z    Compiling futures-core v0.3.34
linux	Build and exercise Rust, terminal and real-engine protocols	2026-10-07T23:40:45.4517079Z    Compiling lock_api v0.4.14
linux	Build and exercise Rust, terminal and real-engine protocols	2026-10-07T23:40:45.6601839Z    Compiling syn v2.0.119
linux	Build and exercise Rust, terminal and real-engine protocols	2026-10-07T23:40:46.1533605Z    Compiling errno v0.3.14
linux	Build and exercise Rust, terminal and real-engine protocols	2026-10-07T23:40:46.2201500Z    Compiling signal-hook-registry v1.4.8
linux	Build and exercise Rust, terminal and real-engine protocols	2026-10-07T23:40:46.2260783Z    Compiling mio v1.2.4
linux	Build and exercise Rust, terminal and real-engine protocols	2026-10-07T23:40:46.5721059Z    Compiling parking_lot v0.12.5
linux	Build and exercise Rust, terminal and real-engine protocols	2026-10-07T23:40:46.6531544Z    Compiling rustix v1.1.5
linux	Build and exercise Rust, terminal and real-engine protocols	2026-10-07T23:40:46.8595053Z    Compiling bytes v1.12.1
linux	Build and exercise Rust, terminal and real-engine protocols	2026-10-07T23:40:46.8661059Z    Compiling pin-project-lite v0.2.17
linux	Build and exercise Rust, terminal and real-engine protocols	2026-10-07T23:40:46.9081051Z    Compiling memchr v2.8.3
linux	Build and exercise Rust, terminal and real-engine protocols	2026-10-07T23:40:47.4816842Z    Compiling once_cell v1.21.4
linux	Build and exercise Rust, terminal and real-engine protocols	2026-10-07T23:40:47.4971252Z    Compiling tree-sitter-language v0.1.8
linux	Build and exercise Rust, terminal and real-engine protocols	2026-10-07T23:40:47.5830995Z    Compiling linux-raw-sys v0.12.1
linux	Build and exercise Rust, terminal and real-engine protocols	2026-10-07T23:40:47.6407009Z    Compiling zmij v1.0.23
linux	Build and exercise Rust, terminal and real-engine protocols	2026-10-07T23:40:47.7801468Z    Compiling socket2 v0.6.5
linux	Build and exercise Rust, terminal and real-engine protocols	2026-10-07T23:40:48.0541468Z    Compiling unicode-segmentation v1.13.3
linux	Build and exercise Rust, terminal and real-engine protocols	2026-10-07T23:40:48.1831411Z    Compiling litemap v0.8.3
linux	Build and exercise Rust, terminal and real-engine protocols	2026-10-07T23:40:48.3286140Z    Compiling serde_core v1.0.229
linux	Build and exercise Rust, terminal and real-engine protocols	2026-10-07T23:40:48.4071443Z    Compiling synstructure v0.14.0
linux	Build and exercise Rust, terminal and real-engine protocols	2026-10-07T23:40:48.4731091Z    Compiling version_check v0.9.5
linux	Build and exercise Rust, terminal and real-engine protocols	2026-10-07T23:40:48.6821016Z    Compiling writeable v0.6.4
linux	Build and exercise Rust, terminal and real-engine protocols	2026-10-07T23:40:48.8541432Z    Compiling strsim v0.11.1
linux	Build and exercise Rust, terminal and real-engine protocols	2026-10-07T23:40:48.9401212Z    Compiling generic-array v0.14.7
linux	Build and exercise Rust, terminal and real-engine protocols	2026-10-07T23:40:49.1001024Z    Compiling ring v0.17.14
linux	Build and exercise Rust, terminal and real-engine protocols	2026-10-07T23:40:49.3420721Z    Compiling foldhash v0.2.0
linux	Build and exercise Rust, terminal and real-engine protocols	2026-10-07T23:40:49.4391365Z    Compiling heck v0.5.0
linux	Build and exercise Rust, terminal and real-engine protocols	2026-10-07T23:40:49.4461141Z    Compiling icu_normalizer_data v2.3.0
linux	Build and exercise Rust, terminal and real-engine protocols	2026-10-07T23:40:49.5431495Z    Compiling utf8_iter v1.0.4
linux	Build and exercise Rust, terminal and real-engine protocols	2026-10-07T23:40:49.5850803Z    Compiling rustversion v1.0.23
linux	Build and exercise Rust, terminal and real-engine protocols	2026-10-07T23:40:49.6281514Z    Compiling allocator-api2 v0.2.21
linux	Build and exercise Rust, terminal and real-engine protocols	2026-10-07T23:40:49.8839218Z    Compiling icu_properties_data v2.3.0
linux	Build and exercise Rust, terminal and real-engine protocols	2026-10-07T23:40:50.1521550Z    Compiling zerofrom-derive v0.1.8
linux	Build and exercise Rust, terminal and real-engine protocols	2026-10-07T23:40:51.2342266Z    Compiling zerofrom v0.1.8
linux	Build and exercise Rust, terminal and real-engine protocols	2026-10-07T23:40:51.2511198Z    Compiling yoke-derive v0.8.4
linux	Build and exercise Rust, terminal and real-engine protocols	2026-10-07T23:40:51.2941057Z    Compiling zerovec-derive v0.11.6
linux	Build and exercise Rust, terminal and real-engine protocols	2026-10-07T23:40:52.1010856Z    Compiling yoke v0.8.3
linux	Build and exercise Rust, terminal and real-engine protocols	2026-10-07T23:40:52.1120928Z    Compiling displaydoc v0.2.7
linux	Build and exercise Rust, terminal and real-engine protocols	2026-10-07T23:40:52.2510871Z    Compiling tokio-macros v2.7.2
linux	Build and exercise Rust, terminal and real-engine protocols	2026-10-07T23:40:52.2601279Z    Compiling zerovec v0.11.8
linux	Build and exercise Rust, terminal and real-engine protocols	2026-10-07T23:40:52.6081485Z    Compiling zerotrie v0.2.5
linux	Build and exercise Rust, terminal and real-engine protocols	2026-10-07T23:40:52.7399567Z    Compiling tinystr v0.8.4
linux	Build and exercise Rust, terminal and real-engine protocols	2026-10-07T23:40:52.7541231Z    Compiling tokio v1.53.2
linux	Build and exercise Rust, terminal and real-engine protocols	2026-10-07T23:40:52.8185870Z    Compiling potential_utf v0.1.6
linux	Build and exercise Rust, terminal and real-engine protocols	2026-10-07T23:40:52.8620992Z    Compiling icu_locale_core v2.3.0
linux	Build and exercise Rust, terminal and real-engine protocols	2026-10-07T23:40:52.8899304Z    Compiling icu_collections v2.3.0
linux	Build and exercise Rust, terminal and real-engine protocols	2026-10-07T23:40:53.2271115Z    Compiling http v1.5.0
linux	Build and exercise Rust, terminal and real-engine protocols	2026-10-07T23:40:53.8417982Z    Compiling icu_provider v2.3.1
linux	Build and exercise Rust, terminal and real-engine protocols	2026-10-07T23:40:54.0190950Z    Compiling serde_json v1.0.151
linux	Build and exercise Rust, terminal and real-engine protocols	2026-10-07T23:40:54.0737648Z    Compiling ident_case v1.0.1
linux	Build and exercise Rust, terminal and real-engine protocols	2026-10-07T23:40:54.0890966Z    Compiling percent-encoding v2.3.2
linux	Build and exercise Rust, terminal and real-engine protocols	2026-10-07T23:40:54.1120877Z    Compiling ryu v1.0.23
linux	Build and exercise Rust, terminal and real-engine protocols	2026-10-07T23:40:54.1848923Z    Compiling hashbrown v0.17.1
linux	Build and exercise Rust, terminal and real-engine protocols	2026-10-07T23:40:54.1889199Z    Compiling thiserror v2.0.21
linux	Build and exercise Rust, terminal and real-engine protocols	2026-10-07T23:40:54.3123798Z    Compiling zeroize v1.9.0
linux	Build and exercise Rust, terminal and real-engine protocols	2026-10-07T23:40:54.4197483Z    Compiling typenum v1.20.1
linux	Build and exercise Rust, terminal and real-engine protocols	2026-10-07T23:40:54.6334896Z    Compiling indexmap v2.14.2
linux	Build and exercise Rust, terminal and real-engine protocols	2026-10-07T23:40:55.0465345Z    Compiling rustls-pki-types v1.15.1
linux	Build and exercise Rust, terminal and real-engine protocols	2026-10-07T23:40:55.3973032Z    Compiling darling_core v0.24.1
linux	Build and exercise Rust, terminal and real-engine protocols	2026-10-07T23:40:55.6576063Z    Compiling http-body v1.1.0
linux	Build and exercise Rust, terminal and real-engine protocols	2026-10-07T23:40:55.7261581Z    Compiling thiserror-impl v2.0.21
linux	Build and exercise Rust, terminal and real-engine protocols	2026-10-07T23:40:56.7541402Z    Compiling futures-macro v0.3.34
linux	Build and exercise Rust, terminal and real-engine protocols	2026-10-07T23:40:57.7747385Z    Compiling getrandom v0.2.17
linux	Build and exercise Rust, terminal and real-engine protocols	2026-10-07T23:40:57.8811093Z    Compiling utf8parse v0.2.2
linux	Build and exercise Rust, terminal and real-engine protocols	2026-10-07T23:40:57.8977377Z    Compiling signal-hook v0.3.18
linux	Build and exercise Rust, terminal and real-engine protocols	2026-10-07T23:40:57.9221625Z    Compiling httparse v1.10.1
linux	Build and exercise Rust, terminal and real-engine protocols	2026-10-07T23:40:57.9585816Z    Compiling futures-task v0.3.34
linux	Build and exercise Rust, terminal and real-engine protocols	2026-10-07T23:40:58.0361547Z    Compiling either v1.18.0
linux	Build and exercise Rust, terminal and real-engine protocols	2026-10-07T23:40:58.0787752Z    Compiling untrusted v0.9.0
linux	Build and exercise Rust, terminal and real-engine protocols	2026-10-07T23:40:58.1191267Z    Compiling slab v0.4.12
linux	Build and exercise Rust, terminal and real-engine protocols	2026-10-07T23:40:58.1929750Z    Compiling itertools v0.14.0
linux	Build and exercise Rust, terminal and real-engine protocols	2026-10-07T23:40:58.2166142Z    Compiling futures-util v0.3.34
linux	Build and exercise Rust, terminal and real-engine protocols	2026-10-07T23:40:59.5471549Z    Compiling darling_macro v0.24.1
linux	Build and exercise Rust, terminal and real-engine protocols	2026-10-07T23:40:59.6252852Z    Compiling icu_properties v2.3.0
linux	Build and exercise Rust, terminal and real-engine protocols	2026-10-07T23:40:59.6838761Z    Compiling icu_normalizer v2.3.0
linux	Build and exercise Rust, terminal and real-engine protocols	2026-10-07T23:41:00.0381126Z    Compiling castaway v0.2.4
linux	Build and exercise Rust, terminal and real-engine protocols	2026-10-07T23:41:00.5699323Z    Compiling hashbrown v0.16.1
linux	Build and exercise Rust, terminal and real-engine protocols	2026-10-07T23:41:00.7273353Z    Compiling strum_macros v0.28.0
linux	Build and exercise Rust, terminal and real-engine protocols	2026-10-07T23:41:00.9010852Z    Compiling convert_case v0.10.0
linux	Build and exercise Rust, terminal and real-engine protocols	2026-10-07T23:41:01.0401171Z    Compiling try-lock v0.2.5
linux	Build and exercise Rust, terminal and real-engine protocols	2026-10-07T23:41:01.0707328Z    Compiling io-lifetimes v3.0.1
linux	Build and exercise Rust, terminal and real-engine protocols	2026-10-07T23:41:01.0920638Z    Compiling io-lifetimes v2.0.4
linux	Build and exercise Rust, terminal and real-engine protocols	2026-10-07T23:41:01.1677666Z    Compiling rustls v0.23.45
linux	Build and exercise Rust, terminal and real-engine protocols	2026-10-07T23:41:01.2187401Z    Compiling unicode-width v0.2.0
linux	Build and exercise Rust, terminal and real-engine protocols	2026-10-07T23:41:01.2240806Z    Compiling static_assertions v1.1.0
linux	Build and exercise Rust, terminal and real-engine protocols	2026-10-07T23:41:01.2523158Z    Compiling tower-service v0.3.3
linux	Build and exercise Rust, terminal and real-engine protocols	2026-10-07T23:41:01.2900971Z    Compiling ipnet v2.12.2
linux	Build and exercise Rust, terminal and real-engine protocols	2026-10-07T23:41:01.3451814Z    Compiling unicode-truncate v2.0.1
linux	Build and exercise Rust, terminal and real-engine protocols	2026-10-07T23:41:01.3990985Z    Compiling compact_str v0.9.1
linux	Build and exercise Rust, terminal and real-engine protocols	2026-10-07T23:41:01.6538959Z    Compiling kasuari v0.4.12
linux	Build and exercise Rust, terminal and real-engine protocols	2026-10-07T23:41:01.8221445Z    Compiling want v0.3.2
linux	Build and exercise Rust, terminal and real-engine protocols	2026-10-07T23:41:01.9040950Z    Compiling derive_more-impl v2.1.1
linux	Build and exercise Rust, terminal and real-engine protocols	2026-10-07T23:41:02.0430929Z    Compiling lru v0.18.5
linux	Build and exercise Rust, terminal and real-engine protocols	2026-10-07T23:41:02.1801098Z    Compiling idna_adapter v1.2.2
linux	Build and exercise Rust, terminal and real-engine protocols	2026-10-07T23:41:02.2471008Z    Compiling darling v0.24.1
linux	Build and exercise Rust, terminal and real-engine protocols	2026-10-07T23:41:02.5080985Z    Compiling crypto-common v0.1.7
linux	Build and exercise Rust, terminal and real-engine protocols	2026-10-07T23:41:02.5177160Z    Compiling strum v0.28.0
linux	Build and exercise Rust, terminal and real-engine protocols	2026-10-07T23:41:02.5660948Z    Compiling block-buffer v0.10.4
linux	Build and exercise Rust, terminal and real-engine protocols	2026-10-07T23:41:02.5720885Z    Compiling form_urlencoded v1.2.2
linux	Build and exercise Rust, terminal and real-engine protocols	2026-10-07T23:41:02.6397404Z    Compiling tracing-core v0.1.36
linux	Build and exercise Rust, terminal and real-engine protocols	2026-10-07T23:41:02.6591337Z    Compiling futures-channel v0.3.34
linux	Build and exercise Rust, terminal and real-engine protocols	2026-10-07T23:41:02.6700864Z    Compiling vcpkg v0.2.15
linux	Build and exercise Rust, terminal and real-engine protocols	2026-10-07T23:41:02.8110948Z    Compiling atomic-waker v1.1.2
linux	Build and exercise Rust, terminal and real-engine protocols	2026-10-07T23:41:02.8651041Z    Compiling cfg_aliases v0.1.1
linux	Build and exercise Rust, terminal and real-engine protocols	2026-10-07T23:41:02.8920951Z    Compiling subtle v2.6.1
linux	Build and exercise Rust, terminal and real-engine protocols	2026-10-07T23:41:02.9811421Z    Compiling serde v1.0.229
linux	Build and exercise Rust, terminal and real-engine protocols	2026-10-07T23:41:03.1045640Z    Compiling critical-section v1.2.0
linux	Build and exercise Rust, terminal and real-engine protocols	2026-10-07T23:41:03.1291067Z    Compiling indoc v2.0.7
linux	Build and exercise Rust, terminal and real-engine protocols	2026-10-07T23:41:03.1531024Z    Compiling litrs v1.0.0
linux	Build and exercise Rust, terminal and real-engine protocols	2026-10-07T23:41:03.2519034Z    Compiling thiserror v1.0.69
linux	Build and exercise Rust, terminal and real-engine protocols	2026-10-07T23:41:03.3682401Z    Compiling getrandom v0.4.3
linux	Build and exercise Rust, terminal and real-engine protocols	2026-10-07T23:41:03.3931470Z    Compiling rustls-webpki v0.103.15
linux	Build and exercise Rust, terminal and real-engine protocols	2026-10-07T23:41:03.4807514Z    Compiling io-extras v0.19.0
linux	Build and exercise Rust, terminal and real-engine protocols	2026-10-07T23:41:03.6201635Z    Compiling pkg-config v0.3.34
linux	Build and exercise Rust, terminal and real-engine protocols	2026-10-07T23:41:03.6264567Z    Compiling document-features v0.2.12
linux	Build and exercise Rust, terminal and real-engine protocols	2026-10-07T23:41:04.0460924Z    Compiling libsqlite3-sys v0.35.0
linux	Build and exercise Rust, terminal and real-engine protocols	2026-10-07T23:41:04.0731305Z    Compiling instability v0.3.14
linux	Build and exercise Rust, terminal and real-engine protocols	2026-10-07T23:41:04.2271269Z    Compiling ratatui-core v0.1.2
linux	Build and exercise Rust, terminal and real-engine protocols	2026-10-07T23:41:04.2661056Z    Compiling tracing v0.1.44
linux	Build and exercise Rust, terminal and real-engine protocols	2026-10-07T23:41:04.4340885Z    Compiling nix v0.28.0
linux	Build and exercise Rust, terminal and real-engine protocols	2026-10-07T23:41:04.4910825Z    Compiling hyper v1.11.1
linux	Build and exercise Rust, terminal and real-engine protocols	2026-10-07T23:41:04.6488754Z    Compiling digest v0.10.7
linux	Build and exercise Rust, terminal and real-engine protocols	2026-10-07T23:41:04.7831010Z    Compiling signal-hook-mio v0.2.5
linux	Build and exercise Rust, terminal and real-engine protocols	2026-10-07T23:41:04.8381004Z    Compiling derive_more v2.1.1
linux	Build and exercise Rust, terminal and real-engine protocols	2026-10-07T23:41:04.8731324Z    Compiling idna v1.1.0
linux	Build and exercise Rust, terminal and real-engine protocols	2026-10-07T23:41:05.5440923Z    Compiling tree-sitter v0.25.10
linux	Build and exercise Rust, terminal and real-engine protocols	2026-10-07T23:41:05.5761338Z    Compiling anstyle-parse v1.0.0
linux	Build and exercise Rust, terminal and real-engine protocols	2026-10-07T23:41:05.6670981Z    Compiling serde_derive v1.0.229
linux	Build and exercise Rust, terminal and real-engine protocols	2026-10-07T23:41:05.6801060Z    Compiling thiserror-impl v1.0.69
linux	Build and exercise Rust, terminal and real-engine protocols	2026-10-07T23:41:05.7801039Z    Compiling aho-corasick v1.1.5
linux	Build and exercise Rust, terminal and real-engine protocols	2026-10-07T23:41:06.6331250Z    Compiling sync_wrapper v1.0.2
linux	Build and exercise Rust, terminal and real-engine protocols	2026-10-07T23:41:06.6821507Z    Compiling openssl-probe v0.2.1
linux	Build and exercise Rust, terminal and real-engine protocols	2026-10-07T23:41:06.7651471Z    Compiling anstyle v1.0.14
linux	Build and exercise Rust, terminal and real-engine protocols	2026-10-07T23:41:06.9044961Z    Compiling crc32fast v1.5.2
linux	Build and exercise Rust, terminal and real-engine protocols	2026-10-07T23:41:07.0311517Z    Compiling tower-layer v0.3.3
linux	Build and exercise Rust, terminal and real-engine protocols	2026-10-07T23:41:07.1381622Z    Compiling anyhow v1.0.104
linux	Build and exercise Rust, terminal and real-engine protocols	2026-10-07T23:41:07.3050911Z    Compiling cpufeatures v0.2.17
linux	Build and exercise Rust, terminal and real-engine protocols	2026-10-07T23:41:07.3370990Z    Compiling anstyle-query v1.1.5
linux	Build and exercise Rust, terminal and real-engine protocols	2026-10-07T23:41:07.3808079Z    Compiling cap-primitives v4.0.3
linux	Build and exercise Rust, terminal and real-engine protocols	2026-10-07T23:41:07.4711609Z    Compiling foldhash v0.1.5
linux	Build and exercise Rust, terminal and real-engine protocols	2026-10-07T23:41:07.5286442Z    Compiling regex-syntax v0.8.11
linux	Build and exercise Rust, terminal and real-engine protocols	2026-10-07T23:41:07.5748061Z    Compiling base64 v0.23.1
linux	Build and exercise Rust, terminal and real-engine protocols	2026-10-07T23:41:07.9090285Z    Compiling is_terminal_polyfill v1.70.2
linux	Build and exercise Rust, terminal and real-engine protocols	2026-10-07T23:41:07.9461403Z    Compiling colorchoice v1.0.5
linux	Build and exercise Rust, terminal and real-engine protocols	2026-10-07T23:41:07.9915421Z    Compiling cfg_aliases v0.2.2
linux	Build and exercise Rust, terminal and real-engine protocols	2026-10-07T23:41:08.0340964Z    Compiling nix v0.30.1
linux	Build and exercise Rust, terminal and real-engine protocols	2026-10-07T23:41:08.2610803Z    Compiling anstream v1.0.0
linux	Build and exercise Rust, terminal and real-engine protocols	2026-10-07T23:41:08.4651030Z    Compiling hyper-util v0.1.21
linux	Build and exercise Rust, terminal and real-engine protocols	2026-10-07T23:41:09.0911313Z    Compiling hashbrown v0.15.5
linux	Build and exercise Rust, terminal and real-engine protocols	2026-10-07T23:41:09.3280846Z    Compiling regex-automata v0.4.18
linux	Build and exercise Rust, terminal and real-engine protocols	2026-10-07T23:41:09.6370891Z    Compiling sha2 v0.10.9
linux	Build and exercise Rust, terminal and real-engine protocols	2026-10-07T23:41:09.8160967Z    Compiling tokio-rustls v0.26.6
linux	Build and exercise Rust, terminal and real-engine protocols	2026-10-07T23:41:10.0111315Z    Compiling tower v0.5.3
linux	Build and exercise Rust, terminal and real-engine protocols	2026-10-07T23:41:10.0780807Z    Compiling rustls-native-certs v0.8.4
linux	Build and exercise Rust, terminal and real-engine protocols	2026-10-07T23:41:10.4752785Z    Compiling fs-set-times v0.20.3
linux	Build and exercise Rust, terminal and real-engine protocols	2026-10-07T23:41:10.6470824Z    Compiling url v2.5.8
linux	Build and exercise Rust, terminal and real-engine protocols	2026-10-07T23:41:11.3230747Z    Compiling crossterm v0.29.0
linux	Build and exercise Rust, terminal and real-engine protocols	2026-10-07T23:41:11.7981551Z    Compiling rustix-linux-procfs v0.1.1
linux	Build and exercise Rust, terminal and real-engine protocols	2026-10-07T23:41:11.9487319Z    Compiling tree-sitter-python v0.25.0
linux	Build and exercise Rust, terminal and real-engine protocols	2026-10-07T23:41:12.0531049Z    Compiling tree-sitter-rust v0.24.2
linux	Build and exercise Rust, terminal and real-engine protocols	2026-10-07T23:41:12.1610238Z    Compiling tree-sitter-javascript v0.25.0
linux	Build and exercise Rust, terminal and real-engine protocols	2026-10-07T23:41:12.2710970Z    Compiling vte_generate_state_changes v0.1.2
linux	Build and exercise Rust, terminal and real-engine protocols	2026-10-07T23:41:12.4221439Z    Compiling line-clipping v0.3.8
linux	Build and exercise Rust, terminal and real-engine protocols	2026-10-07T23:41:12.4310902Z    Compiling adler2 v2.0.1
linux	Build and exercise Rust, terminal and real-engine protocols	2026-10-07T23:41:12.4971640Z    Compiling ambient-authority v0.0.2
linux	Build and exercise Rust, terminal and real-engine protocols	2026-10-07T23:41:12.5312824Z    Compiling arrayvec v0.7.8
linux	Build and exercise Rust, terminal and real-engine protocols	2026-10-07T23:41:12.5721571Z    Compiling cap-std v4.0.3
linux	Build and exercise Rust, terminal and real-engine protocols	2026-10-07T23:41:12.5761374Z    Compiling clap_lex v1.1.1
linux	Build and exercise Rust, terminal and real-engine protocols	2026-10-07T23:41:12.6861103Z    Compiling maybe-owned v0.3.4
linux	Build and exercise Rust, terminal and real-engine protocols	2026-10-07T23:41:12.7101526Z    Compiling winnow v1.0.4
linux	Build and exercise Rust, terminal and real-engine protocols	2026-10-07T23:41:12.7141086Z    Compiling simd-adler32 v0.3.10
linux	Build and exercise Rust, terminal and real-engine protocols	2026-10-07T23:41:12.8098498Z    Compiling futures-sink v0.3.34
linux	Build and exercise Rust, terminal and real-engine protocols	2026-10-07T23:41:12.8531408Z    Compiling miniz_oxide v0.9.1
linux	Build and exercise Rust, terminal and real-engine protocols	2026-10-07T23:41:12.8618458Z    Compiling tokio-util v0.7.19
linux	Build and exercise Rust, terminal and real-engine protocols	2026-10-07T23:41:13.0475417Z    Compiling toml_parser v1.1.3+spec-1.1.0
linux	Build and exercise Rust, terminal and real-engine protocols	2026-10-07T23:41:13.4902801Z    Compiling vte v0.11.1
linux	Build and exercise Rust, terminal and real-engine protocols	2026-10-07T23:41:13.6261609Z    Compiling clap_builder v4.6.7
linux	Build and exercise Rust, terminal and real-engine protocols	2026-10-07T23:41:13.8707032Z    Compiling ratatui-widgets v0.3.2
linux	Build and exercise Rust, terminal and real-engine protocols	2026-10-07T23:41:15.3994784Z    Compiling ratatui-crossterm v0.1.2
linux	Build and exercise Rust, terminal and real-engine protocols	2026-10-07T23:41:16.3590909Z    Compiling alt-cli v0.6.0 (/home/runner/work/alt-cli/alt-cli)
linux	Build and exercise Rust, terminal and real-engine protocols	2026-10-07T23:41:16.6435971Z    Compiling regex v1.13.1
linux	Build and exercise Rust, terminal and real-engine protocols	2026-10-07T23:41:16.6642831Z    Compiling tower-http v0.6.11
linux	Build and exercise Rust, terminal and real-engine protocols	2026-10-07T23:41:16.9680927Z    Compiling filedescriptor v0.8.3
linux	Build and exercise Rust, terminal and real-engine protocols	2026-10-07T23:41:17.0420842Z    Compiling hyper-rustls v0.27.10
linux	Build and exercise Rust, terminal and real-engine protocols	2026-10-07T23:41:17.4799551Z    Compiling hashlink v0.10.0
linux	Build and exercise Rust, terminal and real-engine protocols	2026-10-07T23:41:17.6211101Z    Compiling serde_urlencoded v0.7.1
linux	Build and exercise Rust, terminal and real-engine protocols	2026-10-07T23:41:17.7560971Z    Compiling http-body-util v0.1.5
linux	Build and exercise Rust, terminal and real-engine protocols	2026-10-07T23:41:17.8194385Z    Compiling toml_datetime v0.7.5+spec-1.1.0
linux	Build and exercise Rust, terminal and real-engine protocols	2026-10-07T23:41:17.9540973Z    Compiling serde_spanned v1.1.1
linux	Build and exercise Rust, terminal and real-engine protocols	2026-10-07T23:41:18.0239632Z    Compiling xattr v1.6.1
linux	Build and exercise Rust, terminal and real-engine protocols	2026-10-07T23:41:18.0285689Z    Compiling clap_derive v4.6.7
linux	Build and exercise Rust, terminal and real-engine protocols	2026-10-07T23:41:18.1970595Z    Compiling serial2 v0.2.38
linux	Build and exercise Rust, terminal and real-engine protocols	2026-10-07T23:41:18.2720979Z    Compiling filetime v0.2.29
linux	Build and exercise Rust, terminal and real-engine protocols	2026-10-07T23:41:18.3811080Z    Compiling fallible-streaming-iterator v0.1.9
linux	Build and exercise Rust, terminal and real-engine protocols	2026-10-07T23:41:18.4541516Z    Compiling winnow v0.7.15
linux	Build and exercise Rust, terminal and real-engine protocols	2026-10-07T23:41:18.4691191Z    Compiling streaming-iterator v0.1.9
linux	Build and exercise Rust, terminal and real-engine protocols	2026-10-07T23:41:18.7233204Z    Compiling downcast-rs v1.2.1
linux	Build and exercise Rust, terminal and real-engine protocols	2026-10-07T23:41:18.7696187Z    Compiling fastrand v2.5.0
linux	Build and exercise Rust, terminal and real-engine protocols	2026-10-07T23:41:18.9271168Z    Compiling unicode-width v0.1.14
linux	Build and exercise Rust, terminal and real-engine protocols	2026-10-07T23:41:19.0981038Z    Compiling toml_writer v1.1.2+spec-1.1.0
linux	Build and exercise Rust, terminal and real-engine protocols	2026-10-07T23:41:19.2477590Z    Compiling fallible-iterator v0.3.0
linux	Build and exercise Rust, terminal and real-engine protocols	2026-10-07T23:41:19.5491123Z    Compiling base64 v0.22.1
linux	Build and exercise Rust, terminal and real-engine protocols	2026-10-07T23:41:19.7241383Z    Compiling shell-words v1.1.1
linux	Build and exercise Rust, terminal and real-engine protocols	2026-10-07T23:41:19.7910961Z    Compiling portable-pty v0.9.0
linux	Build and exercise Rust, terminal and real-engine protocols	2026-10-07T23:41:19.8091439Z    Compiling reqwest v0.12.28
linux	Build and exercise Rust, terminal and real-engine protocols	2026-10-07T23:41:19.9680979Z    Compiling toml v0.9.12+spec-1.1.0
linux	Build and exercise Rust, terminal and real-engine protocols	2026-10-07T23:41:20.3211033Z    Compiling clap v4.6.7
linux	Build and exercise Rust, terminal and real-engine protocols	2026-10-07T23:41:20.3581134Z    Compiling vt100 v0.15.2
linux	Build and exercise Rust, terminal and real-engine protocols	2026-10-07T23:41:20.4221443Z    Compiling rusqlite v0.37.0
linux	Build and exercise Rust, terminal and real-engine protocols	2026-10-07T23:41:20.8901042Z    Compiling tempfile v3.27.0
linux	Build and exercise Rust, terminal and real-engine protocols	2026-10-07T23:41:21.2481202Z    Compiling tar v0.4.46
linux	Build and exercise Rust, terminal and real-engine protocols	2026-10-07T23:41:21.7244029Z    Compiling flate2 v1.1.10
linux	Build and exercise Rust, terminal and real-engine protocols	2026-10-07T23:41:22.1570992Z    Compiling ratatui v0.30.2
linux	Build and exercise Rust, terminal and real-engine protocols	2026-10-07T23:41:22.2881508Z    Compiling uuid v1.27.0
linux	Build and exercise Rust, terminal and real-engine protocols	2026-10-07T23:41:22.3007379Z    Compiling roxmltree v0.21.1
linux	Build and exercise Rust, terminal and real-engine protocols	2026-10-07T23:41:22.4936579Z    Compiling fs2 v0.4.3
linux	Build and exercise Rust, terminal and real-engine protocols	2026-10-07T23:41:22.5690897Z    Compiling similar v2.7.0
linux	Build and exercise Rust, terminal and real-engine protocols	2026-10-07T23:41:37.0211550Z     Finished `dev` profile [unoptimized] target(s) in 55.05s
linux	Build and exercise Rust, terminal and real-engine protocols	2026-10-07T23:41:37.3033639Z    Compiling alt-cli v0.6.0 (/home/runner/work/alt-cli/alt-cli)
linux	Build and exercise Rust, terminal and real-engine protocols	2026-10-07T23:42:00.4785277Z     Finished `test` profile [unoptimized] target(s) in 23.33s
linux	Build and exercise Rust, terminal and real-engine protocols	2026-10-07T23:42:00.5035403Z      Running unittests src/lib.rs (target/debug/deps/alt_cli-f7b196ed225a7fc8)
linux	Build and exercise Rust, terminal and real-engine protocols	2026-10-07T23:42:00.5056769Z 
linux	Build and exercise Rust, terminal and real-engine protocols	2026-10-07T23:42:00.5056995Z running 22 tests
linux	Build and exercise Rust, terminal and real-engine protocols	2026-10-07T23:42:00.5071785Z test engine::frame_fuzz_tests::exhausted_shared_allowance_is_a_failed_turn_and_model_prose_is_not ... ok
linux	Build and exercise Rust, terminal and real-engine protocols	2026-10-07T23:42:00.5073170Z test engine::frame_fuzz_tests::only_the_pinned_goose_synthetic_network_error_shape_marks_a_failed_turn ... ok
linux	Build and exercise Rust, terminal and real-engine protocols	2026-10-07T23:42:00.5090959Z test runtime::memory_tests::container_cache_does_not_hide_available_ram_or_free_anonymous_memory ... ok
linux	Build and exercise Rust, terminal and real-engine protocols	2026-10-07T23:42:00.5127004Z test toolbox::evidence_tests::invalid_evidence_is_a_tool_failure_even_when_command_exits_zero ... ok
linux	Build and exercise Rust, terminal and real-engine protocols	2026-10-07T23:42:00.5135922Z test extensions::sse_tests::framing_survives_every_chunk_boundary_and_requires_event_termination ... ok
linux	Build and exercise Rust, terminal and real-engine protocols	2026-10-07T23:42:00.5154948Z test tui::app::recovery_tests::cancelled_conversation_loading_never_opens_an_agent ... ok
linux	Build and exercise Rust, terminal and real-engine protocols	2026-10-07T23:42:00.5183142Z test tui::app::recovery_tests::damaged_runtime_is_preserved_without_resetting_project_preferences ... ok
linux	Build and exercise Rust, terminal and real-engine protocols	2026-10-07T23:42:00.5247760Z test tui::app::recovery_tests::explicit_operations_never_replace_a_requested_save ... ok
linux	Build and exercise Rust, terminal and real-engine protocols	2026-10-07T23:42:00.5270531Z test engine::frame_fuzz_tests::fragmented_and_mutated_acp_frames_obey_size_and_termination_bounds ... ok
linux	Build and exercise Rust, terminal and real-engine protocols	2026-10-07T23:42:00.5436375Z test tui::app::recovery_tests::old_project_results_and_failed_background_forms_do_not_replace_newer_work ... ok
linux	Build and exercise Rust, terminal and real-engine protocols	2026-10-07T23:42:00.5465462Z test tui::app::recovery_tests::new_file_can_replace_a_locked_listing_and_failed_forms_keep_their_text ... ok
linux	Build and exercise Rust, terminal and real-engine protocols	2026-10-07T23:42:00.5521708Z test extensions::sse_tests::bounded_seeded_mutation_corpus_never_panics_or_grows_without_limit ... ok
linux	Build and exercise Rust, terminal and real-engine protocols	2026-10-07T23:42:00.5561133Z test tui::app::recovery_tests::conversation_database_contention_keeps_drafts_responsive_and_saves_after_release ... ok
linux	Build and exercise Rust, terminal and real-engine protocols	2026-10-07T23:42:00.5563348Z test tui::input::tests::pasted_source_preserves_tabs_and_accepts_the_documented_editor_limit ... ok
linux	Build and exercise Rust, terminal and real-engine protocols	2026-10-07T23:42:00.5566617Z test tui::input::tests::unicode_editing_and_paste_preserve_boundaries ... ok
linux	Build and exercise Rust, terminal and real-engine protocols	2026-10-07T23:42:00.5730544Z test tui::app::recovery_tests::pinning_a_requirement_replaces_a_locked_context_refresh ... ok
linux	Build and exercise Rust, terminal and real-engine protocols	2026-10-07T23:42:00.5746176Z test tui::app::recovery_tests::task_check_choices_replace_a_locked_status_refresh ... ok
linux	Build and exercise Rust, terminal and real-engine protocols	2026-10-07T23:42:00.5843382Z test tui::view::tests::corrupt_settings_are_preserved_and_setup_still_opens ... ok
linux	Build and exercise Rust, terminal and real-engine protocols	2026-10-07T23:42:00.5907714Z test tui::view::tests::settings_persist_and_permission_typing_cannot_accidentally_allow ... ok
linux	Build and exercise Rust, terminal and real-engine protocols	2026-10-07T23:42:00.5961541Z test tui::view::tests::first_run_is_usable_without_config_and_errors_preserve_forms ... ok
linux	Build and exercise Rust, terminal and real-engine protocols	2026-10-07T23:42:00.6113502Z test tui::app::recovery_tests::turn_end_refresh_does_not_race_itself_or_replace_an_open_form ... ok
linux	Build and exercise Rust, terminal and real-engine protocols	2026-10-07T23:42:00.8499743Z test tui::view::tests::every_page_and_dialog_renders_at_supported_sizes ... ok
linux	Build and exercise Rust, terminal and real-engine protocols	2026-10-07T23:42:00.8500746Z 
linux	Build and exercise Rust, terminal and real-engine protocols	2026-10-07T23:42:00.8501914Z test result: ok. 22 passed; 0 failed; 0 ignored; 0 measured; 0 filtered out; finished in 0.34s
linux	Build and exercise Rust, terminal and real-engine protocols	2026-10-07T23:42:00.8502669Z 
linux	Build and exercise Rust, terminal and real-engine protocols	2026-10-07T23:42:00.8517983Z      Running unittests src/main.rs (target/debug/deps/alt-b6d4f9c7cd265569)
linux	Build and exercise Rust, terminal and real-engine protocols	2026-10-07T23:42:00.8529672Z 
linux	Build and exercise Rust, terminal and real-engine protocols	2026-10-07T23:42:00.8530060Z running 0 tests
linux	Build and exercise Rust, terminal and real-engine protocols	2026-10-07T23:42:00.8531873Z 
linux	Build and exercise Rust, terminal and real-engine protocols	2026-10-07T23:42:00.8532345Z test result: ok. 0 passed; 0 failed; 0 ignored; 0 measured; 0 filtered out; finished in 0.00s
linux	Build and exercise Rust, terminal and real-engine protocols	2026-10-07T23:42:00.8532965Z 
linux	Build and exercise Rust, terminal and real-engine protocols	2026-10-07T23:42:00.8533355Z      Running tests/benchmark.rs (target/debug/deps/benchmark-f7571d903946608e)
linux	Build and exercise Rust, terminal and real-engine protocols	2026-10-07T23:42:00.8548977Z 
linux	Build and exercise Rust, terminal and real-engine protocols	2026-10-07T23:42:00.8549135Z running 3 tests
linux	Build and exercise Rust, terminal and real-engine protocols	2026-10-07T23:42:00.9296969Z test requested_gpu_and_allocation_failure_explain_recovery_without_substituting_models ... ok
linux	Build and exercise Rust, terminal and real-engine protocols	2026-10-07T23:42:00.9598243Z test cancellation_interrupts_a_stalled_backend_and_preserves_a_failed_report ... ok
linux	Build and exercise Rust, terminal and real-engine protocols	2026-10-07T23:42:00.9911317Z test qualification_cli_returns_without_opening_an_agent_and_keeps_external_scope_explicit ... ok
linux	Build and exercise Rust, terminal and real-engine protocols	2026-10-07T23:42:00.9912463Z 
linux	Build and exercise Rust, terminal and real-engine protocols	2026-10-07T23:42:00.9912915Z test result: ok. 3 passed; 0 failed; 0 ignored; 0 measured; 0 filtered out; finished in 0.14s
linux	Build and exercise Rust, terminal and real-engine protocols	2026-10-07T23:42:00.9913570Z 
linux	Build and exercise Rust, terminal and real-engine protocols	2026-10-07T23:42:00.9917790Z      Running tests/compact_context.rs (target/debug/deps/compact_context-6359495ff43341c0)
linux	Build and exercise Rust, terminal and real-engine protocols	2026-10-07T23:42:00.9934291Z 
linux	Build and exercise Rust, terminal and real-engine protocols	2026-10-07T23:42:00.9934477Z running 13 tests
linux	Build and exercise Rust, terminal and real-engine protocols	2026-10-07T23:42:01.0152589Z test clipped_source_never_advertises_an_edit_handle ... ok
linux	Build and exercise Rust, terminal and real-engine protocols	2026-10-07T23:42:01.0166371Z test compact_tools_keep_terminal_checks_and_skills_without_ambiguous_edit_schemas ... ok
linux	Build and exercise Rust, terminal and real-engine protocols	2026-10-07T23:42:01.0220947Z test compact_context_contains_current_authorized_source_and_complete_pins_without_duplicate_request ... ok
linux	Build and exercise Rust, terminal and real-engine protocols	2026-10-07T23:42:01.0251887Z test compact_continuation_keeps_complete_original_scope_and_its_relevant_source ... ok
linux	Build and exercise Rust, terminal and real-engine protocols	2026-10-07T23:42:01.0418384Z test line_edits_preserve_missing_final_newline_and_require_real_read_plan_and_valid_lines ... ok
linux	Build and exercise Rust, terminal and real-engine protocols	2026-10-07T23:42:01.0452413Z test edit_feedback_refreshes_only_actual_changed_source_for_follow_up_repairs ... ok
linux	Build and exercise Rust, terminal and real-engine protocols	2026-10-07T23:42:01.0570195Z test literal_lines_preserve_crlf_unicode_and_backslashes_and_can_undo ... ok
linux	Build and exercise Rust, terminal and real-engine protocols	2026-10-07T23:42:01.0726296Z test named_source_prefetch_does_not_index_unrelated_archives ... ok
linux	Build and exercise Rust, terminal and real-engine protocols	2026-10-07T23:42:01.0825419Z test migration_retains_legacy_handles_and_short_handles_survive_restart ... ok
linux	Build and exercise Rust, terminal and real-engine protocols	2026-10-07T23:42:01.0942261Z test new_and_empty_files_and_explicit_delete_remain_checkpointed ... ok
linux	Build and exercise Rust, terminal and real-engine protocols	2026-10-07T23:42:01.0955136Z test parser_feedback_reports_missing_definitions_without_forbidding_intentional_changes ... ok
linux	Build and exercise Rust, terminal and real-engine protocols	2026-10-07T23:42:01.0982369Z test compact_context_prioritizes_actual_failures_over_historical_claims ... ok
linux	Build and exercise Rust, terminal and real-engine protocols	2026-10-07T23:42:01.1013815Z test scalar_text_edits_preserve_partial_crlf_ranges_and_never_unescape_literals ... ok
linux	Build and exercise Rust, terminal and real-engine protocols	2026-10-07T23:42:01.1014486Z 
linux	Build and exercise Rust, terminal and real-engine protocols	2026-10-07T23:42:01.1014924Z test result: ok. 13 passed; 0 failed; 0 ignored; 0 measured; 0 filtered out; finished in 0.11s
linux	Build and exercise Rust, terminal and real-engine protocols	2026-10-07T23:42:01.1015551Z 
linux	Build and exercise Rust, terminal and real-engine protocols	2026-10-07T23:42:01.1021585Z      Running tests/download_recovery.rs (target/debug/deps/download_recovery-5949d2f44a75aafc)
linux	Build and exercise Rust, terminal and real-engine protocols	2026-10-07T23:42:01.1037243Z 
linux	Build and exercise Rust, terminal and real-engine protocols	2026-10-07T23:42:01.1037457Z running 1 test
linux	Build and exercise Rust, terminal and real-engine protocols	2026-10-07T23:42:01.5014844Z test repeated_network_loss_preserves_offsets_and_only_promotes_the_complete_hash ... ok
linux	Build and exercise Rust, terminal and real-engine protocols	2026-10-07T23:42:01.5015557Z 
linux	Build and exercise Rust, terminal and real-engine protocols	2026-10-07T23:42:01.5016031Z test result: ok. 1 passed; 0 failed; 0 ignored; 0 measured; 0 filtered out; finished in 0.40s
linux	Build and exercise Rust, terminal and real-engine protocols	2026-10-07T23:42:01.5016635Z 
linux	Build and exercise Rust, terminal and real-engine protocols	2026-10-07T23:42:01.5019430Z      Running tests/extensions.rs (target/debug/deps/extensions-5a0aa054821ea28b)
linux	Build and exercise Rust, terminal and real-engine protocols	2026-10-07T23:42:01.5039137Z 
linux	Build and exercise Rust, terminal and real-engine protocols	2026-10-07T23:42:01.5039320Z running 4 tests
linux	Build and exercise Rust, terminal and real-engine protocols	2026-10-07T23:42:01.6700763Z test external_calls_require_actual_alt_approval_and_respect_access ... ok
linux	Build and exercise Rust, terminal and real-engine protocols	2026-10-07T23:42:01.6917537Z test remote_sse_accepts_multiline_data_and_optional_space ... ok
linux	Build and exercise Rust, terminal and real-engine protocols	2026-10-07T23:42:01.6995825Z test remote_auth_session_and_sse ... ok
linux	Build and exercise Rust, terminal and real-engine protocols	2026-10-07T23:42:01.7164359Z test selected_stdio_tools_keep_state_and_reconnect_without_replay ... ok
linux	Build and exercise Rust, terminal and real-engine protocols	2026-10-07T23:42:01.7165165Z 
linux	Build and exercise Rust, terminal and real-engine protocols	2026-10-07T23:42:01.7165644Z test result: ok. 4 passed; 0 failed; 0 ignored; 0 measured; 0 filtered out; finished in 0.21s
linux	Build and exercise Rust, terminal and real-engine protocols	2026-10-07T23:42:01.7166381Z 
linux	Build and exercise Rust, terminal and real-engine protocols	2026-10-07T23:42:01.7171938Z      Running tests/faults.rs (target/debug/deps/faults-fa55625581e2f19c)
linux	Build and exercise Rust, terminal and real-engine protocols	2026-10-07T23:42:01.7185298Z 
linux	Build and exercise Rust, terminal and real-engine protocols	2026-10-07T23:42:01.7185454Z running 2 tests
linux	Build and exercise Rust, terminal and real-engine protocols	2026-10-07T23:42:01.7188283Z test fault_worker ... ok
linux	Build and exercise Rust, terminal and real-engine protocols	2026-10-07T23:42:01.9158629Z test disk_full_and_abrupt_apply_undo_recover_without_replay_or_partial_source ... ok
linux	Build and exercise Rust, terminal and real-engine protocols	2026-10-07T23:42:01.9159564Z 
linux	Build and exercise Rust, terminal and real-engine protocols	2026-10-07T23:42:01.9160273Z test result: ok. 2 passed; 0 failed; 0 ignored; 0 measured; 0 filtered out; finished in 0.20s
linux	Build and exercise Rust, terminal and real-engine protocols	2026-10-07T23:42:01.9160955Z 
linux	Build and exercise Rust, terminal and real-engine protocols	2026-10-07T23:42:01.9163100Z      Running tests/first_task.rs (target/debug/deps/first_task-bae9445163c21e8e)
linux	Build and exercise Rust, terminal and real-engine protocols	2026-10-07T23:42:01.9179427Z 
linux	Build and exercise Rust, terminal and real-engine protocols	2026-10-07T23:42:01.9179616Z running 7 tests
linux	Build and exercise Rust, terminal and real-engine protocols	2026-10-07T23:42:01.9467861Z test retrieval_finds_named_files_and_important_terms_after_conversational_filler ... ok
linux	Build and exercise Rust, terminal and real-engine protocols	2026-10-07T23:42:01.9699173Z test retrieved_code_keeps_identifiers_and_original_brackets ... ok
linux	Build and exercise Rust, terminal and real-engine protocols	2026-10-07T23:42:01.9707348Z test suggestions_follow_declared_runners_and_do_not_invent_tests ... ok
linux	Build and exercise Rust, terminal and real-engine protocols	2026-10-07T23:42:01.9921625Z test tool_guidance_matches_focus_and_does_not_offer_unavailable_execution ... ok
linux	Build and exercise Rust, terminal and real-engine protocols	2026-10-07T23:42:02.0039232Z test missing_practice_interpreter_keeps_actionable_error_and_failed_evidence ... ok
linux	Build and exercise Rust, terminal and real-engine protocols	2026-10-07T23:42:02.0351422Z test bounded_memory_keeps_current_evidence_and_whole_excerpts_after_restart ... ok
linux	Build and exercise Rust, terminal and real-engine protocols	2026-10-07T23:42:02.1264380Z test practice_repair_verification_restart_undo_and_new_lesson ... ok
linux	Build and exercise Rust, terminal and real-engine protocols	2026-10-07T23:42:02.1264802Z 
linux	Build and exercise Rust, terminal and real-engine protocols	2026-10-07T23:42:02.1265081Z test result: ok. 7 passed; 0 failed; 0 ignored; 0 measured; 0 filtered out; finished in 0.21s
linux	Build and exercise Rust, terminal and real-engine protocols	2026-10-07T23:42:02.1265735Z 
linux	Build and exercise Rust, terminal and real-engine protocols	2026-10-07T23:42:02.1271725Z      Running tests/harness.rs (target/debug/deps/harness-211c418c19d17da2)
linux	Build and exercise Rust, terminal and real-engine protocols	2026-10-07T23:42:02.1288454Z 
linux	Build and exercise Rust, terminal and real-engine protocols	2026-10-07T23:42:02.1288797Z running 9 tests
linux	Build and exercise Rust, terminal and real-engine protocols	2026-10-07T23:42:02.1298635Z test analysis_source_chunks_remain_bounded_at_unicode_boundaries ... ok
linux	Build and exercise Rust, terminal and real-engine protocols	2026-10-07T23:42:02.1404913Z test instruction_drafts_need_independent_validation_and_can_rollback ... ok
linux	Build and exercise Rust, terminal and real-engine protocols	2026-10-07T23:42:02.1409076Z test native_decoder_rejects_partial_calls_and_preserves_unicode_fragments ... ok
linux	Build and exercise Rust, terminal and real-engine protocols	2026-10-07T23:42:02.1410738Z test output_settings_override_engine_defaults_and_reject_fake_support ... ok
linux	Build and exercise Rust, terminal and real-engine protocols	2026-10-07T23:42:02.1412340Z test partial_stream_is_not_complete_cost_evidence ... ok
linux	Build and exercise Rust, terminal and real-engine protocols	2026-10-07T23:42:02.1415231Z test skills_are_bounded_and_do_not_grant_permissions ... ok
linux	Build and exercise Rust, terminal and real-engine protocols	2026-10-07T23:42:02.1506333Z test concurrent_change_between_prepare_and_apply_never_overwrites_user ... ok
linux	Build and exercise Rust, terminal and real-engine protocols	2026-10-07T23:42:02.1550101Z test handles_preserve_unicode_crlf_and_duplicate_symbols_and_undo ... ok
linux	Build and exercise Rust, terminal and real-engine protocols	2026-10-07T23:42:02.1575643Z test host_workflow_and_hypotheses_survive_restart_without_becoming_evidence ... ok
linux	Build and exercise Rust, terminal and real-engine protocols	2026-10-07T23:42:02.1576351Z 
linux	Build and exercise Rust, terminal and real-engine protocols	2026-10-07T23:42:02.1576804Z test result: ok. 9 passed; 0 failed; 0 ignored; 0 measured; 0 filtered out; finished in 0.03s
linux	Build and exercise Rust, terminal and real-engine protocols	2026-10-07T23:42:02.1577571Z 
linux	Build and exercise Rust, terminal and real-engine protocols	2026-10-07T23:42:02.1582213Z      Running tests/inference_relay.rs (target/debug/deps/inference_relay-41fee87ff9de2973)
linux	Build and exercise Rust, terminal and real-engine protocols	2026-10-07T23:42:02.1598267Z 
linux	Build and exercise Rust, terminal and real-engine protocols	2026-10-07T23:42:02.1598464Z running 3 tests
linux	Build and exercise Rust, terminal and real-engine protocols	2026-10-07T23:42:02.2718256Z test incomplete_stream_keeps_its_reserved_cost_and_cannot_buy_another_call ... ok
linux	Build and exercise Rust, terminal and real-engine protocols	2026-10-07T23:42:02.2908857Z test live_allowance_stages_and_explicit_addition_preserve_actual_costs ... ok
linux	Build and exercise Rust, terminal and real-engine protocols	2026-10-07T23:42:02.2967064Z test full_chat_and_tools_are_measured_before_spending_or_forwarding ... ok
linux	Build and exercise Rust, terminal and real-engine protocols	2026-10-07T23:42:02.2967620Z 
linux	Build and exercise Rust, terminal and real-engine protocols	2026-10-07T23:42:02.2967898Z test result: ok. 3 passed; 0 failed; 0 ignored; 0 measured; 0 filtered out; finished in 0.14s
linux	Build and exercise Rust, terminal and real-engine protocols	2026-10-07T23:42:02.2968304Z 
linux	Build and exercise Rust, terminal and real-engine protocols	2026-10-07T23:42:02.2973095Z      Running tests/integration.rs (target/debug/deps/integration-89cec51eb830ea5a)
linux	Build and exercise Rust, terminal and real-engine protocols	2026-10-07T23:42:02.2992254Z 
linux	Build and exercise Rust, terminal and real-engine protocols	2026-10-07T23:42:02.2992435Z running 4 tests
linux	Build and exercise Rust, terminal and real-engine protocols	2026-10-07T23:42:02.5755432Z test session_recovery_and_profile_validation ... ok
linux	Build and exercise Rust, terminal and real-engine protocols	2026-10-07T23:42:03.1386740Z test streaming_permissions_and_large_session_replay ... ok
linux	Build and exercise Rust, terminal and real-engine protocols	2026-10-07T23:42:04.8118019Z test cancellation_and_broken_peers_do_not_hang ... ok
linux	Build and exercise Rust, terminal and real-engine protocols	2026-10-07T23:42:05.9864787Z test cli_streams_exports_resumes_and_denies_by_default ... ok
linux	Build and exercise Rust, terminal and real-engine protocols	2026-10-07T23:42:05.9865331Z 
linux	Build and exercise Rust, terminal and real-engine protocols	2026-10-07T23:42:05.9865740Z test result: ok. 4 passed; 0 failed; 0 ignored; 0 measured; 0 filtered out; finished in 3.69s
linux	Build and exercise Rust, terminal and real-engine protocols	2026-10-07T23:42:05.9866317Z 
linux	Build and exercise Rust, terminal and real-engine protocols	2026-10-07T23:42:05.9871389Z      Running tests/jobs.rs (target/debug/deps/jobs-88e6956ee0f32582)
linux	Build and exercise Rust, terminal and real-engine protocols	2026-10-07T23:42:05.9884858Z 
linux	Build and exercise Rust, terminal and real-engine protocols	2026-10-07T23:42:05.9885022Z running 5 tests
linux	Build and exercise Rust, terminal and real-engine protocols	2026-10-07T23:42:05.9889690Z test control_keys_are_bytes_not_numeric_strings ... ok
linux	Build and exercise Rust, terminal and real-engine protocols	2026-10-07T23:42:06.1414015Z test disconnected_control_client_does_not_terminate_persistent_job ... ok
linux	Build and exercise Rust, terminal and real-engine protocols	2026-10-07T23:42:06.1754705Z test persistent_pty_accepts_input_resize_and_reconnect_then_stops ... ok
linux	Build and exercise Rust, terminal and real-engine protocols	2026-10-07T23:42:07.1006155Z test timeout_and_exit_are_saved_and_pid_reuse_cannot_signal_another_process ... ok
linux	Build and exercise Rust, terminal and real-engine protocols	2026-10-07T23:42:08.7226635Z test exiting_owner_stops_only_owned_jobs_and_large_output_is_bounded ... ok
linux	Build and exercise Rust, terminal and real-engine protocols	2026-10-07T23:42:08.7227297Z 
linux	Build and exercise Rust, terminal and real-engine protocols	2026-10-07T23:42:08.7227789Z test result: ok. 5 passed; 0 failed; 0 ignored; 0 measured; 0 filtered out; finished in 2.73s
linux	Build and exercise Rust, terminal and real-engine protocols	2026-10-07T23:42:08.7228427Z 
linux	Build and exercise Rust, terminal and real-engine protocols	2026-10-07T23:42:08.7231307Z      Running tests/language.rs (target/debug/deps/language-dec5bcb52cf2665a)
linux	Build and exercise Rust, terminal and real-engine protocols	2026-10-07T23:42:08.7245811Z 
linux	Build and exercise Rust, terminal and real-engine protocols	2026-10-07T23:42:08.7245996Z running 2 tests
linux	Build and exercise Rust, terminal and real-engine protocols	2026-10-07T23:42:08.7549577Z test failed_batch_restores_earlier_files_through_the_journal ... ok
linux	Build and exercise Rust, terminal and real-engine protocols	2026-10-07T23:42:08.7605218Z test utf16_rename_preview_applies_checkpoints_and_rejects_outside_overlap_staleness ... ok
linux	Build and exercise Rust, terminal and real-engine protocols	2026-10-07T23:42:08.7606005Z 
linux	Build and exercise Rust, terminal and real-engine protocols	2026-10-07T23:42:08.7606770Z test result: ok. 2 passed; 0 failed; 0 ignored; 0 measured; 0 filtered out; finished in 0.04s
linux	Build and exercise Rust, terminal and real-engine protocols	2026-10-07T23:42:08.7607395Z 
linux	Build and exercise Rust, terminal and real-engine protocols	2026-10-07T23:42:08.7610103Z      Running tests/model_downloads.rs (target/debug/deps/model_downloads-7c263a530bf30563)
linux	Build and exercise Rust, terminal and real-engine protocols	2026-10-07T23:42:08.7628402Z 
linux	Build and exercise Rust, terminal and real-engine protocols	2026-10-07T23:42:08.7628665Z running 9 tests
linux	Build and exercise Rust, terminal and real-engine protocols	2026-10-07T23:42:08.7639207Z test hub_token_scope_worker ... ok
linux	Build and exercise Rust, terminal and real-engine protocols	2026-10-07T23:42:08.7671169Z test import_preserves_original_and_rejects_wrong_format ... ok
linux	Build and exercise Rust, terminal and real-engine protocols	2026-10-07T23:42:08.7761382Z test interrupted_cache_relocation_preserves_originals_and_resumes_same_destination ... ok
linux	Build and exercise Rust, terminal and real-engine protocols	2026-10-07T23:42:08.8230428Z test interrupted_download_resumes_and_promotes_only_verified_bytes ... ok
linux	Build and exercise Rust, terminal and real-engine protocols	2026-10-07T23:42:08.8698044Z test checksum_failure_and_bad_range_never_create_ready_model ... ok
linux	Build and exercise Rust, terminal and real-engine protocols	2026-10-07T23:42:08.9240187Z test server_ignoring_range_restarts_instead_of_concatenating ... ok
linux	Build and exercise Rust, terminal and real-engine protocols	2026-10-07T23:42:08.9550572Z test multipart_promotes_only_complete_set_and_relocates_without_import_loss ... ok
linux	Build and exercise Rust, terminal and real-engine protocols	2026-10-07T23:42:08.9801073Z test pause_interrupts_a_stalled_body_and_keeps_partial_file ... ok
linux	Build and exercise Rust, terminal and real-engine protocols	2026-10-07T23:42:09.0335007Z test hub_authentication_is_scoped_without_mutating_the_test_process_environment ... ok
linux	Build and exercise Rust, terminal and real-engine protocols	2026-10-07T23:42:09.0336055Z 
linux	Build and exercise Rust, terminal and real-engine protocols	2026-10-07T23:42:09.0336695Z test result: ok. 9 passed; 0 failed; 0 ignored; 0 measured; 0 filtered out; finished in 0.27s
linux	Build and exercise Rust, terminal and real-engine protocols	2026-10-07T23:42:09.0337500Z 
linux	Build and exercise Rust, terminal and real-engine protocols	2026-10-07T23:42:09.0346672Z      Running tests/packs.rs (target/debug/deps/packs-057a7ecd0c973e5e)
linux	Build and exercise Rust, terminal and real-engine protocols	2026-10-07T23:42:09.0364705Z 
linux	Build and exercise Rust, terminal and real-engine protocols	2026-10-07T23:42:09.0364889Z running 3 tests
linux	Build and exercise Rust, terminal and real-engine protocols	2026-10-07T23:42:09.0372155Z test parsers_reject_incomplete_and_malformed_scans_and_preserve_evidence ... ok
linux	Build and exercise Rust, terminal and real-engine protocols	2026-10-07T23:42:09.0924040Z test git_commit_contains_selected_paths_and_preserves_unrelated_staging ... ok
linux	Build and exercise Rust, terminal and real-engine protocols	2026-10-07T23:42:09.1696171Z test http_failure_retest_and_exports_link_to_real_records ... ok
linux	Build and exercise Rust, terminal and real-engine protocols	2026-10-07T23:42:09.1696650Z 
linux	Build and exercise Rust, terminal and real-engine protocols	2026-10-07T23:42:09.1697012Z test result: ok. 3 passed; 0 failed; 0 ignored; 0 measured; 0 filtered out; finished in 0.13s
linux	Build and exercise Rust, terminal and real-engine protocols	2026-10-07T23:42:09.1697562Z 
linux	Build and exercise Rust, terminal and real-engine protocols	2026-10-07T23:42:09.1703016Z      Running tests/parser_properties.rs (target/debug/deps/parser_properties-3bf1c746de084ef0)
linux	Build and exercise Rust, terminal and real-engine protocols	2026-10-07T23:42:09.1716981Z 
linux	Build and exercise Rust, terminal and real-engine protocols	2026-10-07T23:42:09.1717235Z running 2 tests
linux	Build and exercise Rust, terminal and real-engine protocols	2026-10-07T23:42:09.1735507Z test explicit_tool_focus_retains_full_access_terminal_option ... ok
linux	Build and exercise Rust, terminal and real-engine protocols	2026-10-07T23:42:09.7206562Z test bounded_mutations_of_reports_paths_and_utf16_positions_never_panic ... ok
linux	Build and exercise Rust, terminal and real-engine protocols	2026-10-07T23:42:09.7207081Z 
linux	Build and exercise Rust, terminal and real-engine protocols	2026-10-07T23:42:09.7207445Z test result: ok. 2 passed; 0 failed; 0 ignored; 0 measured; 0 filtered out; finished in 0.55s
linux	Build and exercise Rust, terminal and real-engine protocols	2026-10-07T23:42:09.7207914Z 
linux	Build and exercise Rust, terminal and real-engine protocols	2026-10-07T23:42:09.7210204Z      Running tests/pc_ready.rs (target/debug/deps/pc_ready-b323e77916182189)
linux	Build and exercise Rust, terminal and real-engine protocols	2026-10-07T23:42:09.7228185Z 
linux	Build and exercise Rust, terminal and real-engine protocols	2026-10-07T23:42:09.7228441Z running 3 tests
linux	Build and exercise Rust, terminal and real-engine protocols	2026-10-07T23:42:09.7345981Z test reviewed_allocation_survives_restart_and_cannot_replace_the_saved_model ... ok
linux	Build and exercise Rust, terminal and real-engine protocols	2026-10-07T23:42:09.7482976Z test isolated_pc_state_preserves_selection_without_copying_or_touching_user_work ... ok
linux	Build and exercise Rust, terminal and real-engine protocols	2026-10-07T23:42:10.0035936Z test actual_failed_cases_unchanged_checks_source_cycles_and_report_tampering ... ok
linux	Build and exercise Rust, terminal and real-engine protocols	2026-10-07T23:42:10.0036414Z 
linux	Build and exercise Rust, terminal and real-engine protocols	2026-10-07T23:42:10.0036685Z test result: ok. 3 passed; 0 failed; 0 ignored; 0 measured; 0 filtered out; finished in 0.28s
linux	Build and exercise Rust, terminal and real-engine protocols	2026-10-07T23:42:10.0037373Z 
linux	Build and exercise Rust, terminal and real-engine protocols	2026-10-07T23:42:10.0042659Z      Running tests/project_services.rs (target/debug/deps/project_services-e4c84470ce8925a7)
linux	Build and exercise Rust, terminal and real-engine protocols	2026-10-07T23:42:10.0060441Z 
linux	Build and exercise Rust, terminal and real-engine protocols	2026-10-07T23:42:10.0060668Z running 8 tests
linux	Build and exercise Rust, terminal and real-engine protocols	2026-10-07T23:42:10.0186247Z test migrations_preserve_legacy_data_and_reject_newer_schema ... ok
linux	Build and exercise Rust, terminal and real-engine protocols	2026-10-07T23:42:10.0327110Z test pinned_requirements_and_actual_context_survive_restart ... ok
linux	Build and exercise Rust, terminal and real-engine protocols	2026-10-07T23:42:10.0362118Z test incremental_index_reuses_unchanged_rows_and_detects_edits_deletions_cancellation ... ok
linux	Build and exercise Rust, terminal and real-engine protocols	2026-10-07T23:42:10.0831412Z test syntax_and_old_decision_retrieval_keep_current_evidence_at_all_budgets ... ok
linux	Build and exercise Rust, terminal and real-engine protocols	2026-10-07T23:42:10.0842973Z test zero_tests_are_distinguished_from_unknown_output_and_mixed_rust_targets ... ok
linux	Build and exercise Rust, terminal and real-engine protocols	2026-10-07T23:42:10.1332635Z test verification_requires_every_check_and_current_source_command_environment ... ok
linux	Build and exercise Rust, terminal and real-engine protocols	2026-10-07T23:42:10.3513906Z test zero_tests_after_large_output_cannot_verify_a_requirement ... ok
linux	Build and exercise Rust, terminal and real-engine protocols	2026-10-07T23:42:12.4453141Z test discovery_enforces_file_limit_in_a_flat_directory_without_partial_index_commit ... ok
linux	Build and exercise Rust, terminal and real-engine protocols	2026-10-07T23:42:12.4453760Z 
linux	Build and exercise Rust, terminal and real-engine protocols	2026-10-07T23:42:12.4454123Z test result: ok. 8 passed; 0 failed; 0 ignored; 0 measured; 0 filtered out; finished in 2.44s
linux	Build and exercise Rust, terminal and real-engine protocols	2026-10-07T23:42:12.4454635Z 
linux	Build and exercise Rust, terminal and real-engine protocols	2026-10-07T23:42:12.4461503Z      Running tests/project_worker.rs (target/debug/deps/project_worker-38bd5ac5cb48a90e)
linux	Build and exercise Rust, terminal and real-engine protocols	2026-10-07T23:42:12.4476109Z 
linux	Build and exercise Rust, terminal and real-engine protocols	2026-10-07T23:42:12.4476282Z running 2 tests
linux	Build and exercise Rust, terminal and real-engine protocols	2026-10-07T23:42:12.4711639Z test busy_project_wait_is_cancellable_without_blocking_async_input ... ok
linux	Build and exercise Rust, terminal and real-engine protocols	2026-10-07T23:42:12.4943584Z test cancellation_during_walk_preserves_existing_index_and_worker_retries_lock ... ok
linux	Build and exercise Rust, terminal and real-engine protocols	2026-10-07T23:42:12.4944275Z 
linux	Build and exercise Rust, terminal and real-engine protocols	2026-10-07T23:42:12.4944710Z test result: ok. 2 passed; 0 failed; 0 ignored; 0 measured; 0 filtered out; finished in 0.05s
linux	Build and exercise Rust, terminal and real-engine protocols	2026-10-07T23:42:12.4945385Z 
linux	Build and exercise Rust, terminal and real-engine protocols	2026-10-07T23:42:12.4948382Z      Running tests/project_workflow.rs (target/debug/deps/project_workflow-80f6fcd4d4c6f0ea)
linux	Build and exercise Rust, terminal and real-engine protocols	2026-10-07T23:42:12.4967377Z 
linux	Build and exercise Rust, terminal and real-engine protocols	2026-10-07T23:42:12.4967559Z running 7 tests
linux	Build and exercise Rust, terminal and real-engine protocols	2026-10-07T23:42:12.5332418Z test enforced_reads_paths_checkpoints_undo_and_conflicts ... ok
linux	Build and exercise Rust, terminal and real-engine protocols	2026-10-07T23:42:12.5397077Z test memory_invalidation_failure_budget_and_crash_recovery ... ok
linux	Build and exercise Rust, terminal and real-engine protocols	2026-10-07T23:42:12.5684079Z test no_silent_isolation_fallback_and_terminal_is_explicit ... ok
linux	Build and exercise Rust, terminal and real-engine protocols	2026-10-07T23:42:12.5956767Z test native_tool_bridge_cannot_bypass_approval_or_stale_checks ... ok
linux	Build and exercise Rust, terminal and real-engine protocols	2026-10-07T23:42:12.6014170Z test deterministic_checks_bind_evidence_to_source_and_preserve_original ... ok
linux	Build and exercise Rust, terminal and real-engine protocols	2026-10-07T23:42:12.6070319Z test stale_edits_symlinks_creation_deletion_and_atomic_task_undo ... ok
linux	Build and exercise Rust, terminal and real-engine protocols	2026-10-07T23:42:13.6015222Z test check_timeout_cancellation_and_early_exit_kill_background_children ... ok
linux	Build and exercise Rust, terminal and real-engine protocols	2026-10-07T23:42:13.6015704Z 
linux	Build and exercise Rust, terminal and real-engine protocols	2026-10-07T23:42:13.6015983Z test result: ok. 7 passed; 0 failed; 0 ignored; 0 measured; 0 filtered out; finished in 1.10s
linux	Build and exercise Rust, terminal and real-engine protocols	2026-10-07T23:42:13.6016352Z 
linux	Build and exercise Rust, terminal and real-engine protocols	2026-10-07T23:42:13.6024151Z      Running tests/recovery.rs (target/debug/deps/recovery-ed091ef5455ea46a)
linux	Build and exercise Rust, terminal and real-engine protocols	2026-10-07T23:42:13.6039382Z 
linux	Build and exercise Rust, terminal and real-engine protocols	2026-10-07T23:42:13.6039565Z running 3 tests
linux	Build and exercise Rust, terminal and real-engine protocols	2026-10-07T23:42:13.6047666Z test recovery_worker ... ok
linux	Build and exercise Rust, terminal and real-engine protocols	2026-10-07T23:42:13.6117621Z test session_metadata_and_events_commit_together_and_inline_preferences_ignore_legacy_file ... ok
linux	Build and exercise Rust, terminal and real-engine protocols	2026-10-07T23:42:13.7506514Z test settings_backup_restore_survive_disk_full_and_abrupt_atomic_writes ... ok
linux	Build and exercise Rust, terminal and real-engine protocols	2026-10-07T23:42:13.7507027Z 
linux	Build and exercise Rust, terminal and real-engine protocols	2026-10-07T23:42:13.7507355Z test result: ok. 3 passed; 0 failed; 0 ignored; 0 measured; 0 filtered out; finished in 0.15s
linux	Build and exercise Rust, terminal and real-engine protocols	2026-10-07T23:42:13.7507737Z 
linux	Build and exercise Rust, terminal and real-engine protocols	2026-10-07T23:42:13.7510358Z      Running tests/storage.rs (target/debug/deps/storage-ddfa67397fadc804)
linux	Build and exercise Rust, terminal and real-engine protocols	2026-10-07T23:42:13.7523814Z 
linux	Build and exercise Rust, terminal and real-engine protocols	2026-10-07T23:42:13.7523989Z running 6 tests
linux	Build and exercise Rust, terminal and real-engine protocols	2026-10-07T23:42:13.7534190Z test diagnostics_excludes_environment_values_prompts_endpoints_and_source ... ok
linux	Build and exercise Rust, terminal and real-engine protocols	2026-10-07T23:42:13.7535442Z test malformed_archive_never_creates_destination ... ok
linux	Build and exercise Rust, terminal and real-engine protocols	2026-10-07T23:42:13.7676997Z test backup_restores_consistent_sqlite_and_never_overwrites_existing_state ... ok
linux	Build and exercise Rust, terminal and real-engine protocols	2026-10-07T23:42:13.7761266Z test history_retention_archives_first_and_restores_without_overwriting ... ok
linux	Build and exercise Rust, terminal and real-engine protocols	2026-10-07T23:42:13.8202727Z test mutated_archive_corpus_preserves_atomic_restore_boundary ... ok
linux	Build and exercise Rust, terminal and real-engine protocols	2026-10-07T23:42:14.2883837Z test retention_never_deletes_a_conversation_that_exceeds_restore_limits ... ok
linux	Build and exercise Rust, terminal and real-engine protocols	2026-10-07T23:42:14.2884491Z 
linux	Build and exercise Rust, terminal and real-engine protocols	2026-10-07T23:42:14.2884847Z test result: ok. 6 passed; 0 failed; 0 ignored; 0 measured; 0 filtered out; finished in 0.54s
linux	Build and exercise Rust, terminal and real-engine protocols	2026-10-07T23:42:14.2885240Z 
linux	Build and exercise Rust, terminal and real-engine protocols	2026-10-07T23:42:14.2889719Z      Running tests/verification.rs (target/debug/deps/verification-80df5ae3b73deeed)
linux	Build and exercise Rust, terminal and real-engine protocols	2026-10-07T23:42:14.2906667Z 
linux	Build and exercise Rust, terminal and real-engine protocols	2026-10-07T23:42:14.2906861Z running 5 tests
linux	Build and exercise Rust, terminal and real-engine protocols	2026-10-07T23:42:14.2929594Z test dependency_symlinks_track_target_changes_without_following_cycles_forever ... ok
linux	Build and exercise Rust, terminal and real-engine protocols	2026-10-07T23:42:14.3018529Z test structured_reports_reject_missing_incomplete_contradictory_and_fabricated_totals ... ok
linux	Build and exercise Rust, terminal and real-engine protocols	2026-10-07T23:42:14.3135715Z test newer_state_is_rejected_before_any_schema_or_journal_mutation ... ok
linux	Build and exercise Rust, terminal and real-engine protocols	2026-10-07T23:42:14.3227062Z test cli_can_convert_an_existing_script_command_into_a_pinned_contract ... ok
linux	Build and exercise Rust, terminal and real-engine protocols	2026-10-07T23:42:14.4677664Z test independent_check_contract_rejects_fake_output_and_stales_on_assertion_or_dependency_changes ... ok
linux	Build and exercise Rust, terminal and real-engine protocols	2026-10-07T23:42:14.4678273Z 
linux	Build and exercise Rust, terminal and real-engine protocols	2026-10-07T23:42:14.4678580Z test result: ok. 5 passed; 0 failed; 0 ignored; 0 measured; 0 filtered out; finished in 0.18s
linux	Build and exercise Rust, terminal and real-engine protocols	2026-10-07T23:42:14.4679015Z 
linux	Build and exercise Rust, terminal and real-engine protocols	2026-10-07T23:42:14.4682530Z    Doc-tests alt_cli
linux	Build and exercise Rust, terminal and real-engine protocols	2026-10-07T23:42:15.3267948Z 
linux	Build and exercise Rust, terminal and real-engine protocols	2026-10-07T23:42:15.3268492Z running 0 tests
linux	Build and exercise Rust, terminal and real-engine protocols	2026-10-07T23:42:15.3268835Z 
linux	Build and exercise Rust, terminal and real-engine protocols	2026-10-07T23:42:15.3269541Z test result: ok. 0 passed; 0 failed; 0 ignored; 0 measured; 0 filtered out; finished in 0.00s
linux	Build and exercise Rust, terminal and real-engine protocols	2026-10-07T23:42:15.3270812Z 
linux	Build and exercise Rust, terminal and real-engine protocols	2026-10-07T23:42:16.1464216Z     Checking cfg-if v1.0.5
linux	Build and exercise Rust, terminal and real-engine protocols	2026-10-07T23:42:16.1470444Z     Checking libc v0.2.190
linux	Build and exercise Rust, terminal and real-engine protocols	2026-10-07T23:42:16.1483411Z     Checking bitflags v2.13.2
linux	Build and exercise Rust, terminal and real-engine protocols	2026-10-07T23:42:16.1484166Z     Checking smallvec v1.16.2
linux	Build and exercise Rust, terminal and real-engine protocols	2026-10-07T23:42:16.1701234Z     Checking itoa v1.0.18
linux	Build and exercise Rust, terminal and real-engine protocols	2026-10-07T23:42:16.2480940Z     Checking log v0.4.34
linux	Build and exercise Rust, terminal and real-engine protocols	2026-10-07T23:42:16.2540860Z     Checking zerofrom v0.1.8
linux	Build and exercise Rust, terminal and real-engine protocols	2026-10-07T23:42:16.2850965Z     Checking stable_deref_trait v1.2.1
linux	Build and exercise Rust, terminal and real-engine protocols	2026-10-07T23:42:16.3150834Z     Checking futures-core v0.3.34
linux	Build and exercise Rust, terminal and real-engine protocols	2026-10-07T23:42:16.3182799Z     Checking yoke v0.8.3
linux	Build and exercise Rust, terminal and real-engine protocols	2026-10-07T23:42:16.3246850Z     Checking scopeguard v1.2.0
linux	Build and exercise Rust, terminal and real-engine protocols	2026-10-07T23:42:16.3609041Z     Checking lock_api v0.4.14
linux	Build and exercise Rust, terminal and real-engine protocols	2026-10-07T23:42:16.3729110Z     Checking bytes v1.12.1
linux	Build and exercise Rust, terminal and real-engine protocols	2026-10-07T23:42:16.4340926Z     Checking zerovec v0.11.8
linux	Build and exercise Rust, terminal and real-engine protocols	2026-10-07T23:42:16.5192180Z     Checking pin-project-lite v0.2.17
linux	Build and exercise Rust, terminal and real-engine protocols	2026-10-07T23:42:16.5591278Z     Checking once_cell v1.21.4
linux	Build and exercise Rust, terminal and real-engine protocols	2026-10-07T23:42:16.6698332Z     Checking linux-raw-sys v0.12.1
linux	Build and exercise Rust, terminal and real-engine protocols	2026-10-07T23:42:16.7830890Z     Checking litemap v0.8.3
linux	Build and exercise Rust, terminal and real-engine protocols	2026-10-07T23:42:16.8705946Z     Checking tinystr v0.8.4
linux	Build and exercise Rust, terminal and real-engine protocols	2026-10-07T23:42:16.9140982Z     Checking writeable v0.6.4
linux	Build and exercise Rust, terminal and real-engine protocols	2026-10-07T23:42:16.9704638Z     Checking rustix v1.1.5
linux	Build and exercise Rust, terminal and real-engine protocols	2026-10-07T23:42:16.9781040Z     Checking potential_utf v0.1.6
linux	Build and exercise Rust, terminal and real-engine protocols	2026-10-07T23:42:17.0341118Z     Checking zerotrie v0.2.5
linux	Build and exercise Rust, terminal and real-engine protocols	2026-10-07T23:42:17.0430838Z     Checking icu_locale_core v2.3.0
linux	Build and exercise Rust, terminal and real-engine protocols	2026-10-07T23:42:17.2201130Z     Checking equivalent v1.0.2
linux	Build and exercise Rust, terminal and real-engine protocols	2026-10-07T23:42:17.2501372Z     Checking utf8_iter v1.0.4
linux	Build and exercise Rust, terminal and real-engine protocols	2026-10-07T23:42:17.3090832Z     Checking allocator-api2 v0.2.21
linux	Build and exercise Rust, terminal and real-engine protocols	2026-10-07T23:42:17.5370937Z     Checking foldhash v0.2.0
linux	Build and exercise Rust, terminal and real-engine protocols	2026-10-07T23:42:17.6091839Z     Checking icu_collections v2.3.0
linux	Build and exercise Rust, terminal and real-engine protocols	2026-10-07T23:42:17.6162422Z     Checking errno v0.3.14
linux	Build and exercise Rust, terminal and real-engine protocols	2026-10-07T23:42:17.6611041Z     Checking signal-hook-registry v1.4.8
linux	Build and exercise Rust, terminal and real-engine protocols	2026-10-07T23:42:17.6911088Z     Checking mio v1.2.4
linux	Build and exercise Rust, terminal and real-engine protocols	2026-10-07T23:42:17.7541282Z     Checking parking_lot_core v0.9.12
linux	Build and exercise Rust, terminal and real-engine protocols	2026-10-07T23:42:17.8731348Z     Checking socket2 v0.6.5
linux	Build and exercise Rust, terminal and real-engine protocols	2026-10-07T23:42:17.8770631Z     Checking parking_lot v0.12.5
linux	Build and exercise Rust, terminal and real-engine protocols	2026-10-07T23:42:17.9240809Z     Checking icu_provider v2.3.1
linux	Build and exercise Rust, terminal and real-engine protocols	2026-10-07T23:42:18.0031431Z     Checking serde_core v1.0.229
linux	Build and exercise Rust, terminal and real-engine protocols	2026-10-07T23:42:18.0980936Z     Checking tokio v1.53.2
linux	Build and exercise Rust, terminal and real-engine protocols	2026-10-07T23:42:18.1071054Z     Checking http v1.5.0
linux	Build and exercise Rust, terminal and real-engine protocols	2026-10-07T23:42:18.6471064Z     Checking zeroize v1.9.0
linux	Build and exercise Rust, terminal and real-engine protocols	2026-10-07T23:42:18.7291104Z     Checking ryu v1.0.23
linux	Build and exercise Rust, terminal and real-engine protocols	2026-10-07T23:42:18.8060779Z     Checking percent-encoding v2.3.2
linux	Build and exercise Rust, terminal and real-engine protocols	2026-10-07T23:42:18.8644278Z     Checking memchr v2.8.3
linux	Build and exercise Rust, terminal and real-engine protocols	2026-10-07T23:42:19.2381414Z     Checking rustls-pki-types v1.15.1
linux	Build and exercise Rust, terminal and real-engine protocols	2026-10-07T23:42:19.4741357Z     Checking http-body v1.1.0
linux	Build and exercise Rust, terminal and real-engine protocols	2026-10-07T23:42:19.5331333Z     Checking icu_normalizer_data v2.3.0
linux	Build and exercise Rust, terminal and real-engine protocols	2026-10-07T23:42:19.5342134Z     Checking getrandom v0.2.17
linux	Build and exercise Rust, terminal and real-engine protocols	2026-10-07T23:42:19.5641502Z     Checking icu_properties_data v2.3.0
linux	Build and exercise Rust, terminal and real-engine protocols	2026-10-07T23:42:19.6061360Z     Checking utf8parse v0.2.2
linux	Build and exercise Rust, terminal and real-engine protocols	2026-10-07T23:42:19.6431109Z     Checking untrusted v0.9.0
linux	Build and exercise Rust, terminal and real-engine protocols	2026-10-07T23:42:19.6531058Z     Checking either v1.18.0
linux	Build and exercise Rust, terminal and real-engine protocols	2026-10-07T23:42:19.6767101Z     Checking slab v0.4.12
linux	Build and exercise Rust, terminal and real-engine protocols	2026-10-07T23:42:19.7731013Z     Checking futures-task v0.3.34
linux	Build and exercise Rust, terminal and real-engine protocols	2026-10-07T23:42:19.7961059Z     Checking itertools v0.14.0
linux	Build and exercise Rust, terminal and real-engine protocols	2026-10-07T23:42:19.8481000Z     Checking futures-util v0.3.34
linux	Build and exercise Rust, terminal and real-engine protocols	2026-10-07T23:42:20.0141873Z     Checking ring v0.17.14
linux	Build and exercise Rust, terminal and real-engine protocols	2026-10-07T23:42:20.9741142Z     Checking icu_properties v2.3.0
linux	Build and exercise Rust, terminal and real-engine protocols	2026-10-07T23:42:21.0961063Z     Checking thiserror v2.0.21
linux	Build and exercise Rust, terminal and real-engine protocols	2026-10-07T23:42:21.1331038Z     Checking castaway v0.2.4
linux	Build and exercise Rust, terminal and real-engine protocols	2026-10-07T23:42:21.1780995Z     Checking icu_normalizer v2.3.0
linux	Build and exercise Rust, terminal and real-engine protocols	2026-10-07T23:42:21.4258917Z     Checking hashbrown v0.16.1
linux	Build and exercise Rust, terminal and real-engine protocols	2026-10-07T23:42:21.4440583Z     Checking hashbrown v0.17.1
linux	Build and exercise Rust, terminal and real-engine protocols	2026-10-07T23:42:21.6450735Z     Checking unicode-width v0.2.0
linux	Build and exercise Rust, terminal and real-engine protocols	2026-10-07T23:42:21.8021059Z     Checking typenum v1.20.1
linux	Build and exercise Rust, terminal and real-engine protocols	2026-10-07T23:42:21.9080954Z     Checking tower-service v0.3.3
linux	Build and exercise Rust, terminal and real-engine protocols	2026-10-07T23:42:21.9361247Z     Checking static_assertions v1.1.0
linux	Build and exercise Rust, terminal and real-engine protocols	2026-10-07T23:42:21.9421336Z     Checking unicode-segmentation v1.13.3
linux	Build and exercise Rust, terminal and real-engine protocols	2026-10-07T23:42:21.9620925Z     Checking try-lock v0.2.5
linux	Build and exercise Rust, terminal and real-engine protocols	2026-10-07T23:42:21.9980737Z     Checking ipnet v2.12.2
linux	Build and exercise Rust, terminal and real-engine protocols	2026-10-07T23:42:22.0100951Z     Checking idna_adapter v1.2.2
linux	Build and exercise Rust, terminal and real-engine protocols	2026-10-07T23:42:22.0570963Z     Checking want v0.3.2
linux	Build and exercise Rust, terminal and real-engine protocols	2026-10-07T23:42:22.1050841Z     Checking compact_str v0.9.1
linux	Build and exercise Rust, terminal and real-engine protocols	2026-10-07T23:42:22.1579334Z     Checking kasuari v0.4.12
linux	Build and exercise Rust, terminal and real-engine protocols	2026-10-07T23:42:22.2420722Z     Checking unicode-truncate v2.0.1
linux	Build and exercise Rust, terminal and real-engine protocols	2026-10-07T23:42:22.3196854Z     Checking lru v0.18.5
linux	Build and exercise Rust, terminal and real-engine protocols	2026-10-07T23:42:22.3414857Z     Checking strum v0.28.0
linux	Build and exercise Rust, terminal and real-engine protocols	2026-10-07T23:42:22.3861094Z     Checking httparse v1.10.1
linux	Build and exercise Rust, terminal and real-engine protocols	2026-10-07T23:42:22.4152443Z     Checking rustls-webpki v0.103.15
linux	Build and exercise Rust, terminal and real-engine protocols	2026-10-07T23:42:22.4201598Z     Checking signal-hook v0.3.18
linux	Build and exercise Rust, terminal and real-engine protocols	2026-10-07T23:42:22.4591003Z     Checking generic-array v0.14.7
linux	Build and exercise Rust, terminal and real-engine protocols	2026-10-07T23:42:22.5282231Z     Checking form_urlencoded v1.2.2
linux	Build and exercise Rust, terminal and real-engine protocols	2026-10-07T23:42:22.5320867Z     Checking tree-sitter-language v0.1.8
linux	Build and exercise Rust, terminal and real-engine protocols	2026-10-07T23:42:22.5555167Z     Checking tracing-core v0.1.36
linux	Build and exercise Rust, terminal and real-engine protocols	2026-10-07T23:42:22.5840203Z     Checking futures-channel v0.3.34
linux	Build and exercise Rust, terminal and real-engine protocols	2026-10-07T23:42:22.7201031Z     Checking atomic-waker v1.1.2
linux	Build and exercise Rust, terminal and real-engine protocols	2026-10-07T23:42:22.7531219Z     Checking critical-section v1.2.0
linux	Build and exercise Rust, terminal and real-engine protocols	2026-10-07T23:42:22.7740904Z     Checking subtle v2.6.1
linux	Build and exercise Rust, terminal and real-engine protocols	2026-10-07T23:42:22.8038362Z     Checking ratatui-core v0.1.2
linux	Build and exercise Rust, terminal and real-engine protocols	2026-10-07T23:42:22.8441006Z     Checking tracing v0.1.44
linux	Build and exercise Rust, terminal and real-engine protocols	2026-10-07T23:42:22.8591641Z     Checking rustls v0.23.45
linux	Build and exercise Rust, terminal and real-engine protocols	2026-10-07T23:42:22.9620852Z     Checking hyper v1.11.1
linux	Build and exercise Rust, terminal and real-engine protocols	2026-10-07T23:42:22.9740931Z     Checking signal-hook-mio v0.2.5
linux	Build and exercise Rust, terminal and real-engine protocols	2026-10-07T23:42:23.0150950Z     Checking derive_more v2.1.1
linux	Build and exercise Rust, terminal and real-engine protocols	2026-10-07T23:42:23.0420950Z     Checking io-lifetimes v3.0.1
linux	Build and exercise Rust, terminal and real-engine protocols	2026-10-07T23:42:23.0900774Z     Checking io-lifetimes v2.0.4
linux	Build and exercise Rust, terminal and real-engine protocols	2026-10-07T23:42:23.1411228Z     Checking idna v1.1.0
linux	Build and exercise Rust, terminal and real-engine protocols	2026-10-07T23:42:23.3190863Z     Checking anstyle-parse v1.0.0
linux	Build and exercise Rust, terminal and real-engine protocols	2026-10-07T23:42:23.3980792Z     Checking aho-corasick v1.1.5
linux	Build and exercise Rust, terminal and real-engine protocols	2026-10-07T23:42:23.4900790Z     Checking sync_wrapper v1.0.2
linux	Build and exercise Rust, terminal and real-engine protocols	2026-10-07T23:42:23.5240982Z     Checking base64 v0.23.1
linux	Build and exercise Rust, terminal and real-engine protocols	2026-10-07T23:42:23.5951030Z     Checking anstyle v1.0.14
linux	Build and exercise Rust, terminal and real-engine protocols	2026-10-07T23:42:23.7060812Z     Checking regex-syntax v0.8.11
linux	Build and exercise Rust, terminal and real-engine protocols	2026-10-07T23:42:23.7540907Z     Checking anstyle-query v1.1.5
linux	Build and exercise Rust, terminal and real-engine protocols	2026-10-07T23:42:23.7871117Z     Checking foldhash v0.1.5
linux	Build and exercise Rust, terminal and real-engine protocols	2026-10-07T23:42:23.8551011Z     Checking openssl-probe v0.2.1
linux	Build and exercise Rust, terminal and real-engine protocols	2026-10-07T23:42:23.8939125Z     Checking is_terminal_polyfill v1.70.2
linux	Build and exercise Rust, terminal and real-engine protocols	2026-10-07T23:42:23.9231442Z     Checking tower-layer v0.3.3
linux	Build and exercise Rust, terminal and real-engine protocols	2026-10-07T23:42:24.0230936Z     Checking colorchoice v1.0.5
linux	Build and exercise Rust, terminal and real-engine protocols	2026-10-07T23:42:24.0581340Z     Checking anstream v1.0.0
linux	Build and exercise Rust, terminal and real-engine protocols	2026-10-07T23:42:24.1021229Z     Checking tower v0.5.3
linux	Build and exercise Rust, terminal and real-engine protocols	2026-10-07T23:42:24.1920959Z     Checking rustls-native-certs v0.8.4
linux	Build and exercise Rust, terminal and real-engine protocols	2026-10-07T23:42:24.2440951Z     Checking hashbrown v0.15.5
linux	Build and exercise Rust, terminal and real-engine protocols	2026-10-07T23:42:24.4541184Z     Checking hyper-util v0.1.21
linux	Build and exercise Rust, terminal and real-engine protocols	2026-10-07T23:42:24.6871286Z     Checking serde v1.0.229
linux	Build and exercise Rust, terminal and real-engine protocols	2026-10-07T23:42:25.0934805Z     Checking regex-automata v0.4.18
linux	Build and exercise Rust, terminal and real-engine protocols	2026-10-07T23:42:25.1311028Z     Checking thiserror v1.0.69
linux	Build and exercise Rust, terminal and real-engine protocols	2026-10-07T23:42:25.1660924Z     Checking url v2.5.8
linux	Build and exercise Rust, terminal and real-engine protocols	2026-10-07T23:42:25.2650736Z     Checking tokio-rustls v0.26.6
linux	Build and exercise Rust, terminal and real-engine protocols	2026-10-07T23:42:25.3211026Z     Checking fs-set-times v0.20.3
linux	Build and exercise Rust, terminal and real-engine protocols	2026-10-07T23:42:25.3630826Z     Checking io-extras v0.19.0
linux	Build and exercise Rust, terminal and real-engine protocols	2026-10-07T23:42:25.4209266Z     Checking crossterm v0.29.0
linux	Build and exercise Rust, terminal and real-engine protocols	2026-10-07T23:42:25.4328969Z     Checking block-buffer v0.10.4
linux	Build and exercise Rust, terminal and real-engine protocols	2026-10-07T23:42:25.4951000Z     Checking crypto-common v0.1.7
linux	Build and exercise Rust, terminal and real-engine protocols	2026-10-07T23:42:25.5030819Z     Checking getrandom v0.4.3
linux	Build and exercise Rust, terminal and real-engine protocols	2026-10-07T23:42:25.5350803Z     Checking rustix-linux-procfs v0.1.1
linux	Build and exercise Rust, terminal and real-engine protocols	2026-10-07T23:42:25.5690879Z     Checking zmij v1.0.23
linux	Build and exercise Rust, terminal and real-engine protocols	2026-10-07T23:42:25.6071392Z     Checking line-clipping v0.3.8
linux	Build and exercise Rust, terminal and real-engine protocols	2026-10-07T23:42:25.6951141Z     Checking arrayvec v0.7.8
linux	Build and exercise Rust, terminal and real-engine protocols	2026-10-07T23:42:25.8151542Z     Checking strsim v0.11.1
linux	Build and exercise Rust, terminal and real-engine protocols	2026-10-07T23:42:25.8180460Z     Checking futures-sink v0.3.34
linux	Build and exercise Rust, terminal and real-engine protocols	2026-10-07T23:42:25.8510773Z     Checking simd-adler32 v0.3.10
linux	Build and exercise Rust, terminal and real-engine protocols	2026-10-07T23:42:25.8950958Z     Checking ambient-authority v0.0.2
linux	Build and exercise Rust, terminal and real-engine protocols	2026-10-07T23:42:25.9211049Z     Checking maybe-owned v0.3.4
linux	Build and exercise Rust, terminal and real-engine protocols	2026-10-07T23:42:25.9460806Z     Checking clap_lex v1.1.1
linux	Build and exercise Rust, terminal and real-engine protocols	2026-10-07T23:42:25.9875171Z     Checking winnow v1.0.4
linux	Build and exercise Rust, terminal and real-engine protocols	2026-10-07T23:42:26.0181010Z     Checking adler2 v2.0.1
linux	Build and exercise Rust, terminal and real-engine protocols	2026-10-07T23:42:26.0240725Z     Checking cap-primitives v4.0.3
linux	Build and exercise Rust, terminal and real-engine protocols	2026-10-07T23:42:26.0641382Z     Checking miniz_oxide v0.9.1
linux	Build and exercise Rust, terminal and real-engine protocols	2026-10-07T23:42:26.2491397Z     Checking toml_parser v1.1.3+spec-1.1.0
linux	Build and exercise Rust, terminal and real-engine protocols	2026-10-07T23:42:26.3285595Z     Checking clap_builder v4.6.7
linux	Build and exercise Rust, terminal and real-engine protocols	2026-10-07T23:42:26.3918667Z     Checking ratatui-crossterm v0.1.2
linux	Build and exercise Rust, terminal and real-engine protocols	2026-10-07T23:42:26.4881084Z     Checking tokio-util v0.7.19
linux	Build and exercise Rust, terminal and real-engine protocols	2026-10-07T23:42:26.5320806Z     Checking serde_json v1.0.151
linux	Build and exercise Rust, terminal and real-engine protocols	2026-10-07T23:42:26.6501897Z     Checking regex v1.13.1
linux	Build and exercise Rust, terminal and real-engine protocols	2026-10-07T23:42:26.7734560Z     Checking vte v0.11.1
linux	Build and exercise Rust, terminal and real-engine protocols	2026-10-07T23:42:26.8915067Z     Checking ratatui-widgets v0.3.2
linux	Build and exercise Rust, terminal and real-engine protocols	2026-10-07T23:42:27.2201066Z     Checking nix v0.28.0
linux	Build and exercise Rust, terminal and real-engine protocols	2026-10-07T23:42:27.3265298Z     Checking libsqlite3-sys v0.35.0
linux	Build and exercise Rust, terminal and real-engine protocols	2026-10-07T23:42:27.4590895Z     Checking digest v0.10.7
linux	Build and exercise Rust, terminal and real-engine protocols	2026-10-07T23:42:27.5641026Z     Checking tower-http v0.6.11
linux	Build and exercise Rust, terminal and real-engine protocols	2026-10-07T23:42:27.7145798Z     Checking hyper-rustls v0.27.10
linux	Build and exercise Rust, terminal and real-engine protocols	2026-10-07T23:42:27.7450845Z     Checking filedescriptor v0.8.3
linux	Build and exercise Rust, terminal and real-engine protocols	2026-10-07T23:42:27.7791013Z     Checking serde_urlencoded v0.7.1
linux	Build and exercise Rust, terminal and real-engine protocols	2026-10-07T23:42:27.8191333Z     Checking anyhow v1.0.104
linux	Build and exercise Rust, terminal and real-engine protocols	2026-10-07T23:42:27.8271096Z     Checking hashlink v0.10.0
linux	Build and exercise Rust, terminal and real-engine protocols	2026-10-07T23:42:27.9391534Z    Compiling alt-cli v0.6.0 (/home/runner/work/alt-cli/alt-cli)
linux	Build and exercise Rust, terminal and real-engine protocols	2026-10-07T23:42:27.9590920Z     Checking crc32fast v1.5.2
linux	Build and exercise Rust, terminal and real-engine protocols	2026-10-07T23:42:28.0320917Z     Checking toml_datetime v0.7.5+spec-1.1.0
linux	Build and exercise Rust, terminal and real-engine protocols	2026-10-07T23:42:28.0321524Z     Checking serde_spanned v1.1.1
linux	Build and exercise Rust, terminal and real-engine protocols	2026-10-07T23:42:28.0901322Z     Checking xattr v1.6.1
linux	Build and exercise Rust, terminal and real-engine protocols	2026-10-07T23:42:28.1590914Z     Checking http-body-util v0.1.5
linux	Build and exercise Rust, terminal and real-engine protocols	2026-10-07T23:42:28.1720973Z     Checking serial2 v0.2.38
linux	Build and exercise Rust, terminal and real-engine protocols	2026-10-07T23:42:28.2420913Z     Checking filetime v0.2.29
linux	Build and exercise Rust, terminal and real-engine protocols	2026-10-07T23:42:28.3060949Z     Checking fallible-streaming-iterator v0.1.9
linux	Build and exercise Rust, terminal and real-engine protocols	2026-10-07T23:42:28.3190940Z     Checking downcast-rs v1.2.1
linux	Build and exercise Rust, terminal and real-engine protocols	2026-10-07T23:42:28.3280742Z     Checking winnow v0.7.15
linux	Build and exercise Rust, terminal and real-engine protocols	2026-10-07T23:42:28.3351328Z     Checking unicode-width v0.1.14
linux	Build and exercise Rust, terminal and real-engine protocols	2026-10-07T23:42:28.3510998Z     Checking streaming-iterator v0.1.9
linux	Build and exercise Rust, terminal and real-engine protocols	2026-10-07T23:42:28.3831175Z     Checking shell-words v1.1.1
linux	Build and exercise Rust, terminal and real-engine protocols	2026-10-07T23:42:28.4250907Z     Checking fastrand v2.5.0
linux	Build and exercise Rust, terminal and real-engine protocols	2026-10-07T23:42:28.5001087Z     Checking fallible-iterator v0.3.0
linux	Build and exercise Rust, terminal and real-engine protocols	2026-10-07T23:42:28.5301015Z     Checking cpufeatures v0.2.17
linux	Build and exercise Rust, terminal and real-engine protocols	2026-10-07T23:42:28.5571061Z     Checking toml_writer v1.1.2+spec-1.1.0
linux	Build and exercise Rust, terminal and real-engine protocols	2026-10-07T23:42:28.5660952Z     Checking base64 v0.22.1
linux	Build and exercise Rust, terminal and real-engine protocols	2026-10-07T23:42:28.6620870Z     Checking tree-sitter v0.25.10
linux	Build and exercise Rust, terminal and real-engine protocols	2026-10-07T23:42:28.7371034Z     Checking reqwest v0.12.28
linux	Build and exercise Rust, terminal and real-engine protocols	2026-10-07T23:42:28.7520998Z     Checking rusqlite v0.37.0
linux	Build and exercise Rust, terminal and real-engine protocols	2026-10-07T23:42:28.9769213Z     Checking sha2 v0.10.9
linux	Build and exercise Rust, terminal and real-engine protocols	2026-10-07T23:42:29.2030357Z     Checking tempfile v3.27.0
linux	Build and exercise Rust, terminal and real-engine protocols	2026-10-07T23:42:29.3381097Z     Checking vt100 v0.15.2
linux	Build and exercise Rust, terminal and real-engine protocols	2026-10-07T23:42:29.3631016Z     Checking portable-pty v0.9.0
linux	Build and exercise Rust, terminal and real-engine protocols	2026-10-07T23:42:29.4151085Z     Checking tar v0.4.46
linux	Build and exercise Rust, terminal and real-engine protocols	2026-10-07T23:42:29.5360938Z     Checking clap v4.6.7
linux	Build and exercise Rust, terminal and real-engine protocols	2026-10-07T23:42:29.6071144Z     Checking flate2 v1.1.10
linux	Build and exercise Rust, terminal and real-engine protocols	2026-10-07T23:42:29.6233394Z     Checking toml v0.9.12+spec-1.1.0
linux	Build and exercise Rust, terminal and real-engine protocols	2026-10-07T23:42:29.6630837Z     Checking nix v0.30.1
linux	Build and exercise Rust, terminal and real-engine protocols	2026-10-07T23:42:29.7837733Z     Checking ratatui v0.30.2
linux	Build and exercise Rust, terminal and real-engine protocols	2026-10-07T23:42:29.8568195Z     Checking tree-sitter-rust v0.24.2
linux	Build and exercise Rust, terminal and real-engine protocols	2026-10-07T23:42:29.8606778Z     Checking tree-sitter-javascript v0.25.0
linux	Build and exercise Rust, terminal and real-engine protocols	2026-10-07T23:42:29.8911654Z     Checking tree-sitter-python v0.25.0
linux	Build and exercise Rust, terminal and real-engine protocols	2026-10-07T23:42:29.8981131Z     Checking cap-std v4.0.3
linux	Build and exercise Rust, terminal and real-engine protocols	2026-10-07T23:42:29.9271083Z     Checking uuid v1.27.0
linux	Build and exercise Rust, terminal and real-engine protocols	2026-10-07T23:42:30.0681024Z     Checking roxmltree v0.21.1
linux	Build and exercise Rust, terminal and real-engine protocols	2026-10-07T23:42:30.1488251Z     Checking fs2 v0.4.3
linux	Build and exercise Rust, terminal and real-engine protocols	2026-10-07T23:42:30.1550938Z     Checking similar v2.7.0
linux	Build and exercise Rust, terminal and real-engine protocols	2026-10-07T23:42:37.2556844Z     Finished `dev` profile [unoptimized] target(s) in 21.36s
linux	Build and exercise Rust, terminal and real-engine protocols	2026-10-07T23:42:42.2901740Z Traceback (most recent call last):
linux	Build and exercise Rust, terminal and real-engine protocols	2026-10-07T23:42:42.2902619Z   File "/home/runner/work/alt-cli/alt-cli/scripts/smoke_tui.py", line 237, in <module>
linux	Build and exercise Rust, terminal and real-engine protocols	2026-10-07T23:42:42.2903786Z     while time.monotonic() < deadline and any(running(pid) for pid in children): time.sleep(0.05)
linux	Build and exercise Rust, terminal and real-engine protocols	2026-10-07T23:42:42.2904722Z                                           ^^^^^^^^^^^^^^^^^^^^^^^^^^^^^^^^^^^^^
linux	Build and exercise Rust, terminal and real-engine protocols	2026-10-07T23:42:42.2905575Z   File "/home/runner/work/alt-cli/alt-cli/scripts/smoke_tui.py", line 237, in <genexpr>
linux	Build and exercise Rust, terminal and real-engine protocols	2026-10-07T23:42:42.2906682Z     while time.monotonic() < deadline and any(running(pid) for pid in children): time.sleep(0.05)
linux	Build and exercise Rust, terminal and real-engine protocols	2026-10-07T23:42:42.2907475Z                                               ^^^^^^^^^^^^
linux	Build and exercise Rust, terminal and real-engine protocols	2026-10-07T23:42:42.2908111Z   File "/home/runner/work/alt-cli/alt-cli/scripts/smoke_tui.py", line 233, in running
linux	Build and exercise Rust, terminal and real-engine protocols	2026-10-07T23:42:42.2909016Z     return "\nState:\tZ" not in Path(f"/proc/{pid}/status").read_text()
linux	Build and exercise Rust, terminal and real-engine protocols	2026-10-07T23:42:42.2909736Z                                 ^^^^^^^^^^^^^^^^^^^^^^^^^^^^^^^^^^^^^^^
linux	Build and exercise Rust, terminal and real-engine protocols	2026-10-07T23:42:42.2910759Z   File "/usr/lib/python3.12/pathlib.py", line 1030, in read_text
linux	Build and exercise Rust, terminal and real-engine protocols	2026-10-07T23:42:42.2913821Z     return f.read()
linux	Build and exercise Rust, terminal and real-engine protocols	2026-10-07T23:42:42.2914203Z            ^^^^^^^^
linux	Build and exercise Rust, terminal and real-engine protocols	2026-10-07T23:42:42.2914608Z ProcessLookupError: [Errno 3] No such process
linux	Build and exercise Rust, terminal and real-engine protocols	2026-10-07T23:42:42.3136757Z ##[error]Process completed with exit code 1.
