linux	Build and exercise Rust, terminal and real-engine protocols	﻿2026-10-07T01:30:06.1334038Z ##[group]Run bash scripts/setup-cloud.sh
linux	Build and exercise Rust, terminal and real-engine protocols	2026-10-07T01:30:06.1334807Z ^[[36;1mbash scripts/setup-cloud.sh^[[0m
linux	Build and exercise Rust, terminal and real-engine protocols	2026-10-07T01:30:06.1391650Z shell: /usr/bin/bash -e {0}
linux	Build and exercise Rust, terminal and real-engine protocols	2026-10-07T01:30:06.1392389Z ##[endgroup]
linux	Build and exercise Rust, terminal and real-engine protocols	2026-10-07T01:30:06.5541292Z info: profile set to minimal
linux	Build and exercise Rust, terminal and real-engine protocols	2026-10-07T01:30:06.5543041Z info: default host tuple is x86_64-unknown-linux-gnu
linux	Build and exercise Rust, terminal and real-engine protocols	2026-10-07T01:30:06.5546078Z info: syncing channel updates for 1.99.0-x86_64-unknown-linux-gnu
linux	Build and exercise Rust, terminal and real-engine protocols	2026-10-07T01:30:06.7195155Z info: latest update on 2026-10-01 for version 1.99.0 (b940084d7 2026-09-28)
linux	Build and exercise Rust, terminal and real-engine protocols	2026-10-07T01:30:06.7196403Z info: downloading 5 components
linux	Build and exercise Rust, terminal and real-engine protocols	2026-10-07T01:30:14.4089935Z info: default toolchain set to 1.99.0-x86_64-unknown-linux-gnu
linux	Build and exercise Rust, terminal and real-engine protocols	2026-10-07T01:30:14.4090500Z 
linux	Build and exercise Rust, terminal and real-engine protocols	2026-10-07T01:30:14.4151375Z   1.99.0-x86_64-unknown-linux-gnu installed - rustc 1.99.0 (b940084d7 2026-09-28)
linux	Build and exercise Rust, terminal and real-engine protocols	2026-10-07T01:30:14.4151773Z 
linux	Build and exercise Rust, terminal and real-engine protocols	2026-10-07T01:30:14.4152049Z 
linux	Build and exercise Rust, terminal and real-engine protocols	2026-10-07T01:30:14.4152370Z Rust is installed now. Great!
linux	Build and exercise Rust, terminal and real-engine protocols	2026-10-07T01:30:14.4152716Z 
linux	Build and exercise Rust, terminal and real-engine protocols	2026-10-07T01:30:14.4153002Z To get started you need Cargo's bin directory (/workspace/.cargo/bin) in your 
linux	Build and exercise Rust, terminal and real-engine protocols	2026-10-07T01:30:14.4153542Z PATH
linux	Build and exercise Rust, terminal and real-engine protocols	2026-10-07T01:30:14.4153910Z environment variable. This has not been done automatically.
linux	Build and exercise Rust, terminal and real-engine protocols	2026-10-07T01:30:14.4154213Z 
linux	Build and exercise Rust, terminal and real-engine protocols	2026-10-07T01:30:14.4154558Z To configure your current shell, you need to source
linux	Build and exercise Rust, terminal and real-engine protocols	2026-10-07T01:30:14.4154934Z the corresponding env file under /workspace/.cargo.
linux	Build and exercise Rust, terminal and real-engine protocols	2026-10-07T01:30:14.4155319Z 
linux	Build and exercise Rust, terminal and real-engine protocols	2026-10-07T01:30:14.4158172Z Consider running the right command for your shell (note the leading DOT):
linux	Build and exercise Rust, terminal and real-engine protocols	2026-10-07T01:30:14.4158960Z . "/workspace/.cargo/env"     # For sh/ash/dash/pdksh/bash
linux	Build and exercise Rust, terminal and real-engine protocols	2026-10-07T01:30:14.4159593Z . "/workspace/.cargo/env.ps1" # For pwsh
linux	Build and exercise Rust, terminal and real-engine protocols	2026-10-07T01:30:14.4160204Z cargo:rerun-if-env-changed=CC_x86_64-unknown-linux-gnu
linux	Build and exercise Rust, terminal and real-engine protocols	2026-10-07T01:30:14.4160757Z CC_x86_64-unknown-linux-gnu = None
linux	Build and exercise Rust, terminal and real-engine protocols	2026-10-07T01:30:14.4161903Z cargo:rerun-if-env-changed=CC_x86_64_unknown_linux_gnu
linux	Build and exercise Rust, terminal and real-engine protocols	2026-10-07T01:30:14.4162498Z CC_x86_64_unknown_linux_gnu = None
linux	Build and exercise Rust, terminal and real-engine protocols	2026-10-07T01:30:14.4162856Z cargo:rerun-if-env-changed=HOST_CC
linux	Build and exercise Rust, terminal and real-engine protocols	2026-10-07T01:30:14.4163156Z HOST_CC = None
linux	Build and exercise Rust, terminal and real-engine protocols	2026-10-07T01:30:14.4163376Z cargo:rerun-if-env-changed=CC
linux	Build and exercise Rust, terminal and real-engine protocols	2026-10-07T01:30:14.4163644Z CC = None
linux	Build and exercise Rust, terminal and real-engine protocols	2026-10-07T01:30:14.4163848Z cargo:rerun-if-env-changed=CC_ENABLE_DEBUG_OUTPUT
linux	Build and exercise Rust, terminal and real-engine protocols	2026-10-07T01:30:15.1563721Z cargo:rerun-if-env-changed=CRATE_CC_NO_DEFAULTS
linux	Build and exercise Rust, terminal and real-engine protocols	2026-10-07T01:30:15.1564263Z CRATE_CC_NO_DEFAULTS = None
linux	Build and exercise Rust, terminal and real-engine protocols	2026-10-07T01:30:15.1564589Z cargo:rerun-if-env-changed=CFLAGS
linux	Build and exercise Rust, terminal and real-engine protocols	2026-10-07T01:30:15.1564978Z CFLAGS = None
linux	Build and exercise Rust, terminal and real-engine protocols	2026-10-07T01:30:15.1565252Z cargo:rerun-if-env-changed=HOST_CFLAGS
linux	Build and exercise Rust, terminal and real-engine protocols	2026-10-07T01:30:15.1565568Z HOST_CFLAGS = None
linux	Build and exercise Rust, terminal and real-engine protocols	2026-10-07T01:30:15.1565805Z cargo:rerun-if-env-changed=CFLAGS_x86_64_unknown_linux_gnu
linux	Build and exercise Rust, terminal and real-engine protocols	2026-10-07T01:30:15.1566080Z CFLAGS_x86_64_unknown_linux_gnu = None
linux	Build and exercise Rust, terminal and real-engine protocols	2026-10-07T01:30:15.1566342Z cargo:rerun-if-env-changed=CFLAGS_x86_64-unknown-linux-gnu
linux	Build and exercise Rust, terminal and real-engine protocols	2026-10-07T01:30:15.1632950Z CFLAGS_x86_64-unknown-linux-gnu = None
linux	Build and exercise Rust, terminal and real-engine protocols	2026-10-07T01:30:15.2006006Z info: syncing channel updates for 1.99.0-x86_64-unknown-linux-gnu
linux	Build and exercise Rust, terminal and real-engine protocols	2026-10-07T01:30:15.3581292Z info: latest update on 2026-10-01 for version 1.99.0 (b940084d7 2026-09-28)
linux	Build and exercise Rust, terminal and real-engine protocols	2026-10-07T01:30:15.3699131Z info: component clippy is up to date
linux	Build and exercise Rust, terminal and real-engine protocols	2026-10-07T01:30:15.3699639Z info: component rustfmt is up to date
linux	Build and exercise Rust, terminal and real-engine protocols	2026-10-07T01:30:15.3710882Z 
linux	Build and exercise Rust, terminal and real-engine protocols	2026-10-07T01:30:15.3769875Z   1.99.0-x86_64-unknown-linux-gnu unchanged - rustc 1.99.0 (b940084d7 2026-09-28)
linux	Build and exercise Rust, terminal and real-engine protocols	2026-10-07T01:30:15.3770361Z 
linux	Build and exercise Rust, terminal and real-engine protocols	2026-10-07T01:30:22.9103715Z Collecting pyte==0.8.2 (from -r requirements-dev.txt (line 2))
linux	Build and exercise Rust, terminal and real-engine protocols	2026-10-07T01:30:22.9594310Z   Downloading pyte-0.8.2-py3-none-any.whl.metadata (3.0 kB)
linux	Build and exercise Rust, terminal and real-engine protocols	2026-10-07T01:30:23.0736881Z Collecting wcwidth==0.2.13 (from -r requirements-dev.txt (line 3))
linux	Build and exercise Rust, terminal and real-engine protocols	2026-10-07T01:30:23.0845198Z   Downloading wcwidth-0.2.13-py2.py3-none-any.whl.metadata (14 kB)
linux	Build and exercise Rust, terminal and real-engine protocols	2026-10-07T01:30:23.1245714Z Collecting jsonschema==4.26.0 (from -r requirements-dev.txt (line 5))
linux	Build and exercise Rust, terminal and real-engine protocols	2026-10-07T01:30:23.1347941Z   Downloading jsonschema-4.26.0-py3-none-any.whl.metadata (7.6 kB)
linux	Build and exercise Rust, terminal and real-engine protocols	2026-10-07T01:30:23.1601292Z Collecting attrs==26.1.0 (from -r requirements-dev.txt (line 6))
linux	Build and exercise Rust, terminal and real-engine protocols	2026-10-07T01:30:23.1699879Z   Downloading attrs-26.1.0-py3-none-any.whl.metadata (8.8 kB)
linux	Build and exercise Rust, terminal and real-engine protocols	2026-10-07T01:30:23.1933431Z Collecting jsonschema-specifications==2025.9.1 (from -r requirements-dev.txt (line 7))
linux	Build and exercise Rust, terminal and real-engine protocols	2026-10-07T01:30:23.2033386Z   Downloading jsonschema_specifications-2025.9.1-py3-none-any.whl.metadata (2.9 kB)
linux	Build and exercise Rust, terminal and real-engine protocols	2026-10-07T01:30:23.2383450Z Collecting referencing==0.37.0 (from -r requirements-dev.txt (line 8))
linux	Build and exercise Rust, terminal and real-engine protocols	2026-10-07T01:30:23.2484326Z   Downloading referencing-0.37.0-py3-none-any.whl.metadata (2.8 kB)
linux	Build and exercise Rust, terminal and real-engine protocols	2026-10-07T01:30:23.5174469Z Collecting rpds-py==2026.6.3 (from -r requirements-dev.txt (line 9))
linux	Build and exercise Rust, terminal and real-engine protocols	2026-10-07T01:30:23.5277152Z   Downloading rpds_py-2026.6.3-cp312-cp312-manylinux_2_17_x86_64.manylinux2014_x86_64.whl.metadata (4.1 kB)
linux	Build and exercise Rust, terminal and real-engine protocols	2026-10-07T01:30:23.5550986Z Collecting typing-extensions==4.16.0 (from -r requirements-dev.txt (line 10))
linux	Build and exercise Rust, terminal and real-engine protocols	2026-10-07T01:30:23.5653031Z   Downloading typing_extensions-4.16.0-py3-none-any.whl.metadata (3.3 kB)
linux	Build and exercise Rust, terminal and real-engine protocols	2026-10-07T01:30:23.6108462Z Downloading pyte-0.8.2-py3-none-any.whl (31 kB)
linux	Build and exercise Rust, terminal and real-engine protocols	2026-10-07T01:30:23.6250070Z Downloading wcwidth-0.2.13-py2.py3-none-any.whl (34 kB)
linux	Build and exercise Rust, terminal and real-engine protocols	2026-10-07T01:30:23.6377656Z Downloading jsonschema-4.26.0-py3-none-any.whl (90 kB)
linux	Build and exercise Rust, terminal and real-engine protocols	2026-10-07T01:30:23.6496065Z    ━━━━━━━━━━━━━━━━━━━━━━━━━━━━━━━━━━━━━━━━ 90.6/90.6 kB 8.2 MB/s eta 0:00:00
linux	Build and exercise Rust, terminal and real-engine protocols	2026-10-07T01:30:23.6594979Z Downloading attrs-26.1.0-py3-none-any.whl (67 kB)
linux	Build and exercise Rust, terminal and real-engine protocols	2026-10-07T01:30:23.6627650Z    ━━━━━━━━━━━━━━━━━━━━━━━━━━━━━━━━━━━━━━━━ 67.5/67.5 kB 30.4 MB/s eta 0:00:00
linux	Build and exercise Rust, terminal and real-engine protocols	2026-10-07T01:30:23.6723427Z Downloading jsonschema_specifications-2025.9.1-py3-none-any.whl (18 kB)
linux	Build and exercise Rust, terminal and real-engine protocols	2026-10-07T01:30:23.6840912Z Downloading referencing-0.37.0-py3-none-any.whl (26 kB)
linux	Build and exercise Rust, terminal and real-engine protocols	2026-10-07T01:30:23.6956772Z Downloading rpds_py-2026.6.3-cp312-cp312-manylinux_2_17_x86_64.manylinux2014_x86_64.whl (366 kB)
linux	Build and exercise Rust, terminal and real-engine protocols	2026-10-07T01:30:23.7182595Z    ━━━━━━━━━━━━━━━━━━━━━━━━━━━━━━━━━━━━━━━━ 366.2/366.2 kB 17.0 MB/s eta 0:00:00
linux	Build and exercise Rust, terminal and real-engine protocols	2026-10-07T01:30:23.7280622Z Downloading typing_extensions-4.16.0-py3-none-any.whl (45 kB)
linux	Build and exercise Rust, terminal and real-engine protocols	2026-10-07T01:30:23.7310713Z    ━━━━━━━━━━━━━━━━━━━━━━━━━━━━━━━━━━━━━━━━ 45.6/45.6 kB 22.4 MB/s eta 0:00:00
linux	Build and exercise Rust, terminal and real-engine protocols	2026-10-07T01:30:24.1199787Z Installing collected packages: wcwidth, typing-extensions, rpds-py, pyte, attrs, referencing, jsonschema-specifications, jsonschema
linux	Build and exercise Rust, terminal and real-engine protocols	2026-10-07T01:30:24.3459707Z Successfully installed attrs-26.1.0 jsonschema-4.26.0 jsonschema-specifications-2025.9.1 pyte-0.8.2 referencing-0.37.0 rpds-py-2026.6.3 typing-extensions-4.16.0 wcwidth-0.2.13
linux	Build and exercise Rust, terminal and real-engine protocols	2026-10-07T01:30:24.4861707Z     Updating crates.io index
linux	Build and exercise Rust, terminal and real-engine protocols	2026-10-07T01:30:25.2942629Z  Downloading crates ...
linux	Build and exercise Rust, terminal and real-engine protocols	2026-10-07T01:30:25.3993490Z   Downloaded rand v0.8.8
linux	Build and exercise Rust, terminal and real-engine protocols	2026-10-07T01:30:25.4026685Z   Downloaded adler2 v2.0.1
linux	Build and exercise Rust, terminal and real-engine protocols	2026-10-07T01:30:25.4092644Z   Downloaded rand_pcg v0.10.2
linux	Build and exercise Rust, terminal and real-engine protocols	2026-10-07T01:30:25.4106380Z   Downloaded rustc-hash v2.1.3
linux	Build and exercise Rust, terminal and real-engine protocols	2026-10-07T01:30:25.4116168Z   Downloaded scopeguard v1.2.0
linux	Build and exercise Rust, terminal and real-engine protocols	2026-10-07T01:30:25.4183285Z   Downloaded signal-hook-mio v0.2.5
linux	Build and exercise Rust, terminal and real-engine protocols	2026-10-07T01:30:25.4213949Z   Downloaded rustc_version v0.4.1
linux	Build and exercise Rust, terminal and real-engine protocols	2026-10-07T01:30:25.4269261Z   Downloaded rand_core v0.6.4
linux	Build and exercise Rust, terminal and real-engine protocols	2026-10-07T01:30:25.4279932Z   Downloaded rand_core v0.10.1
linux	Build and exercise Rust, terminal and real-engine protocols	2026-10-07T01:30:25.4294420Z   Downloaded ratatui-termwiz v0.1.2
linux	Build and exercise Rust, terminal and real-engine protocols	2026-10-07T01:30:25.4347957Z   Downloaded quote v1.0.47
linux	Build and exercise Rust, terminal and real-engine protocols	2026-10-07T01:30:25.4433368Z   Downloaded siphasher v1.0.4
linux	Build and exercise Rust, terminal and real-engine protocols	2026-10-07T01:30:25.4444963Z   Downloaded strsim v0.11.1
linux	Build and exercise Rust, terminal and real-engine protocols	2026-10-07T01:30:25.4454658Z   Downloaded tokio-macros v2.7.2
linux	Build and exercise Rust, terminal and real-engine protocols	2026-10-07T01:30:25.4462911Z   Downloaded tower-layer v0.3.3
linux	Build and exercise Rust, terminal and real-engine protocols	2026-10-07T01:30:25.4469923Z   Downloaded tree-sitter-language v0.1.8
linux	Build and exercise Rust, terminal and real-engine protocols	2026-10-07T01:30:25.4483897Z   Downloaded rustls-native-certs v0.8.4
linux	Build and exercise Rust, terminal and real-engine protocols	2026-10-07T01:30:25.4493531Z   Downloaded stable_deref_trait v1.2.1
linux	Build and exercise Rust, terminal and real-engine protocols	2026-10-07T01:30:25.4499892Z   Downloaded strum v0.28.0
linux	Build and exercise Rust, terminal and real-engine protocols	2026-10-07T01:30:25.4506624Z   Downloaded thiserror-impl v1.0.69
linux	Build and exercise Rust, terminal and real-engine protocols	2026-10-07T01:30:25.4517297Z   Downloaded quinn-udp v0.5.16
linux	Build and exercise Rust, terminal and real-engine protocols	2026-10-07T01:30:25.4530924Z   Downloaded filedescriptor v0.8.3
linux	Build and exercise Rust, terminal and real-engine protocols	2026-10-07T01:30:25.4538819Z   Downloaded fixedbitset v0.4.2
linux	Build and exercise Rust, terminal and real-engine protocols	2026-10-07T01:30:25.4548643Z   Downloaded subtle v2.6.1
linux	Build and exercise Rust, terminal and real-engine protocols	2026-10-07T01:30:25.4582780Z   Downloaded try-lock v0.2.5
linux	Build and exercise Rust, terminal and real-engine protocols	2026-10-07T01:30:25.4583350Z   Downloaded serde_spanned v1.1.1
linux	Build and exercise Rust, terminal and real-engine protocols	2026-10-07T01:30:25.4583886Z   Downloaded sync_wrapper v1.0.2
linux	Build and exercise Rust, terminal and real-engine protocols	2026-10-07T01:30:25.4584262Z   Downloaded shell-words v1.1.1
linux	Build and exercise Rust, terminal and real-engine protocols	2026-10-07T01:30:25.4588174Z   Downloaded ratatui-crossterm v0.1.2
linux	Build and exercise Rust, terminal and real-engine protocols	2026-10-07T01:30:25.4597163Z   Downloaded ratatui-termina v0.1.0
linux	Build and exercise Rust, terminal and real-engine protocols	2026-10-07T01:30:25.4605929Z   Downloaded rustix-linux-procfs v0.1.1
linux	Build and exercise Rust, terminal and real-engine protocols	2026-10-07T01:30:25.4615483Z   Downloaded rustversion v1.0.23
linux	Build and exercise Rust, terminal and real-engine protocols	2026-10-07T01:30:25.4636993Z   Downloaded serde_urlencoded v0.7.1
linux	Build and exercise Rust, terminal and real-engine protocols	2026-10-07T01:30:25.4649777Z   Downloaded time-core v0.1.9
linux	Build and exercise Rust, terminal and real-engine protocols	2026-10-07T01:30:25.4658721Z   Downloaded futures-core v0.3.34
linux	Build and exercise Rust, terminal and real-engine protocols	2026-10-07T01:30:25.4669936Z   Downloaded semver v1.0.28
linux	Build and exercise Rust, terminal and real-engine protocols	2026-10-07T01:30:25.4688945Z   Downloaded slab v0.4.12
linux	Build and exercise Rust, terminal and real-engine protocols	2026-10-07T01:30:25.4699293Z   Downloaded static_assertions v1.1.0
linux	Build and exercise Rust, terminal and real-engine protocols	2026-10-07T01:30:25.4711328Z   Downloaded synstructure v0.14.0
linux	Build and exercise Rust, terminal and real-engine protocols	2026-10-07T01:30:25.4719334Z   Downloaded thiserror-impl v2.0.21
linux	Build and exercise Rust, terminal and real-engine protocols	2026-10-07T01:30:25.4730386Z   Downloaded toml_datetime v0.7.5+spec-1.1.0
linux	Build and exercise Rust, terminal and real-engine protocols	2026-10-07T01:30:25.4740406Z   Downloaded toml_writer v1.1.2+spec-1.1.0
linux	Build and exercise Rust, terminal and real-engine protocols	2026-10-07T01:30:25.4751760Z   Downloaded tower-service v0.3.3
linux	Build and exercise Rust, terminal and real-engine protocols	2026-10-07T01:30:25.4759387Z   Downloaded serde_core v1.0.229
linux	Build and exercise Rust, terminal and real-engine protocols	2026-10-07T01:30:25.4781712Z   Downloaded sha2 v0.10.9
linux	Build and exercise Rust, terminal and real-engine protocols	2026-10-07T01:30:25.4802677Z   Downloaded shlex v2.0.1
linux	Build and exercise Rust, terminal and real-engine protocols	2026-10-07T01:30:25.4812656Z   Downloaded simd-adler32 v0.3.10
linux	Build and exercise Rust, terminal and real-engine protocols	2026-10-07T01:30:25.4826773Z   Downloaded streaming-iterator v0.1.9
linux	Build and exercise Rust, terminal and real-engine protocols	2026-10-07T01:30:25.4836876Z   Downloaded termios v0.3.3
linux	Build and exercise Rust, terminal and real-engine protocols	2026-10-07T01:30:25.4850980Z   Downloaded tinystr v0.8.4
linux	Build and exercise Rust, terminal and real-engine protocols	2026-10-07T01:30:25.4868299Z   Downloaded tokio-rustls v0.26.6
linux	Build and exercise Rust, terminal and real-engine protocols	2026-10-07T01:30:25.4881906Z   Downloaded rustls-pki-types v1.15.1
linux	Build and exercise Rust, terminal and real-engine protocols	2026-10-07T01:30:25.4903869Z   Downloaded signal-hook-registry v1.4.8
linux	Build and exercise Rust, terminal and real-engine protocols	2026-10-07T01:30:25.4913704Z   Downloaded strum_macros v0.28.0
linux	Build and exercise Rust, terminal and real-engine protocols	2026-10-07T01:30:25.4933142Z   Downloaded http-body v1.1.0
linux	Build and exercise Rust, terminal and real-engine protocols	2026-10-07T01:30:25.4941215Z   Downloaded phf_generator v0.11.3
linux	Build and exercise Rust, terminal and real-engine protocols	2026-10-07T01:30:25.4950501Z   Downloaded hex v0.4.3
linux	Build and exercise Rust, terminal and real-engine protocols	2026-10-07T01:30:25.4964436Z   Downloaded roxmltree v0.21.1
linux	Build and exercise Rust, terminal and real-engine protocols	2026-10-07T01:30:25.5068449Z   Downloaded tempfile v3.27.0
linux	Build and exercise Rust, terminal and real-engine protocols	2026-10-07T01:30:25.5089845Z   Downloaded phf_codegen v0.11.3
linux	Build and exercise Rust, terminal and real-engine protocols	2026-10-07T01:30:25.5098276Z   Downloaded smallvec v1.16.2
linux	Build and exercise Rust, terminal and real-engine protocols	2026-10-07T01:30:25.5111244Z   Downloaded terminfo v0.9.0
linux	Build and exercise Rust, terminal and real-engine protocols	2026-10-07T01:30:25.5130713Z   Downloaded ryu v1.0.23
linux	Build and exercise Rust, terminal and real-engine protocols	2026-10-07T01:30:25.5155959Z   Downloaded thiserror v1.0.69
linux	Build and exercise Rust, terminal and real-engine protocols	2026-10-07T01:30:25.5199977Z   Downloaded thiserror v2.0.21
linux	Build and exercise Rust, terminal and real-engine protocols	2026-10-07T01:30:25.5250853Z   Downloaded foldhash v0.2.0
linux	Build and exercise Rust, terminal and real-engine protocols	2026-10-07T01:30:25.5260770Z   Downloaded signal-hook v0.3.18
linux	Build and exercise Rust, terminal and real-engine protocols	2026-10-07T01:30:25.5284668Z   Downloaded futures-channel v0.3.34
linux	Build and exercise Rust, terminal and real-engine protocols	2026-10-07T01:30:25.5299923Z   Downloaded getrandom v0.2.17
linux	Build and exercise Rust, terminal and real-engine protocols	2026-10-07T01:30:25.5323279Z   Downloaded phf_macros v0.11.3
linux	Build and exercise Rust, terminal and real-engine protocols	2026-10-07T01:30:25.5331441Z   Downloaded phf_shared v0.11.3
linux	Build and exercise Rust, terminal and real-engine protocols	2026-10-07T01:30:25.5339176Z   Downloaded similar v2.7.0
linux	Build and exercise Rust, terminal and real-engine protocols	2026-10-07T01:30:25.5380994Z   Downloaded tinyvec v1.13.3
linux	Build and exercise Rust, terminal and real-engine protocols	2026-10-07T01:30:25.5408702Z   Downloaded toml v0.9.12+spec-1.1.0
linux	Build and exercise Rust, terminal and real-engine protocols	2026-10-07T01:30:25.5441189Z   Downloaded toml_parser v1.1.3+spec-1.1.0
linux	Build and exercise Rust, terminal and real-engine protocols	2026-10-07T01:30:25.5459652Z   Downloaded tracing-core v0.1.36
linux	Build and exercise Rust, terminal and real-engine protocols	2026-10-07T01:30:25.5481575Z   Downloaded idna_adapter v1.2.2
linux	Build and exercise Rust, terminal and real-engine protocols	2026-10-07T01:30:25.5488702Z   Downloaded indoc v2.0.7
linux	Build and exercise Rust, terminal and real-engine protocols	2026-10-07T01:30:25.5511743Z   Downloaded instability v0.3.14
linux	Build and exercise Rust, terminal and real-engine protocols	2026-10-07T01:30:25.5523512Z   Downloaded line-clipping v0.3.8
linux	Build and exercise Rust, terminal and real-engine protocols	2026-10-07T01:30:25.5535848Z   Downloaded quinn v0.11.12
linux	Build and exercise Rust, terminal and real-engine protocols	2026-10-07T01:30:25.5562146Z   Downloaded ratatui v0.30.2
linux	Build and exercise Rust, terminal and real-engine protocols	2026-10-07T01:30:25.5592067Z   Downloaded rustls-webpki v0.103.15
linux	Build and exercise Rust, terminal and real-engine protocols	2026-10-07T01:30:25.5616492Z   Downloaded serde v1.0.229
linux	Build and exercise Rust, terminal and real-engine protocols	2026-10-07T01:30:25.5644608Z   Downloaded serde_derive v1.0.229
linux	Build and exercise Rust, terminal and real-engine protocols	2026-10-07T01:30:25.5668506Z   Downloaded serial2 v0.2.38
linux	Build and exercise Rust, terminal and real-engine protocols	2026-10-07T01:30:25.5691996Z   Downloaded socket2 v0.6.5
linux	Build and exercise Rust, terminal and real-engine protocols	2026-10-07T01:30:25.5706630Z   Downloaded tar v0.4.46
linux	Build and exercise Rust, terminal and real-engine protocols	2026-10-07T01:30:25.5729650Z   Downloaded termina v0.3.3
linux	Build and exercise Rust, terminal and real-engine protocols	2026-10-07T01:30:25.5758502Z   Downloaded downcast-rs v1.2.1
linux	Build and exercise Rust, terminal and real-engine protocols	2026-10-07T01:30:25.5768631Z   Downloaded ordered-float v4.6.0
linux	Build and exercise Rust, terminal and real-engine protocols	2026-10-07T01:30:25.5780007Z   Downloaded rand v0.10.3
linux	Build and exercise Rust, terminal and real-engine protocols	2026-10-07T01:30:25.5810809Z   Downloaded num-traits v0.2.19
linux	Build and exercise Rust, terminal and real-engine protocols	2026-10-07T01:30:25.5836249Z   Downloaded phf v0.11.3
linux	Build and exercise Rust, terminal and real-engine protocols	2026-10-07T01:30:25.5845724Z   Downloaded tower v0.5.3
linux	Build and exercise Rust, terminal and real-engine protocols	2026-10-07T01:30:25.5924201Z   Downloaded document-features v0.2.12
linux	Build and exercise Rust, terminal and real-engine protocols	2026-10-07T01:30:25.5934036Z   Downloaded http v1.5.0
linux	Build and exercise Rust, terminal and real-engine protocols	2026-10-07T01:30:25.5962323Z   Downloaded miniz_oxide v0.9.1
linux	Build and exercise Rust, terminal and real-engine protocols	2026-10-07T01:30:25.5981915Z   Downloaded parking_lot v0.12.5
linux	Build and exercise Rust, terminal and real-engine protocols	2026-10-07T01:30:25.6001129Z   Downloaded parking_lot_core v0.9.12
linux	Build and exercise Rust, terminal and real-engine protocols	2026-10-07T01:30:25.6017364Z   Downloaded pest_meta v2.9.2
linux	Build and exercise Rust, terminal and real-engine protocols	2026-10-07T01:30:25.6033796Z   Downloaded typenum v1.20.1
linux	Build and exercise Rust, terminal and real-engine protocols	2026-10-07T01:30:25.6061032Z   Downloaded ucd-trie v0.1.7
linux	Build and exercise Rust, terminal and real-engine protocols	2026-10-07T01:30:25.6072103Z   Downloaded digest v0.10.7
linux	Build and exercise Rust, terminal and real-engine protocols	2026-10-07T01:30:25.6086112Z   Downloaded displaydoc v0.2.7
linux	Build and exercise Rust, terminal and real-engine protocols	2026-10-07T01:30:25.6101656Z   Downloaded futures-task v0.3.34
linux	Build and exercise Rust, terminal and real-engine protocols	2026-10-07T01:30:25.6111250Z   Downloaded either v1.18.0
linux	Build and exercise Rust, terminal and real-engine protocols	2026-10-07T01:30:25.6122418Z   Downloaded heck v0.5.0
linux	Build and exercise Rust, terminal and real-engine protocols	2026-10-07T01:30:25.6132298Z   Downloaded http-body-util v0.1.5
linux	Build and exercise Rust, terminal and real-engine protocols	2026-10-07T01:30:25.6147158Z   Downloaded indexmap v2.14.2
linux	Build and exercise Rust, terminal and real-engine protocols	2026-10-07T01:30:25.6180744Z   Downloaded lazy_static v1.5.1
linux	Build and exercise Rust, terminal and real-engine protocols	2026-10-07T01:30:25.6194245Z   Downloaded ratatui-core v0.1.2
linux	Build and exercise Rust, terminal and real-engine protocols	2026-10-07T01:30:25.6250305Z   Downloaded regex v1.13.1
linux	Build and exercise Rust, terminal and real-engine protocols	2026-10-07T01:30:25.6293703Z   Downloaded reqwest v0.12.28
linux	Build and exercise Rust, terminal and real-engine protocols	2026-10-07T01:30:25.6337391Z   Downloaded rusqlite v0.37.0
linux	Build and exercise Rust, terminal and real-engine protocols	2026-10-07T01:30:25.6389709Z   Downloaded serde_json v1.0.151
linux	Build and exercise Rust, terminal and real-engine protocols	2026-10-07T01:30:25.6447918Z   Downloaded tokio-util v0.7.19
linux	Build and exercise Rust, terminal and real-engine protocols	2026-10-07T01:30:25.6511436Z   Downloaded tower-http v0.6.11
linux	Build and exercise Rust, terminal and real-engine protocols	2026-10-07T01:30:25.6584661Z   Downloaded tree-sitter v0.25.10
linux	Build and exercise Rust, terminal and real-engine protocols	2026-10-07T01:30:25.6632611Z   Downloaded tree-sitter-javascript v0.25.0
linux	Build and exercise Rust, terminal and real-engine protocols	2026-10-07T01:30:25.6678523Z   Downloaded tree-sitter-python v0.25.0
linux	Build and exercise Rust, terminal and real-engine protocols	2026-10-07T01:30:25.6730151Z   Downloaded equivalent v1.0.2
linux	Build and exercise Rust, terminal and real-engine protocols	2026-10-07T01:30:25.6738164Z   Downloaded errno v0.3.14
linux	Build and exercise Rust, terminal and real-engine protocols	2026-10-07T01:30:25.6749658Z   Downloaded getrandom v0.3.4
linux	Build and exercise Rust, terminal and real-engine protocols	2026-10-07T01:30:25.6776573Z   Downloaded getrandom v0.4.3
linux	Build and exercise Rust, terminal and real-engine protocols	2026-10-07T01:30:25.6806585Z   Downloaded hashbrown v0.16.1
linux	Build and exercise Rust, terminal and real-engine protocols	2026-10-07T01:30:25.6847011Z   Downloaded hashlink v0.10.0
linux	Build and exercise Rust, terminal and real-engine protocols	2026-10-07T01:30:25.6860970Z   Downloaded httparse v1.10.1
linux	Build and exercise Rust, terminal and real-engine protocols	2026-10-07T01:30:25.6880336Z   Downloaded icu_properties v2.3.0
linux	Build and exercise Rust, terminal and real-engine protocols	2026-10-07T01:30:25.6905461Z   Downloaded ident_case v1.0.1
linux	Build and exercise Rust, terminal and real-engine protocols	2026-10-07T01:30:25.6912132Z   Downloaded idna v1.1.0
linux	Build and exercise Rust, terminal and real-engine protocols	2026-10-07T01:30:25.6940055Z   Downloaded itoa v1.0.18
linux	Build and exercise Rust, terminal and real-engine protocols	2026-10-07T01:30:25.6951022Z   Downloaded kasuari v0.4.12
linux	Build and exercise Rust, terminal and real-engine protocols	2026-10-07T01:30:25.6968747Z   Downloaded lab v0.11.0
linux	Build and exercise Rust, terminal and real-engine protocols	2026-10-07T01:30:25.6979348Z   Downloaded libm v0.2.16
linux	Build and exercise Rust, terminal and real-engine protocols	2026-10-07T01:30:25.7064616Z   Downloaded litemap v0.8.3
linux	Build and exercise Rust, terminal and real-engine protocols	2026-10-07T01:30:25.7082527Z   Downloaded litrs v1.0.0
linux	Build and exercise Rust, terminal and real-engine protocols	2026-10-07T01:30:25.7105505Z   Downloaded lock_api v0.4.14
linux	Build and exercise Rust, terminal and real-engine protocols	2026-10-07T01:30:25.7114982Z   Downloaded log v0.4.34
linux	Build and exercise Rust, terminal and real-engine protocols	2026-10-07T01:30:25.7134113Z   Downloaded num-conv v0.2.2
linux	Build and exercise Rust, terminal and real-engine protocols	2026-10-07T01:30:25.7140776Z   Downloaded pest_generator v2.9.2
linux	Build and exercise Rust, terminal and real-engine protocols	2026-10-07T01:30:25.7150920Z   Downloaded ratatui-widgets v0.3.2
linux	Build and exercise Rust, terminal and real-engine protocols	2026-10-07T01:30:25.7214417Z   Downloaded derive_more-impl v2.1.1
linux	Build and exercise Rust, terminal and real-engine protocols	2026-10-07T01:30:25.7255442Z   Downloaded euclid v0.22.14
linux	Build and exercise Rust, terminal and real-engine protocols	2026-10-07T01:30:25.7280767Z   Downloaded hashbrown v0.15.5
linux	Build and exercise Rust, terminal and real-engine protocols	2026-10-07T01:30:25.7319311Z   Downloaded icu_normalizer_data v2.3.0
linux	Build and exercise Rust, terminal and real-engine protocols	2026-10-07T01:30:25.7336309Z   Downloaded io-extras v0.19.0
linux	Build and exercise Rust, terminal and real-engine protocols	2026-10-07T01:30:25.7353944Z   Downloaded lru v0.18.5
linux	Build and exercise Rust, terminal and real-engine protocols	2026-10-07T01:30:25.7363593Z   Downloaded quinn-proto v0.11.19
linux	Build and exercise Rust, terminal and real-engine protocols	2026-10-07T01:30:25.7418106Z   Downloaded syn v1.0.109
linux	Build and exercise Rust, terminal and real-engine protocols	2026-10-07T01:30:25.7492442Z   Downloaded time v0.3.55
linux	Build and exercise Rust, terminal and real-engine protocols	2026-10-07T01:30:25.7606219Z   Downloaded fallible-streaming-iterator v0.1.9
linux	Build and exercise Rust, terminal and real-engine protocols	2026-10-07T01:30:25.7613424Z   Downloaded fnv v1.0.7
linux	Build and exercise Rust, terminal and real-engine protocols	2026-10-07T01:30:25.7619873Z   Downloaded foldhash v0.1.5
linux	Build and exercise Rust, terminal and real-engine protocols	2026-10-07T01:30:25.7629079Z   Downloaded syn v2.0.119
linux	Build and exercise Rust, terminal and real-engine protocols	2026-10-07T01:30:25.7712516Z   Downloaded syn v3.0.6
linux	Build and exercise Rust, terminal and real-engine protocols	2026-10-07T01:30:25.7796621Z   Downloaded cfg_aliases v0.2.2
linux	Build and exercise Rust, terminal and real-engine protocols	2026-10-07T01:30:25.7804346Z   Downloaded hashbrown v0.17.1
linux	Build and exercise Rust, terminal and real-engine protocols	2026-10-07T01:30:25.7845517Z   Downloaded nom v7.1.3
linux	Build and exercise Rust, terminal and real-engine protocols	2026-10-07T01:30:25.7885316Z   Downloaded powerfmt v0.2.1
linux	Build and exercise Rust, terminal and real-engine protocols	2026-10-07T01:30:25.7895364Z   Downloaded rustls v0.23.45
linux	Build and exercise Rust, terminal and real-engine protocols	2026-10-07T01:30:25.7988446Z   Downloaded fancy-regex v0.11.0
linux	Build and exercise Rust, terminal and real-engine protocols	2026-10-07T01:30:25.8014322Z   Downloaded generic-array v0.14.7
linux	Build and exercise Rust, terminal and real-engine protocols	2026-10-07T01:30:25.8025142Z   Downloaded regex-syntax v0.8.11
linux	Build and exercise Rust, terminal and real-engine protocols	2026-10-07T01:30:25.8079707Z   Downloaded termwiz v0.23.3
linux	Build and exercise Rust, terminal and real-engine protocols	2026-10-07T01:30:25.8181473Z   Downloaded tree-sitter-rust v0.24.2
linux	Build and exercise Rust, terminal and real-engine protocols	2026-10-07T01:30:25.8265835Z   Downloaded ipnet v2.12.2
linux	Build and exercise Rust, terminal and real-engine protocols	2026-10-07T01:30:25.8278717Z   Downloaded mac_address v1.2.0
linux	Build and exercise Rust, terminal and real-engine protocols	2026-10-07T01:30:25.8291020Z   Downloaded rustix v1.1.5
linux	Build and exercise Rust, terminal and real-engine protocols	2026-10-07T01:30:25.8500848Z   Downloaded tracing v0.1.44
linux	Build and exercise Rust, terminal and real-engine protocols	2026-10-07T01:30:25.8626316Z   Downloaded fallible-iterator v0.3.0
linux	Build and exercise Rust, terminal and real-engine protocols	2026-10-07T01:30:25.8636231Z   Downloaded hyper-rustls v0.27.10
linux	Build and exercise Rust, terminal and real-engine protocols	2026-10-07T01:30:25.8647417Z   Downloaded io-lifetimes v2.0.4
linux	Build and exercise Rust, terminal and real-engine protocols	2026-10-07T01:30:25.8660403Z   Downloaded io-lifetimes v3.0.1
linux	Build and exercise Rust, terminal and real-engine protocols	2026-10-07T01:30:25.8673319Z   Downloaded vtparse v0.6.2
linux	Build and exercise Rust, terminal and real-engine protocols	2026-10-07T01:30:25.8679795Z   Downloaded icu_locale_core v2.3.0
linux	Build and exercise Rust, terminal and real-engine protocols	2026-10-07T01:30:25.8734029Z   Downloaded form_urlencoded v1.2.2
linux	Build and exercise Rust, terminal and real-engine protocols	2026-10-07T01:30:25.8740355Z   Downloaded hyper v1.11.1
linux	Build and exercise Rust, terminal and real-engine protocols	2026-10-07T01:30:25.8795593Z   Downloaded icu_collections v2.3.0
linux	Build and exercise Rust, terminal and real-engine protocols	2026-10-07T01:30:25.8844095Z   Downloaded filetime v0.2.29
linux	Build and exercise Rust, terminal and real-engine protocols	2026-10-07T01:30:25.8856882Z   Downloaded find-msvc-tools v0.1.14
linux	Build and exercise Rust, terminal and real-engine protocols	2026-10-07T01:30:25.8869617Z   Downloaded fs-set-times v0.20.3
linux	Build and exercise Rust, terminal and real-engine protocols	2026-10-07T01:30:25.8880415Z   Downloaded fs2 v0.4.3
linux	Build and exercise Rust, terminal and real-engine protocols	2026-10-07T01:30:25.8888979Z   Downloaded futures-io v0.3.34
linux	Build and exercise Rust, terminal and real-engine protocols	2026-10-07T01:30:25.8895880Z   Downloaded nix v0.30.1
linux	Build and exercise Rust, terminal and real-engine protocols	2026-10-07T01:30:25.8986633Z   Downloaded regex-automata v0.4.18
linux	Build and exercise Rust, terminal and real-engine protocols	2026-10-07T01:30:25.9099324Z   Downloaded fastrand v2.5.0
linux	Build and exercise Rust, terminal and real-engine protocols	2026-10-07T01:30:25.9110069Z   Downloaded finl_unicode v1.5.0
linux	Build and exercise Rust, terminal and real-engine protocols	2026-10-07T01:30:25.9141708Z   Downloaded flate2 v1.1.10
linux	Build and exercise Rust, terminal and real-engine protocols	2026-10-07T01:30:25.9179559Z   Downloaded mio v1.2.4
linux	Build and exercise Rust, terminal and real-engine protocols	2026-10-07T01:30:25.9227389Z   Downloaded num_threads v0.1.7
linux	Build and exercise Rust, terminal and real-engine protocols	2026-10-07T01:30:25.9235629Z   Downloaded tokio v1.53.2
linux	Build and exercise Rust, terminal and real-engine protocols	2026-10-07T01:30:25.9591092Z   Downloaded libc v0.2.190
linux	Build and exercise Rust, terminal and real-engine protocols	2026-10-07T01:30:25.9963076Z   Downloaded autocfg v1.5.1
linux	Build and exercise Rust, terminal and real-engine protocols	2026-10-07T01:30:25.9977253Z   Downloaded palette_math v0.7.7
linux	Build and exercise Rust, terminal and real-engine protocols	2026-10-07T01:30:25.9988043Z   Downloaded ring v0.17.14
linux	Build and exercise Rust, terminal and real-engine protocols	2026-10-07T01:30:26.0317751Z   Downloaded arrayvec v0.7.8
linux	Build and exercise Rust, terminal and real-engine protocols	2026-10-07T01:30:26.0334218Z   Downloaded cap-std v4.0.3
linux	Build and exercise Rust, terminal and real-engine protocols	2026-10-07T01:30:26.0357416Z   Downloaded csscolorparser v0.6.2
linux	Build and exercise Rust, terminal and real-engine protocols	2026-10-07T01:30:26.0366706Z   Downloaded futures-macro v0.3.34
linux	Build and exercise Rust, terminal and real-engine protocols	2026-10-07T01:30:26.0374891Z   Downloaded bit-set v0.5.3
linux	Build and exercise Rust, terminal and real-engine protocols	2026-10-07T01:30:26.0383207Z   Downloaded memmem v0.1.1
linux	Build and exercise Rust, terminal and real-engine protocols	2026-10-07T01:30:26.0390688Z   Downloaded memoffset v0.9.1
linux	Build and exercise Rust, terminal and real-engine protocols	2026-10-07T01:30:26.0400009Z   Downloaded futures-sink v0.3.34
linux	Build and exercise Rust, terminal and real-engine protocols	2026-10-07T01:30:26.0406600Z   Downloaded icu_provider v2.3.1
linux	Build and exercise Rust, terminal and real-engine protocols	2026-10-07T01:30:26.0427331Z   Downloaded maybe-owned v0.3.4
linux	Build and exercise Rust, terminal and real-engine protocols	2026-10-07T01:30:26.0437253Z   Downloaded is_terminal_polyfill v1.70.2
linux	Build and exercise Rust, terminal and real-engine protocols	2026-10-07T01:30:26.0444651Z   Downloaded minimal-lexical v0.2.1
linux	Build and exercise Rust, terminal and real-engine protocols	2026-10-07T01:30:26.0480128Z   Downloaded openssl-probe v0.2.1
linux	Build and exercise Rust, terminal and real-engine protocols	2026-10-07T01:30:26.0488904Z   Downloaded memchr v2.8.3
linux	Build and exercise Rust, terminal and real-engine protocols	2026-10-07T01:30:26.0531518Z   Downloaded num-derive v0.4.2
linux	Build and exercise Rust, terminal and real-engine protocols	2026-10-07T01:30:26.0545924Z   Downloaded palette_derive v0.7.7
linux	Build and exercise Rust, terminal and real-engine protocols	2026-10-07T01:30:26.0560161Z   Downloaded potential_utf v0.1.6
linux	Build and exercise Rust, terminal and real-engine protocols	2026-10-07T01:30:26.0568769Z   Downloaded want v0.3.2
linux	Build and exercise Rust, terminal and real-engine protocols	2026-10-07T01:30:26.0576213Z   Downloaded itertools v0.14.0
linux	Build and exercise Rust, terminal and real-engine protocols	2026-10-07T01:30:26.0630130Z   Downloaded pest_derive v2.9.2
linux	Build and exercise Rust, terminal and real-engine protocols	2026-10-07T01:30:26.0646418Z   Downloaded futures-util v0.3.34
linux	Build and exercise Rust, terminal and real-engine protocols	2026-10-07T01:30:26.0750005Z   Downloaded palette v0.7.7
linux	Build and exercise Rust, terminal and real-engine protocols	2026-10-07T01:30:26.0844962Z   Downloaded percent-encoding v2.3.2
linux	Build and exercise Rust, terminal and real-engine protocols	2026-10-07T01:30:26.0851652Z   Downloaded nix v0.28.0
linux	Build and exercise Rust, terminal and real-engine protocols	2026-10-07T01:30:26.0936993Z   Downloaded once_cell v1.21.4
linux	Build and exercise Rust, terminal and real-engine protocols	2026-10-07T01:30:26.0956657Z   Downloaded utf8parse v0.2.2
linux	Build and exercise Rust, terminal and real-engine protocols	2026-10-07T01:30:26.0964627Z   Downloaded pest v2.9.2
linux	Build and exercise Rust, terminal and real-engine protocols	2026-10-07T01:30:26.1001681Z   Downloaded utf8_iter v1.0.4
linux	Build and exercise Rust, terminal and real-engine protocols	2026-10-07T01:30:26.1009976Z   Downloaded linux-raw-sys v0.12.1
linux	Build and exercise Rust, terminal and real-engine protocols	2026-10-07T01:30:26.1510900Z   Downloaded castaway v0.2.4
linux	Build and exercise Rust, terminal and real-engine protocols	2026-10-07T01:30:26.1521965Z   Downloaded wezterm-dynamic v0.2.1
linux	Build and exercise Rust, terminal and real-engine protocols	2026-10-07T01:30:26.1532568Z   Downloaded cfg-if v1.0.5
linux	Build and exercise Rust, terminal and real-engine protocols	2026-10-07T01:30:26.1542577Z   Downloaded wezterm-blob-leases v0.1.1
linux	Build and exercise Rust, terminal and real-engine protocols	2026-10-07T01:30:26.1551361Z   Downloaded wezterm-dynamic-derive v0.1.1
linux	Build and exercise Rust, terminal and real-engine protocols	2026-10-07T01:30:26.1558613Z   Downloaded atomic-waker v1.1.2
linux	Build and exercise Rust, terminal and real-engine protocols	2026-10-07T01:30:26.1567951Z   Downloaded colorchoice v1.0.5
linux	Build and exercise Rust, terminal and real-engine protocols	2026-10-07T01:30:26.1575660Z   Downloaded cpufeatures v0.2.17
linux	Build and exercise Rust, terminal and real-engine protocols	2026-10-07T01:30:26.1586470Z   Downloaded xattr v1.6.1
linux	Build and exercise Rust, terminal and real-engine protocols	2026-10-07T01:30:26.1601086Z   Downloaded yoke-derive v0.8.4
linux	Build and exercise Rust, terminal and real-engine protocols	2026-10-07T01:30:26.1610177Z   Downloaded zerofrom-derive v0.1.8
linux	Build and exercise Rust, terminal and real-engine protocols	2026-10-07T01:30:26.1618223Z   Downloaded anstyle v1.0.14
linux	Build and exercise Rust, terminal and real-engine protocols	2026-10-07T01:30:26.1629783Z   Downloaded anyhow v1.0.104
linux	Build and exercise Rust, terminal and real-engine protocols	2026-10-07T01:30:26.1661106Z   Downloaded allocator-api2 v0.2.21
linux	Build and exercise Rust, terminal and real-engine protocols	2026-10-07T01:30:26.1681020Z   Downloaded lru-slab v0.1.3
linux	Build and exercise Rust, terminal and real-engine protocols	2026-10-07T01:30:26.1687329Z   Downloaded version_check v0.9.5
linux	Build and exercise Rust, terminal and real-engine protocols	2026-10-07T01:30:26.1697022Z   Downloaded clap_lex v1.1.1
linux	Build and exercise Rust, terminal and real-engine protocols	2026-10-07T01:30:26.1705488Z   Downloaded cpufeatures v0.3.1
linux	Build and exercise Rust, terminal and real-engine protocols	2026-10-07T01:30:26.1716670Z   Downloaded zerofrom v0.1.8
linux	Build and exercise Rust, terminal and real-engine protocols	2026-10-07T01:30:26.1724981Z   Downloaded ambient-authority v0.0.2
linux	Build and exercise Rust, terminal and real-engine protocols	2026-10-07T01:30:26.1734831Z   Downloaded block-buffer v0.10.4
linux	Build and exercise Rust, terminal and real-engine protocols	2026-10-07T01:30:26.1742716Z   Downloaded crypto-common v0.1.7
linux	Build and exercise Rust, terminal and real-engine protocols	2026-10-07T01:30:26.1749546Z   Downloaded libsqlite3-sys v0.35.0
linux	Build and exercise Rust, terminal and real-engine protocols	2026-10-07T01:30:26.2251089Z   Downloaded by_address v1.2.1
linux	Build and exercise Rust, terminal and real-engine protocols	2026-10-07T01:30:26.2257928Z   Downloaded darling_macro v0.24.1
linux	Build and exercise Rust, terminal and real-engine protocols	2026-10-07T01:30:26.2263120Z   Downloaded anstyle-query v1.1.5
linux	Build and exercise Rust, terminal and real-engine protocols	2026-10-07T01:30:26.2272809Z   Downloaded cfg_aliases v0.1.1
linux	Build and exercise Rust, terminal and real-engine protocols	2026-10-07T01:30:26.2279597Z   Downloaded vte_generate_state_changes v0.1.2
linux	Build and exercise Rust, terminal and real-engine protocols	2026-10-07T01:30:26.2285001Z   Downloaded approx v0.5.1
linux	Build and exercise Rust, terminal and real-engine protocols	2026-10-07T01:30:26.2298376Z   Downloaded atomic v0.6.1
linux	Build and exercise Rust, terminal and real-engine protocols	2026-10-07T01:30:26.2309139Z   Downloaded wezterm-color-types v0.3.0
linux	Build and exercise Rust, terminal and real-engine protocols	2026-10-07T01:30:26.2316052Z   Downloaded anstyle-parse v1.0.0
linux	Build and exercise Rust, terminal and real-engine protocols	2026-10-07T01:30:26.2328658Z   Downloaded unicode-truncate v2.0.1
linux	Build and exercise Rust, terminal and real-engine protocols	2026-10-07T01:30:26.2341466Z   Downloaded untrusted v0.9.0
linux	Build and exercise Rust, terminal and real-engine protocols	2026-10-07T01:30:26.2354335Z   Downloaded pin-project-lite v0.2.17
linux	Build and exercise Rust, terminal and real-engine protocols	2026-10-07T01:30:26.2399799Z   Downloaded portable-pty v0.9.0
linux	Build and exercise Rust, terminal and real-engine protocols	2026-10-07T01:30:26.2413364Z   Downloaded wezterm-input-types v0.1.0
linux	Build and exercise Rust, terminal and real-engine protocols	2026-10-07T01:30:26.2419815Z   Downloaded zerovec-derive v0.11.6
linux	Build and exercise Rust, terminal and real-engine protocols	2026-10-07T01:30:26.2433557Z   Downloaded critical-section v1.2.0
linux	Build and exercise Rust, terminal and real-engine protocols	2026-10-07T01:30:26.2446136Z   Downloaded pkg-config v0.3.34
linux	Build and exercise Rust, terminal and real-engine protocols	2026-10-07T01:30:26.2457430Z   Downloaded deranged v0.5.8
linux	Build and exercise Rust, terminal and real-engine protocols	2026-10-07T01:30:26.2469099Z   Downloaded clap_derive v4.6.7
linux	Build and exercise Rust, terminal and real-engine protocols	2026-10-07T01:30:26.2486335Z   Downloaded anstream v1.0.0
linux	Build and exercise Rust, terminal and real-engine protocols	2026-10-07T01:30:26.2501974Z   Downloaded bit-vec v0.6.3
linux	Build and exercise Rust, terminal and real-engine protocols	2026-10-07T01:30:26.2511772Z   Downloaded yoke v0.8.3
linux	Build and exercise Rust, terminal and real-engine protocols	2026-10-07T01:30:26.2525991Z   Downloaded chacha20 v0.10.2
linux	Build and exercise Rust, terminal and real-engine protocols	2026-10-07T01:30:26.2544394Z   Downloaded vt100 v0.15.2
linux	Build and exercise Rust, terminal and real-engine protocols	2026-10-07T01:30:26.2556333Z   Downloaded unicode-ident v1.0.26
linux	Build and exercise Rust, terminal and real-engine protocols	2026-10-07T01:30:26.2577416Z   Downloaded bitflags v1.3.2
linux	Build and exercise Rust, terminal and real-engine protocols	2026-10-07T01:30:26.2602525Z   Downloaded zeroize v1.9.0
linux	Build and exercise Rust, terminal and real-engine protocols	2026-10-07T01:30:26.2614489Z   Downloaded zmij v1.0.23
linux	Build and exercise Rust, terminal and real-engine protocols	2026-10-07T01:30:26.2628124Z   Downloaded crc32fast v1.5.2
linux	Build and exercise Rust, terminal and real-engine protocols	2026-10-07T01:30:26.2643974Z   Downloaded convert_case v0.10.0
linux	Build and exercise Rust, terminal and real-engine protocols	2026-10-07T01:30:26.2656941Z   Downloaded bytemuck v1.25.2
linux	Build and exercise Rust, terminal and real-engine protocols	2026-10-07T01:30:26.2681067Z   Downloaded writeable v0.6.4
linux	Build and exercise Rust, terminal and real-engine protocols	2026-10-07T01:30:26.2697450Z   Downloaded proc-macro2 v1.0.107
linux	Build and exercise Rust, terminal and real-engine protocols	2026-10-07T01:30:26.2720358Z   Downloaded vte v0.11.1
linux	Build and exercise Rust, terminal and real-engine protocols	2026-10-07T01:30:26.2735036Z   Downloaded bitflags v2.13.2
linux	Build and exercise Rust, terminal and real-engine protocols	2026-10-07T01:30:26.2769883Z   Downloaded darling v0.24.1
linux	Build and exercise Rust, terminal and real-engine protocols	2026-10-07T01:30:26.2822406Z   Downloaded wezterm-bidi v0.2.3
linux	Build and exercise Rust, terminal and real-engine protocols	2026-10-07T01:30:26.2838031Z   Downloaded base64 v0.22.1
linux	Build and exercise Rust, terminal and real-engine protocols	2026-10-07T01:30:26.2867107Z   Downloaded bytes v1.12.1
linux	Build and exercise Rust, terminal and real-engine protocols	2026-10-07T01:30:26.2894443Z   Downloaded darling_core v0.24.1
linux	Build and exercise Rust, terminal and real-engine protocols	2026-10-07T01:30:26.2941214Z   Downloaded clap v4.6.7
linux	Build and exercise Rust, terminal and real-engine protocols	2026-10-07T01:30:26.3017027Z   Downloaded uuid v1.27.0
linux	Build and exercise Rust, terminal and real-engine protocols	2026-10-07T01:30:26.3040112Z   Downloaded cap-primitives v4.0.3
linux	Build and exercise Rust, terminal and real-engine protocols	2026-10-07T01:30:26.3127766Z   Downloaded zerotrie v0.2.5
linux	Build and exercise Rust, terminal and real-engine protocols	2026-10-07T01:30:26.3159256Z   Downloaded unicode-segmentation v1.13.3
linux	Build and exercise Rust, terminal and real-engine protocols	2026-10-07T01:30:26.3182526Z   Downloaded compact_str v0.9.1
linux	Build and exercise Rust, terminal and real-engine protocols	2026-10-07T01:30:26.3210020Z   Downloaded base64 v0.23.1
linux	Build and exercise Rust, terminal and real-engine protocols	2026-10-07T01:30:26.3241198Z   Downloaded derive_more v2.1.1
linux	Build and exercise Rust, terminal and real-engine protocols	2026-10-07T01:30:26.3341990Z   Downloaded cc v1.6.0
linux	Build and exercise Rust, terminal and real-engine protocols	2026-10-07T01:30:26.3369186Z   Downloaded url v2.5.8
linux	Build and exercise Rust, terminal and real-engine protocols	2026-10-07T01:30:26.3389570Z   Downloaded zerovec v0.11.8
linux	Build and exercise Rust, terminal and real-engine protocols	2026-10-07T01:30:26.3436508Z   Downloaded hyper-util v0.1.21
linux	Build and exercise Rust, terminal and real-engine protocols	2026-10-07T01:30:26.3487466Z   Downloaded clap_builder v4.6.7
linux	Build and exercise Rust, terminal and real-engine protocols	2026-10-07T01:30:26.3537794Z   Downloaded crossterm v0.29.0
linux	Build and exercise Rust, terminal and real-engine protocols	2026-10-07T01:30:26.3591279Z   Downloaded winnow v0.7.15
linux	Build and exercise Rust, terminal and real-engine protocols	2026-10-07T01:30:26.3666020Z   Downloaded winnow v1.0.4
linux	Build and exercise Rust, terminal and real-engine protocols	2026-10-07T01:30:26.3741220Z   Downloaded aho-corasick v1.1.5
linux	Build and exercise Rust, terminal and real-engine protocols	2026-10-07T01:30:26.3783403Z   Downloaded icu_properties_data v2.3.0
linux	Build and exercise Rust, terminal and real-engine protocols	2026-10-07T01:30:26.3867955Z   Downloaded portable-atomic v1.15.0
linux	Build and exercise Rust, terminal and real-engine protocols	2026-10-07T01:30:26.3926689Z   Downloaded unicode-width v0.2.0
linux	Build and exercise Rust, terminal and real-engine protocols	2026-10-07T01:30:26.3970816Z   Downloaded zlib-rs v0.6.8
linux	Build and exercise Rust, terminal and real-engine protocols	2026-10-07T01:30:26.4014281Z   Downloaded unicode-width v0.1.14
linux	Build and exercise Rust, terminal and real-engine protocols	2026-10-07T01:30:26.4058532Z   Downloaded vcpkg v0.2.15
linux	Build and exercise Rust, terminal and real-engine protocols	2026-10-07T01:30:26.4484836Z   Downloaded nix v0.29.0
linux	Build and exercise Rust, terminal and real-engine protocols	2026-10-07T01:30:26.4572030Z   Downloaded icu_normalizer v2.3.0
linux	Build and exercise Rust, terminal and real-engine protocols	2026-10-07T01:30:26.4652867Z   Downloaded deltae v0.3.2
linux	Build and exercise Rust, terminal and real-engine protocols	2026-10-07T01:30:26.5843385Z    Compiling proc-macro2 v1.0.107
linux	Build and exercise Rust, terminal and real-engine protocols	2026-10-07T01:30:26.5843836Z    Compiling quote v1.0.47
linux	Build and exercise Rust, terminal and real-engine protocols	2026-10-07T01:30:26.5844175Z    Compiling unicode-ident v1.0.26
linux	Build and exercise Rust, terminal and real-engine protocols	2026-10-07T01:30:26.5902776Z    Compiling libc v0.2.190
linux	Build and exercise Rust, terminal and real-engine protocols	2026-10-07T01:30:26.6323442Z    Compiling cfg-if v1.0.5
linux	Build and exercise Rust, terminal and real-engine protocols	2026-10-07T01:30:26.6547477Z    Compiling find-msvc-tools v0.1.14
linux	Build and exercise Rust, terminal and real-engine protocols	2026-10-07T01:30:26.7435585Z    Compiling shlex v2.0.1
linux	Build and exercise Rust, terminal and real-engine protocols	2026-10-07T01:30:26.8005453Z    Compiling cc v1.6.0
linux	Build and exercise Rust, terminal and real-engine protocols	2026-10-07T01:30:26.9113597Z    Compiling itoa v1.0.18
linux	Build and exercise Rust, terminal and real-engine protocols	2026-10-07T01:30:26.9933349Z    Compiling bitflags v2.13.2
linux	Build and exercise Rust, terminal and real-engine protocols	2026-10-07T01:30:27.1003209Z    Compiling smallvec v1.16.2
linux	Build and exercise Rust, terminal and real-engine protocols	2026-10-07T01:30:27.2183184Z    Compiling log v0.4.34
linux	Build and exercise Rust, terminal and real-engine protocols	2026-10-07T01:30:27.3723552Z    Compiling parking_lot_core v0.9.12
linux	Build and exercise Rust, terminal and real-engine protocols	2026-10-07T01:30:27.4463246Z    Compiling syn v3.0.6
linux	Build and exercise Rust, terminal and real-engine protocols	2026-10-07T01:30:27.4621873Z    Compiling stable_deref_trait v1.2.1
linux	Build and exercise Rust, terminal and real-engine protocols	2026-10-07T01:30:27.4963825Z    Compiling equivalent v1.0.2
linux	Build and exercise Rust, terminal and real-engine protocols	2026-10-07T01:30:27.5393193Z    Compiling futures-core v0.3.34
linux	Build and exercise Rust, terminal and real-engine protocols	2026-10-07T01:30:27.5961042Z    Compiling scopeguard v1.2.0
linux	Build and exercise Rust, terminal and real-engine protocols	2026-10-07T01:30:27.6269505Z    Compiling lock_api v0.4.14
linux	Build and exercise Rust, terminal and real-engine protocols	2026-10-07T01:30:27.7628988Z    Compiling syn v2.0.119
linux	Build and exercise Rust, terminal and real-engine protocols	2026-10-07T01:30:27.9273356Z    Compiling memchr v2.8.3
linux	Build and exercise Rust, terminal and real-engine protocols	2026-10-07T01:30:28.1301027Z    Compiling errno v0.3.14
linux	Build and exercise Rust, terminal and real-engine protocols	2026-10-07T01:30:28.1853174Z    Compiling signal-hook-registry v1.4.8
linux	Build and exercise Rust, terminal and real-engine protocols	2026-10-07T01:30:28.3653536Z    Compiling mio v1.2.4
linux	Build and exercise Rust, terminal and real-engine protocols	2026-10-07T01:30:28.4483269Z    Compiling parking_lot v0.12.5
linux	Build and exercise Rust, terminal and real-engine protocols	2026-10-07T01:30:28.6693644Z    Compiling bytes v1.12.1
linux	Build and exercise Rust, terminal and real-engine protocols	2026-10-07T01:30:28.6829363Z    Compiling rustix v1.1.5
linux	Build and exercise Rust, terminal and real-engine protocols	2026-10-07T01:30:28.8363237Z    Compiling pin-project-lite v0.2.17
linux	Build and exercise Rust, terminal and real-engine protocols	2026-10-07T01:30:28.9213328Z    Compiling once_cell v1.21.4
linux	Build and exercise Rust, terminal and real-engine protocols	2026-10-07T01:30:29.0296958Z    Compiling tree-sitter-language v0.1.8
linux	Build and exercise Rust, terminal and real-engine protocols	2026-10-07T01:30:29.0961870Z    Compiling linux-raw-sys v0.12.1
linux	Build and exercise Rust, terminal and real-engine protocols	2026-10-07T01:30:29.1253319Z    Compiling zmij v1.0.23
linux	Build and exercise Rust, terminal and real-engine protocols	2026-10-07T01:30:29.2563329Z    Compiling socket2 v0.6.5
linux	Build and exercise Rust, terminal and real-engine protocols	2026-10-07T01:30:29.5558158Z    Compiling serde_core v1.0.229
linux	Build and exercise Rust, terminal and real-engine protocols	2026-10-07T01:30:29.6334071Z    Compiling strsim v0.11.1
linux	Build and exercise Rust, terminal and real-engine protocols	2026-10-07T01:30:29.6783774Z    Compiling writeable v0.6.4
linux	Build and exercise Rust, terminal and real-engine protocols	2026-10-07T01:30:29.8033321Z    Compiling litemap v0.8.3
linux	Build and exercise Rust, terminal and real-engine protocols	2026-10-07T01:30:29.8103203Z    Compiling version_check v0.9.5
linux	Build and exercise Rust, terminal and real-engine protocols	2026-10-07T01:30:29.9203486Z    Compiling unicode-segmentation v1.13.3
linux	Build and exercise Rust, terminal and real-engine protocols	2026-10-07T01:30:29.9603339Z    Compiling generic-array v0.14.7
linux	Build and exercise Rust, terminal and real-engine protocols	2026-10-07T01:30:30.1953234Z    Compiling synstructure v0.14.0
linux	Build and exercise Rust, terminal and real-engine protocols	2026-10-07T01:30:30.2613299Z    Compiling ring v0.17.14
linux	Build and exercise Rust, terminal and real-engine protocols	2026-10-07T01:30:30.5350241Z    Compiling rustversion v1.0.23
linux	Build and exercise Rust, terminal and real-engine protocols	2026-10-07T01:30:30.6915980Z    Compiling allocator-api2 v0.2.21
linux	Build and exercise Rust, terminal and real-engine protocols	2026-10-07T01:30:30.7604106Z    Compiling icu_properties_data v2.3.0
linux	Build and exercise Rust, terminal and real-engine protocols	2026-10-07T01:30:30.8444099Z    Compiling heck v0.5.0
linux	Build and exercise Rust, terminal and real-engine protocols	2026-10-07T01:30:30.9539024Z    Compiling foldhash v0.2.0
linux	Build and exercise Rust, terminal and real-engine protocols	2026-10-07T01:30:30.9623051Z    Compiling icu_normalizer_data v2.3.0
linux	Build and exercise Rust, terminal and real-engine protocols	2026-10-07T01:30:31.0253608Z    Compiling utf8_iter v1.0.4
linux	Build and exercise Rust, terminal and real-engine protocols	2026-10-07T01:30:31.4193051Z    Compiling zerofrom-derive v0.1.8
linux	Build and exercise Rust, terminal and real-engine protocols	2026-10-07T01:30:31.7628653Z    Compiling yoke-derive v0.8.4
linux	Build and exercise Rust, terminal and real-engine protocols	2026-10-07T01:30:32.1596426Z    Compiling zerofrom v0.1.8
linux	Build and exercise Rust, terminal and real-engine protocols	2026-10-07T01:30:32.2137784Z    Compiling zerovec-derive v0.11.6
linux	Build and exercise Rust, terminal and real-engine protocols	2026-10-07T01:30:32.3011312Z    Compiling yoke v0.8.3
linux	Build and exercise Rust, terminal and real-engine protocols	2026-10-07T01:30:32.3892441Z    Compiling displaydoc v0.2.7
linux	Build and exercise Rust, terminal and real-engine protocols	2026-10-07T01:30:32.5658699Z    Compiling tokio-macros v2.7.2
linux	Build and exercise Rust, terminal and real-engine protocols	2026-10-07T01:30:32.7101975Z    Compiling zerotrie v0.2.5
linux	Build and exercise Rust, terminal and real-engine protocols	2026-10-07T01:30:32.8423524Z    Compiling zerovec v0.11.8
linux	Build and exercise Rust, terminal and real-engine protocols	2026-10-07T01:30:32.8850533Z    Compiling http v1.5.0
linux	Build and exercise Rust, terminal and real-engine protocols	2026-10-07T01:30:32.8893604Z    Compiling tokio v1.53.2
linux	Build and exercise Rust, terminal and real-engine protocols	2026-10-07T01:30:33.1647750Z    Compiling tinystr v0.8.4
linux	Build and exercise Rust, terminal and real-engine protocols	2026-10-07T01:30:33.2353303Z    Compiling icu_locale_core v2.3.0
linux	Build and exercise Rust, terminal and real-engine protocols	2026-10-07T01:30:33.5613362Z    Compiling potential_utf v0.1.6
linux	Build and exercise Rust, terminal and real-engine protocols	2026-10-07T01:30:33.6193470Z    Compiling icu_collections v2.3.0
linux	Build and exercise Rust, terminal and real-engine protocols	2026-10-07T01:30:33.8770113Z    Compiling icu_provider v2.3.1
linux	Build and exercise Rust, terminal and real-engine protocols	2026-10-07T01:30:33.8940759Z    Compiling ident_case v1.0.1
linux	Build and exercise Rust, terminal and real-engine protocols	2026-10-07T01:30:33.9230887Z    Compiling zeroize v1.9.0
linux	Build and exercise Rust, terminal and real-engine protocols	2026-10-07T01:30:33.9871699Z    Compiling thiserror v2.0.21
linux	Build and exercise Rust, terminal and real-engine protocols	2026-10-07T01:30:34.0653691Z    Compiling serde_json v1.0.151
linux	Build and exercise Rust, terminal and real-engine protocols	2026-10-07T01:30:34.0950899Z    Compiling hashbrown v0.17.1
linux	Build and exercise Rust, terminal and real-engine protocols	2026-10-07T01:30:34.1327301Z    Compiling typenum v1.20.1
linux	Build and exercise Rust, terminal and real-engine protocols	2026-10-07T01:30:34.5302738Z    Compiling percent-encoding v2.3.2
linux	Build and exercise Rust, terminal and real-engine protocols	2026-10-07T01:30:34.6007356Z    Compiling ryu v1.0.23
linux	Build and exercise Rust, terminal and real-engine protocols	2026-10-07T01:30:34.6878076Z    Compiling indexmap v2.14.2
linux	Build and exercise Rust, terminal and real-engine protocols	2026-10-07T01:30:35.0553541Z    Compiling rustls-pki-types v1.15.1
linux	Build and exercise Rust, terminal and real-engine protocols	2026-10-07T01:30:35.1358689Z    Compiling darling_core v0.24.1
linux	Build and exercise Rust, terminal and real-engine protocols	2026-10-07T01:30:35.3243488Z    Compiling http-body v1.1.0
linux	Build and exercise Rust, terminal and real-engine protocols	2026-10-07T01:30:35.3754915Z    Compiling futures-macro v0.3.34
linux	Build and exercise Rust, terminal and real-engine protocols	2026-10-07T01:30:35.7243179Z    Compiling thiserror-impl v2.0.21
linux	Build and exercise Rust, terminal and real-engine protocols	2026-10-07T01:30:37.1777531Z    Compiling getrandom v0.2.17
linux	Build and exercise Rust, terminal and real-engine protocols	2026-10-07T01:30:37.1883213Z    Compiling signal-hook v0.3.18
linux	Build and exercise Rust, terminal and real-engine protocols	2026-10-07T01:30:37.2423333Z    Compiling httparse v1.10.1
linux	Build and exercise Rust, terminal and real-engine protocols	2026-10-07T01:30:37.2456670Z    Compiling untrusted v0.9.0
linux	Build and exercise Rust, terminal and real-engine protocols	2026-10-07T01:30:37.2771179Z    Compiling either v1.18.0
linux	Build and exercise Rust, terminal and real-engine protocols	2026-10-07T01:30:37.3715798Z    Compiling utf8parse v0.2.2
linux	Build and exercise Rust, terminal and real-engine protocols	2026-10-07T01:30:37.3783231Z    Compiling futures-task v0.3.34
linux	Build and exercise Rust, terminal and real-engine protocols	2026-10-07T01:30:37.4022930Z    Compiling slab v0.4.12
linux	Build and exercise Rust, terminal and real-engine protocols	2026-10-07T01:30:37.4545246Z    Compiling itertools v0.14.0
linux	Build and exercise Rust, terminal and real-engine protocols	2026-10-07T01:30:37.4747177Z    Compiling futures-util v0.3.34
linux	Build and exercise Rust, terminal and real-engine protocols	2026-10-07T01:30:38.5179212Z    Compiling icu_normalizer v2.3.0
linux	Build and exercise Rust, terminal and real-engine protocols	2026-10-07T01:30:38.5226941Z    Compiling icu_properties v2.3.0
linux	Build and exercise Rust, terminal and real-engine protocols	2026-10-07T01:30:38.8483976Z    Compiling darling_macro v0.24.1
linux	Build and exercise Rust, terminal and real-engine protocols	2026-10-07T01:30:38.8720747Z    Compiling castaway v0.2.4
linux	Build and exercise Rust, terminal and real-engine protocols	2026-10-07T01:30:38.9475983Z    Compiling hashbrown v0.16.1
linux	Build and exercise Rust, terminal and real-engine protocols	2026-10-07T01:30:39.3106170Z    Compiling strum_macros v0.28.0
linux	Build and exercise Rust, terminal and real-engine protocols	2026-10-07T01:30:39.3556431Z    Compiling convert_case v0.10.0
linux	Build and exercise Rust, terminal and real-engine protocols	2026-10-07T01:30:39.4161786Z    Compiling rustls v0.23.45
linux	Build and exercise Rust, terminal and real-engine protocols	2026-10-07T01:30:39.4662384Z    Compiling unicode-width v0.2.0
linux	Build and exercise Rust, terminal and real-engine protocols	2026-10-07T01:30:39.4783938Z    Compiling tower-service v0.3.3
linux	Build and exercise Rust, terminal and real-engine protocols	2026-10-07T01:30:39.5083277Z    Compiling static_assertions v1.1.0
linux	Build and exercise Rust, terminal and real-engine protocols	2026-10-07T01:30:39.5352119Z    Compiling ipnet v2.12.2
linux	Build and exercise Rust, terminal and real-engine protocols	2026-10-07T01:30:39.5737667Z    Compiling io-lifetimes v3.0.1
linux	Build and exercise Rust, terminal and real-engine protocols	2026-10-07T01:30:39.6744962Z    Compiling try-lock v0.2.5
linux	Build and exercise Rust, terminal and real-engine protocols	2026-10-07T01:30:39.7078236Z    Compiling io-lifetimes v2.0.4
linux	Build and exercise Rust, terminal and real-engine protocols	2026-10-07T01:30:39.7674279Z    Compiling want v0.3.2
linux	Build and exercise Rust, terminal and real-engine protocols	2026-10-07T01:30:39.8136484Z    Compiling unicode-truncate v2.0.1
linux	Build and exercise Rust, terminal and real-engine protocols	2026-10-07T01:30:39.8203144Z    Compiling compact_str v0.9.1
linux	Build and exercise Rust, terminal and real-engine protocols	2026-10-07T01:30:39.8709141Z    Compiling derive_more-impl v2.1.1
linux	Build and exercise Rust, terminal and real-engine protocols	2026-10-07T01:30:40.1103791Z    Compiling lru v0.18.5
linux	Build and exercise Rust, terminal and real-engine protocols	2026-10-07T01:30:40.1934439Z    Compiling kasuari v0.4.12
linux	Build and exercise Rust, terminal and real-engine protocols	2026-10-07T01:30:40.2128084Z    Compiling idna_adapter v1.2.2
linux	Build and exercise Rust, terminal and real-engine protocols	2026-10-07T01:30:40.2448963Z    Compiling darling v0.24.1
linux	Build and exercise Rust, terminal and real-engine protocols	2026-10-07T01:30:40.4780842Z    Compiling block-buffer v0.10.4
linux	Build and exercise Rust, terminal and real-engine protocols	2026-10-07T01:30:40.5189734Z    Compiling crypto-common v0.1.7
linux	Build and exercise Rust, terminal and real-engine protocols	2026-10-07T01:30:40.5325880Z    Compiling form_urlencoded v1.2.2
linux	Build and exercise Rust, terminal and real-engine protocols	2026-10-07T01:30:40.5458579Z    Compiling strum v0.28.0
linux	Build and exercise Rust, terminal and real-engine protocols	2026-10-07T01:30:40.5793269Z    Compiling tracing-core v0.1.36
linux	Build and exercise Rust, terminal and real-engine protocols	2026-10-07T01:30:40.5833148Z    Compiling futures-channel v0.3.34
linux	Build and exercise Rust, terminal and real-engine protocols	2026-10-07T01:30:40.5943288Z    Compiling critical-section v1.2.0
linux	Build and exercise Rust, terminal and real-engine protocols	2026-10-07T01:30:40.6193659Z    Compiling cfg_aliases v0.1.1
linux	Build and exercise Rust, terminal and real-engine protocols	2026-10-07T01:30:40.6393427Z    Compiling atomic-waker v1.1.2
linux	Build and exercise Rust, terminal and real-engine protocols	2026-10-07T01:30:40.6682837Z    Compiling indoc v2.0.7
linux	Build and exercise Rust, terminal and real-engine protocols	2026-10-07T01:30:40.6950734Z    Compiling getrandom v0.4.3
linux	Build and exercise Rust, terminal and real-engine protocols	2026-10-07T01:30:40.7683367Z    Compiling io-extras v0.19.0
linux	Build and exercise Rust, terminal and real-engine protocols	2026-10-07T01:30:40.8093557Z    Compiling pkg-config v0.3.34
linux	Build and exercise Rust, terminal and real-engine protocols	2026-10-07T01:30:40.8573322Z    Compiling litrs v1.0.0
linux	Build and exercise Rust, terminal and real-engine protocols	2026-10-07T01:30:40.8923180Z    Compiling thiserror v1.0.69
linux	Build and exercise Rust, terminal and real-engine protocols	2026-10-07T01:30:40.9901136Z    Compiling vcpkg v0.2.15
linux	Build and exercise Rust, terminal and real-engine protocols	2026-10-07T01:30:41.1119219Z    Compiling subtle v2.6.1
linux	Build and exercise Rust, terminal and real-engine protocols	2026-10-07T01:30:41.1169307Z    Compiling serde v1.0.229
linux	Build and exercise Rust, terminal and real-engine protocols	2026-10-07T01:30:41.1663353Z    Compiling document-features v0.2.12
linux	Build and exercise Rust, terminal and real-engine protocols	2026-10-07T01:30:41.2782333Z    Compiling instability v0.3.14
linux	Build and exercise Rust, terminal and real-engine protocols	2026-10-07T01:30:41.3487093Z    Compiling libsqlite3-sys v0.35.0
linux	Build and exercise Rust, terminal and real-engine protocols	2026-10-07T01:30:41.3928099Z    Compiling tracing v0.1.44
linux	Build and exercise Rust, terminal and real-engine protocols	2026-10-07T01:30:41.4763247Z    Compiling hyper v1.11.1
linux	Build and exercise Rust, terminal and real-engine protocols	2026-10-07T01:30:41.5063165Z    Compiling nix v0.28.0
linux	Build and exercise Rust, terminal and real-engine protocols	2026-10-07T01:30:41.5458687Z    Compiling ratatui-core v0.1.2
linux	Build and exercise Rust, terminal and real-engine protocols	2026-10-07T01:30:41.6544370Z    Compiling digest v0.10.7
linux	Build and exercise Rust, terminal and real-engine protocols	2026-10-07T01:30:41.7524054Z    Compiling signal-hook-mio v0.2.5
linux	Build and exercise Rust, terminal and real-engine protocols	2026-10-07T01:30:41.7917196Z    Compiling idna v1.1.0
linux	Build and exercise Rust, terminal and real-engine protocols	2026-10-07T01:30:42.1178929Z    Compiling derive_more v2.1.1
linux	Build and exercise Rust, terminal and real-engine protocols	2026-10-07T01:30:42.1753325Z    Compiling tree-sitter v0.25.10
linux	Build and exercise Rust, terminal and real-engine protocols	2026-10-07T01:30:42.2109261Z    Compiling anstyle-parse v1.0.0
linux	Build and exercise Rust, terminal and real-engine protocols	2026-10-07T01:30:42.2591085Z    Compiling serde_derive v1.0.229
linux	Build and exercise Rust, terminal and real-engine protocols	2026-10-07T01:30:42.2802557Z    Compiling thiserror-impl v1.0.69
linux	Build and exercise Rust, terminal and real-engine protocols	2026-10-07T01:30:42.5348549Z    Compiling aho-corasick v1.1.5
linux	Build and exercise Rust, terminal and real-engine protocols	2026-10-07T01:30:42.8046076Z    Compiling sync_wrapper v1.0.2
linux	Build and exercise Rust, terminal and real-engine protocols	2026-10-07T01:30:42.8294180Z    Compiling cfg_aliases v0.2.2
linux	Build and exercise Rust, terminal and real-engine protocols	2026-10-07T01:30:42.8483946Z    Compiling cap-primitives v4.0.3
linux	Build and exercise Rust, terminal and real-engine protocols	2026-10-07T01:30:42.9185634Z    Compiling cpufeatures v0.2.17
linux	Build and exercise Rust, terminal and real-engine protocols	2026-10-07T01:30:42.9371588Z    Compiling foldhash v0.1.5
linux	Build and exercise Rust, terminal and real-engine protocols	2026-10-07T01:30:42.9873307Z    Compiling base64 v0.23.1
linux	Build and exercise Rust, terminal and real-engine protocols	2026-10-07T01:30:43.1619761Z    Compiling crc32fast v1.5.2
linux	Build and exercise Rust, terminal and real-engine protocols	2026-10-07T01:30:43.2323504Z    Compiling is_terminal_polyfill v1.70.2
linux	Build and exercise Rust, terminal and real-engine protocols	2026-10-07T01:30:43.2553965Z    Compiling colorchoice v1.0.5
linux	Build and exercise Rust, terminal and real-engine protocols	2026-10-07T01:30:43.3266142Z    Compiling anstyle v1.0.14
linux	Build and exercise Rust, terminal and real-engine protocols	2026-10-07T01:30:43.4083327Z    Compiling openssl-probe v0.2.1
linux	Build and exercise Rust, terminal and real-engine protocols	2026-10-07T01:30:43.4598570Z    Compiling regex-syntax v0.8.11
linux	Build and exercise Rust, terminal and real-engine protocols	2026-10-07T01:30:43.6330120Z    Compiling tower-layer v0.3.3
linux	Build and exercise Rust, terminal and real-engine protocols	2026-10-07T01:30:43.6987102Z    Compiling anstyle-query v1.1.5
linux	Build and exercise Rust, terminal and real-engine protocols	2026-10-07T01:30:43.7308466Z    Compiling anyhow v1.0.104
linux	Build and exercise Rust, terminal and real-engine protocols	2026-10-07T01:30:43.8673664Z    Compiling anstream v1.0.0
linux	Build and exercise Rust, terminal and real-engine protocols	2026-10-07T01:30:43.9833313Z    Compiling tower v0.5.3
linux	Build and exercise Rust, terminal and real-engine protocols	2026-10-07T01:30:44.2494307Z    Compiling rustls-native-certs v0.8.4
linux	Build and exercise Rust, terminal and real-engine protocols	2026-10-07T01:30:44.3616604Z    Compiling hyper-util v0.1.21
linux	Build and exercise Rust, terminal and real-engine protocols	2026-10-07T01:30:44.6302098Z    Compiling regex-automata v0.4.18
linux	Build and exercise Rust, terminal and real-engine protocols	2026-10-07T01:30:45.1362452Z    Compiling hashbrown v0.15.5
linux	Build and exercise Rust, terminal and real-engine protocols	2026-10-07T01:30:45.1671536Z    Compiling sha2 v0.10.9
linux	Build and exercise Rust, terminal and real-engine protocols	2026-10-07T01:30:45.3746935Z    Compiling nix v0.30.1
linux	Build and exercise Rust, terminal and real-engine protocols	2026-10-07T01:30:45.5516807Z    Compiling fs-set-times v0.20.3
linux	Build and exercise Rust, terminal and real-engine protocols	2026-10-07T01:30:45.7283456Z    Compiling crossterm v0.29.0
linux	Build and exercise Rust, terminal and real-engine protocols	2026-10-07T01:30:46.2873112Z    Compiling url v2.5.8
linux	Build and exercise Rust, terminal and real-engine protocols	2026-10-07T01:30:46.7038598Z    Compiling rustix-linux-procfs v0.1.1
linux	Build and exercise Rust, terminal and real-engine protocols	2026-10-07T01:30:46.7922890Z    Compiling tree-sitter-rust v0.24.2
linux	Build and exercise Rust, terminal and real-engine protocols	2026-10-07T01:30:46.8477137Z    Compiling tree-sitter-javascript v0.25.0
linux	Build and exercise Rust, terminal and real-engine protocols	2026-10-07T01:30:46.8998912Z    Compiling tree-sitter-python v0.25.0
linux	Build and exercise Rust, terminal and real-engine protocols	2026-10-07T01:30:46.9554873Z    Compiling vte_generate_state_changes v0.1.2
linux	Build and exercise Rust, terminal and real-engine protocols	2026-10-07T01:30:47.0268759Z    Compiling line-clipping v0.3.8
linux	Build and exercise Rust, terminal and real-engine protocols	2026-10-07T01:30:47.0988070Z    Compiling maybe-owned v0.3.4
linux	Build and exercise Rust, terminal and real-engine protocols	2026-10-07T01:30:47.1597320Z    Compiling winnow v1.0.4
linux	Build and exercise Rust, terminal and real-engine protocols	2026-10-07T01:30:47.3064707Z    Compiling cap-std v4.0.3
linux	Build and exercise Rust, terminal and real-engine protocols	2026-10-07T01:30:47.3720914Z    Compiling adler2 v2.0.1
linux	Build and exercise Rust, terminal and real-engine protocols	2026-10-07T01:30:47.4034390Z    Compiling ambient-authority v0.0.2
linux	Build and exercise Rust, terminal and real-engine protocols	2026-10-07T01:30:47.4219163Z    Compiling simd-adler32 v0.3.10
linux	Build and exercise Rust, terminal and real-engine protocols	2026-10-07T01:30:47.4817376Z    Compiling futures-sink v0.3.34
linux	Build and exercise Rust, terminal and real-engine protocols	2026-10-07T01:30:47.5139234Z    Compiling clap_lex v1.1.1
linux	Build and exercise Rust, terminal and real-engine protocols	2026-10-07T01:30:47.5826294Z    Compiling arrayvec v0.7.8
linux	Build and exercise Rust, terminal and real-engine protocols	2026-10-07T01:30:47.6590874Z    Compiling vte v0.11.1
linux	Build and exercise Rust, terminal and real-engine protocols	2026-10-07T01:30:47.9340743Z    Compiling clap_builder v4.6.7
linux	Build and exercise Rust, terminal and real-engine protocols	2026-10-07T01:30:49.4324616Z    Compiling tokio-util v0.7.19
linux	Build and exercise Rust, terminal and real-engine protocols	2026-10-07T01:30:49.6271277Z    Compiling miniz_oxide v0.9.1
linux	Build and exercise Rust, terminal and real-engine protocols	2026-10-07T01:30:50.2803050Z    Compiling toml_parser v1.1.3+spec-1.1.0
linux	Build and exercise Rust, terminal and real-engine protocols	2026-10-07T01:30:50.5575334Z    Compiling ratatui-widgets v0.3.2
linux	Build and exercise Rust, terminal and real-engine protocols	2026-10-07T01:30:53.2403194Z    Compiling tower-http v0.6.11
linux	Build and exercise Rust, terminal and real-engine protocols	2026-10-07T01:30:53.7233334Z    Compiling ratatui-crossterm v0.1.2
linux	Build and exercise Rust, terminal and real-engine protocols	2026-10-07T01:30:53.8163318Z    Compiling regex v1.13.1
linux	Build and exercise Rust, terminal and real-engine protocols	2026-10-07T01:30:54.0873366Z    Compiling hashlink v0.10.0
linux	Build and exercise Rust, terminal and real-engine protocols	2026-10-07T01:30:54.1235910Z    Compiling filedescriptor v0.8.3
linux	Build and exercise Rust, terminal and real-engine protocols	2026-10-07T01:30:54.2338096Z    Compiling alt-cli v0.6.0 (/home/runner/work/alt-cli/alt-cli)
linux	Build and exercise Rust, terminal and real-engine protocols	2026-10-07T01:30:54.2663458Z    Compiling serde_urlencoded v0.7.1
linux	Build and exercise Rust, terminal and real-engine protocols	2026-10-07T01:30:54.4093539Z    Compiling rustls-webpki v0.103.15
linux	Build and exercise Rust, terminal and real-engine protocols	2026-10-07T01:30:54.7723390Z    Compiling http-body-util v0.1.5
linux	Build and exercise Rust, terminal and real-engine protocols	2026-10-07T01:30:54.9173893Z    Compiling toml_datetime v0.7.5+spec-1.1.0
linux	Build and exercise Rust, terminal and real-engine protocols	2026-10-07T01:30:55.0393838Z    Compiling serde_spanned v1.1.1
linux	Build and exercise Rust, terminal and real-engine protocols	2026-10-07T01:30:55.0673293Z    Compiling xattr v1.6.1
linux	Build and exercise Rust, terminal and real-engine protocols	2026-10-07T01:30:55.0973247Z    Compiling clap_derive v4.6.7
linux	Build and exercise Rust, terminal and real-engine protocols	2026-10-07T01:30:55.1977062Z    Compiling filetime v0.2.29
linux	Build and exercise Rust, terminal and real-engine protocols	2026-10-07T01:30:55.2433475Z    Compiling serial2 v0.2.38
linux	Build and exercise Rust, terminal and real-engine protocols	2026-10-07T01:30:55.2829602Z    Compiling base64 v0.22.1
linux	Build and exercise Rust, terminal and real-engine protocols	2026-10-07T01:30:55.4313297Z    Compiling fastrand v2.5.0
linux	Build and exercise Rust, terminal and real-engine protocols	2026-10-07T01:30:55.4763324Z    Compiling unicode-width v0.1.14
linux	Build and exercise Rust, terminal and real-engine protocols	2026-10-07T01:30:55.5583579Z    Compiling toml_writer v1.1.2+spec-1.1.0
linux	Build and exercise Rust, terminal and real-engine protocols	2026-10-07T01:30:55.6043722Z    Compiling fallible-iterator v0.3.0
linux	Build and exercise Rust, terminal and real-engine protocols	2026-10-07T01:30:55.6613308Z    Compiling downcast-rs v1.2.1
linux	Build and exercise Rust, terminal and real-engine protocols	2026-10-07T01:30:55.6973186Z    Compiling fallible-streaming-iterator v0.1.9
linux	Build and exercise Rust, terminal and real-engine protocols	2026-10-07T01:30:55.7711832Z    Compiling winnow v0.7.15
linux	Build and exercise Rust, terminal and real-engine protocols	2026-10-07T01:30:55.8193261Z    Compiling shell-words v1.1.1
linux	Build and exercise Rust, terminal and real-engine protocols	2026-10-07T01:30:55.8793407Z    Compiling streaming-iterator v0.1.9
linux	Build and exercise Rust, terminal and real-engine protocols	2026-10-07T01:30:56.3663297Z    Compiling clap v4.6.7
linux	Build and exercise Rust, terminal and real-engine protocols	2026-10-07T01:30:56.4043652Z    Compiling portable-pty v0.9.0
linux	Build and exercise Rust, terminal and real-engine protocols	2026-10-07T01:30:56.5123581Z    Compiling rusqlite v0.37.0
linux	Build and exercise Rust, terminal and real-engine protocols	2026-10-07T01:30:56.8363477Z    Compiling toml v0.9.12+spec-1.1.0
linux	Build and exercise Rust, terminal and real-engine protocols	2026-10-07T01:30:56.8753827Z    Compiling vt100 v0.15.2
linux	Build and exercise Rust, terminal and real-engine protocols	2026-10-07T01:30:57.2633676Z    Compiling tempfile v3.27.0
linux	Build and exercise Rust, terminal and real-engine protocols	2026-10-07T01:30:57.4043242Z    Compiling tokio-rustls v0.26.6
linux	Build and exercise Rust, terminal and real-engine protocols	2026-10-07T01:30:57.5103689Z    Compiling tar v0.4.46
linux	Build and exercise Rust, terminal and real-engine protocols	2026-10-07T01:30:57.5553259Z    Compiling hyper-rustls v0.27.10
linux	Build and exercise Rust, terminal and real-engine protocols	2026-10-07T01:30:57.6965359Z    Compiling reqwest v0.12.28
linux	Build and exercise Rust, terminal and real-engine protocols	2026-10-07T01:30:57.8603872Z    Compiling flate2 v1.1.10
linux	Build and exercise Rust, terminal and real-engine protocols	2026-10-07T01:30:58.2613659Z    Compiling ratatui v0.30.2
linux	Build and exercise Rust, terminal and real-engine protocols	2026-10-07T01:30:58.6013237Z    Compiling uuid v1.27.0
linux	Build and exercise Rust, terminal and real-engine protocols	2026-10-07T01:30:58.6756564Z    Compiling roxmltree v0.21.1
linux	Build and exercise Rust, terminal and real-engine protocols	2026-10-07T01:30:58.7872460Z    Compiling fs2 v0.4.3
linux	Build and exercise Rust, terminal and real-engine protocols	2026-10-07T01:30:58.8370833Z    Compiling similar v2.7.0
linux	Build and exercise Rust, terminal and real-engine protocols	2026-10-07T01:31:08.2171137Z     Finished `dev` profile [unoptimized] target(s) in 43.75s
linux	Build and exercise Rust, terminal and real-engine protocols	2026-10-07T01:31:08.4604367Z    Compiling alt-cli v0.6.0 (/home/runner/work/alt-cli/alt-cli)
linux	Build and exercise Rust, terminal and real-engine protocols	2026-10-07T01:31:23.1609361Z     Finished `test` profile [unoptimized] target(s) in 14.82s
linux	Build and exercise Rust, terminal and real-engine protocols	2026-10-07T01:31:23.1821370Z      Running unittests src/lib.rs (target/debug/deps/alt_cli-47c0238de87e205a)
linux	Build and exercise Rust, terminal and real-engine protocols	2026-10-07T01:31:23.1842604Z 
linux	Build and exercise Rust, terminal and real-engine protocols	2026-10-07T01:31:23.1842968Z running 19 tests
linux	Build and exercise Rust, terminal and real-engine protocols	2026-10-07T01:31:23.1874189Z test engine::frame_fuzz_tests::only_the_pinned_goose_synthetic_network_error_shape_marks_a_failed_turn ... ok
linux	Build and exercise Rust, terminal and real-engine protocols	2026-10-07T01:31:23.1893162Z test runtime::memory_tests::container_cache_does_not_hide_available_ram_or_free_anonymous_memory ... ok
linux	Build and exercise Rust, terminal and real-engine protocols	2026-10-07T01:31:23.1894139Z test extensions::sse_tests::framing_survives_every_chunk_boundary_and_requires_event_termination ... ok
linux	Build and exercise Rust, terminal and real-engine protocols	2026-10-07T01:31:23.1895280Z test toolbox::evidence_tests::invalid_evidence_is_a_tool_failure_even_when_command_exits_zero ... ok
linux	Build and exercise Rust, terminal and real-engine protocols	2026-10-07T01:31:23.1981495Z test engine::frame_fuzz_tests::fragmented_and_mutated_acp_frames_obey_size_and_termination_bounds ... ok
linux	Build and exercise Rust, terminal and real-engine protocols	2026-10-07T01:31:23.2151338Z test extensions::sse_tests::bounded_seeded_mutation_corpus_never_panics_or_grows_without_limit ... ok
linux	Build and exercise Rust, terminal and real-engine protocols	2026-10-07T01:31:23.2201190Z test tui::app::recovery_tests::damaged_runtime_is_preserved_without_resetting_project_preferences ... ok
linux	Build and exercise Rust, terminal and real-engine protocols	2026-10-07T01:31:23.2226127Z test tui::app::recovery_tests::cancelled_conversation_loading_never_opens_an_agent ... ok
linux	Build and exercise Rust, terminal and real-engine protocols	2026-10-07T01:31:23.2229026Z test tui::app::recovery_tests::explicit_operations_never_replace_a_requested_save ... ok
linux	Build and exercise Rust, terminal and real-engine protocols	2026-10-07T01:31:23.2376475Z test tui::app::recovery_tests::old_project_results_and_failed_background_forms_do_not_replace_newer_work ... ok
linux	Build and exercise Rust, terminal and real-engine protocols	2026-10-07T01:31:23.2378063Z test tui::input::tests::pasted_source_preserves_tabs_and_accepts_the_documented_editor_limit ... ok
linux	Build and exercise Rust, terminal and real-engine protocols	2026-10-07T01:31:23.2378806Z test tui::input::tests::unicode_editing_and_paste_preserve_boundaries ... ok
linux	Build and exercise Rust, terminal and real-engine protocols	2026-10-07T01:31:23.2419673Z test tui::app::recovery_tests::new_file_can_replace_a_locked_listing_and_failed_forms_keep_their_text ... ok
linux	Build and exercise Rust, terminal and real-engine protocols	2026-10-07T01:31:23.2595088Z test tui::view::tests::corrupt_settings_are_preserved_and_setup_still_opens ... ok
linux	Build and exercise Rust, terminal and real-engine protocols	2026-10-07T01:31:23.2597091Z test tui::app::recovery_tests::conversation_database_contention_keeps_drafts_responsive_and_saves_after_release ... ok
linux	Build and exercise Rust, terminal and real-engine protocols	2026-10-07T01:31:23.2665644Z test tui::view::tests::settings_persist_and_permission_typing_cannot_accidentally_allow ... ok
linux	Build and exercise Rust, terminal and real-engine protocols	2026-10-07T01:31:23.2731341Z test tui::view::tests::first_run_is_usable_without_config_and_errors_preserve_forms ... ok
linux	Build and exercise Rust, terminal and real-engine protocols	2026-10-07T01:31:23.4753887Z test tui::view::tests::every_page_and_dialog_renders_at_supported_sizes ... ok
linux	Build and exercise Rust, terminal and real-engine protocols	2026-10-07T01:31:23.5068002Z test tui::app::recovery_tests::turn_end_refresh_does_not_race_itself_or_replace_an_open_form ... ok
linux	Build and exercise Rust, terminal and real-engine protocols	2026-10-07T01:31:23.5068368Z 
linux	Build and exercise Rust, terminal and real-engine protocols	2026-10-07T01:31:23.5068604Z test result: ok. 19 passed; 0 failed; 0 ignored; 0 measured; 0 filtered out; finished in 0.32s
linux	Build and exercise Rust, terminal and real-engine protocols	2026-10-07T01:31:23.5068897Z 
linux	Build and exercise Rust, terminal and real-engine protocols	2026-10-07T01:31:23.5079659Z      Running unittests src/main.rs (target/debug/deps/alt-b5f9dda7b4465950)
linux	Build and exercise Rust, terminal and real-engine protocols	2026-10-07T01:31:23.5090551Z 
linux	Build and exercise Rust, terminal and real-engine protocols	2026-10-07T01:31:23.5090734Z running 0 tests
linux	Build and exercise Rust, terminal and real-engine protocols	2026-10-07T01:31:23.5090926Z 
linux	Build and exercise Rust, terminal and real-engine protocols	2026-10-07T01:31:23.5091201Z test result: ok. 0 passed; 0 failed; 0 ignored; 0 measured; 0 filtered out; finished in 0.00s
linux	Build and exercise Rust, terminal and real-engine protocols	2026-10-07T01:31:23.5091625Z 
linux	Build and exercise Rust, terminal and real-engine protocols	2026-10-07T01:31:23.5093839Z      Running tests/benchmark.rs (target/debug/deps/benchmark-b7e7b2fa8586be3b)
linux	Build and exercise Rust, terminal and real-engine protocols	2026-10-07T01:31:23.5107427Z 
linux	Build and exercise Rust, terminal and real-engine protocols	2026-10-07T01:31:23.5107580Z running 3 tests
linux	Build and exercise Rust, terminal and real-engine protocols	2026-10-07T01:31:23.6050966Z test requested_gpu_and_allocation_failure_explain_recovery_without_substituting_models ... ok
linux	Build and exercise Rust, terminal and real-engine protocols	2026-10-07T01:31:23.6156944Z test cancellation_interrupts_a_stalled_backend_and_preserves_a_failed_report ... ok
linux	Build and exercise Rust, terminal and real-engine protocols	2026-10-07T01:31:23.6920943Z test qualification_cli_returns_without_opening_an_agent_and_keeps_external_scope_explicit ... ok
linux	Build and exercise Rust, terminal and real-engine protocols	2026-10-07T01:31:23.6921422Z 
linux	Build and exercise Rust, terminal and real-engine protocols	2026-10-07T01:31:23.6921670Z test result: ok. 3 passed; 0 failed; 0 ignored; 0 measured; 0 filtered out; finished in 0.18s
linux	Build and exercise Rust, terminal and real-engine protocols	2026-10-07T01:31:23.6921951Z 
linux	Build and exercise Rust, terminal and real-engine protocols	2026-10-07T01:31:23.6926022Z      Running tests/download_recovery.rs (target/debug/deps/download_recovery-f164e943558d3c6f)
linux	Build and exercise Rust, terminal and real-engine protocols	2026-10-07T01:31:23.6940141Z 
linux	Build and exercise Rust, terminal and real-engine protocols	2026-10-07T01:31:23.6940441Z running 1 test
linux	Build and exercise Rust, terminal and real-engine protocols	2026-10-07T01:31:24.5426718Z test repeated_network_loss_preserves_offsets_and_only_promotes_the_complete_hash ... ok
linux	Build and exercise Rust, terminal and real-engine protocols	2026-10-07T01:31:24.5427087Z 
linux	Build and exercise Rust, terminal and real-engine protocols	2026-10-07T01:31:24.5427289Z test result: ok. 1 passed; 0 failed; 0 ignored; 0 measured; 0 filtered out; finished in 0.85s
linux	Build and exercise Rust, terminal and real-engine protocols	2026-10-07T01:31:24.5427568Z 
linux	Build and exercise Rust, terminal and real-engine protocols	2026-10-07T01:31:24.5431374Z      Running tests/extensions.rs (target/debug/deps/extensions-9510221af8995f46)
linux	Build and exercise Rust, terminal and real-engine protocols	2026-10-07T01:31:24.5449183Z 
linux	Build and exercise Rust, terminal and real-engine protocols	2026-10-07T01:31:24.5449346Z running 4 tests
linux	Build and exercise Rust, terminal and real-engine protocols	2026-10-07T01:31:24.7356072Z test remote_auth_session_and_sse ... ok
linux	Build and exercise Rust, terminal and real-engine protocols	2026-10-07T01:31:24.7357084Z test remote_sse_accepts_multiline_data_and_optional_space ... ok
linux	Build and exercise Rust, terminal and real-engine protocols	2026-10-07T01:31:24.7357971Z test external_calls_require_actual_alt_approval_and_respect_access ... ok
linux	Build and exercise Rust, terminal and real-engine protocols	2026-10-07T01:31:24.7498175Z test selected_stdio_tools_keep_state_and_reconnect_without_replay ... ok
linux	Build and exercise Rust, terminal and real-engine protocols	2026-10-07T01:31:24.7498989Z 
linux	Build and exercise Rust, terminal and real-engine protocols	2026-10-07T01:31:24.7499315Z      Running tests/faults.rs (target/debug/deps/faults-9bb30824ff237f57)
linux	Build and exercise Rust, terminal and real-engine protocols	2026-10-07T01:31:24.7500441Z test result: ok. 4 passed; 0 failed; 0 ignored; 0 measured; 0 filtered out; finished in 0.20s
linux	Build and exercise Rust, terminal and real-engine protocols	2026-10-07T01:31:24.7500865Z 
linux	Build and exercise Rust, terminal and real-engine protocols	2026-10-07T01:31:24.7512134Z 
linux	Build and exercise Rust, terminal and real-engine protocols	2026-10-07T01:31:24.7512468Z running 2 tests
linux	Build and exercise Rust, terminal and real-engine protocols	2026-10-07T01:31:24.7514531Z test fault_worker ... ok
linux	Build and exercise Rust, terminal and real-engine protocols	2026-10-07T01:31:25.3300370Z test disk_full_and_abrupt_apply_undo_recover_without_replay_or_partial_source ... ok
linux	Build and exercise Rust, terminal and real-engine protocols	2026-10-07T01:31:25.3300919Z 
linux	Build and exercise Rust, terminal and real-engine protocols	2026-10-07T01:31:25.3301227Z test result: ok. 2 passed; 0 failed; 0 ignored; 0 measured; 0 filtered out; finished in 0.58s
linux	Build and exercise Rust, terminal and real-engine protocols	2026-10-07T01:31:25.3301519Z 
linux	Build and exercise Rust, terminal and real-engine protocols	2026-10-07T01:31:25.3303315Z      Running tests/first_task.rs (target/debug/deps/first_task-ea7efac357d4cae3)
linux	Build and exercise Rust, terminal and real-engine protocols	2026-10-07T01:31:25.3317076Z 
linux	Build and exercise Rust, terminal and real-engine protocols	2026-10-07T01:31:25.3317398Z running 7 tests
linux	Build and exercise Rust, terminal and real-engine protocols	2026-10-07T01:31:25.3646357Z test retrieval_finds_named_files_and_important_terms_after_conversational_filler ... ok
linux	Build and exercise Rust, terminal and real-engine protocols	2026-10-07T01:31:25.3790527Z test retrieved_code_keeps_identifiers_and_original_brackets ... ok
linux	Build and exercise Rust, terminal and real-engine protocols	2026-10-07T01:31:25.3806085Z test suggestions_follow_declared_runners_and_do_not_invent_tests ... ok
linux	Build and exercise Rust, terminal and real-engine protocols	2026-10-07T01:31:25.3974857Z test tool_guidance_matches_focus_and_does_not_offer_unavailable_execution ... ok
linux	Build and exercise Rust, terminal and real-engine protocols	2026-10-07T01:31:25.4062289Z test missing_practice_interpreter_keeps_actionable_error_and_failed_evidence ... ok
linux	Build and exercise Rust, terminal and real-engine protocols	2026-10-07T01:31:25.5630777Z test bounded_memory_keeps_current_evidence_and_whole_excerpts_after_restart ... ok
linux	Build and exercise Rust, terminal and real-engine protocols	2026-10-07T01:31:25.6176807Z test practice_repair_verification_restart_undo_and_new_lesson ... ok
linux	Build and exercise Rust, terminal and real-engine protocols	2026-10-07T01:31:25.6177270Z 
linux	Build and exercise Rust, terminal and real-engine protocols	2026-10-07T01:31:25.6177582Z test result: ok. 7 passed; 0 failed; 0 ignored; 0 measured; 0 filtered out; finished in 0.29s
linux	Build and exercise Rust, terminal and real-engine protocols	2026-10-07T01:31:25.6178007Z 
linux	Build and exercise Rust, terminal and real-engine protocols	2026-10-07T01:31:25.6182451Z      Running tests/integration.rs (target/debug/deps/integration-600ef0b4a028a614)
linux	Build and exercise Rust, terminal and real-engine protocols	2026-10-07T01:31:25.6198706Z 
linux	Build and exercise Rust, terminal and real-engine protocols	2026-10-07T01:31:25.6198852Z running 4 tests
linux	Build and exercise Rust, terminal and real-engine protocols	2026-10-07T01:31:26.4474432Z test streaming_permissions_and_large_session_replay ... ok
linux	Build and exercise Rust, terminal and real-engine protocols	2026-10-07T01:31:26.5037865Z test session_recovery_and_profile_validation ... ok
linux	Build and exercise Rust, terminal and real-engine protocols	2026-10-07T01:31:28.1120537Z test cancellation_and_broken_peers_do_not_hang ... ok
linux	Build and exercise Rust, terminal and real-engine protocols	2026-10-07T01:31:58.9730119Z test cli_streams_exports_resumes_and_denies_by_default ... ok
linux	Build and exercise Rust, terminal and real-engine protocols	2026-10-07T01:31:58.9731475Z 
linux	Build and exercise Rust, terminal and real-engine protocols	2026-10-07T01:31:58.9731851Z test result: ok. 4 passed; 0 failed; 0 ignored; 0 measured; 0 filtered out; finished in 33.35s
linux	Build and exercise Rust, terminal and real-engine protocols	2026-10-07T01:31:58.9732144Z 
linux	Build and exercise Rust, terminal and real-engine protocols	2026-10-07T01:31:58.9735664Z      Running tests/jobs.rs (target/debug/deps/jobs-2e3752c5a1563cbb)
linux	Build and exercise Rust, terminal and real-engine protocols	2026-10-07T01:31:58.9748596Z 
linux	Build and exercise Rust, terminal and real-engine protocols	2026-10-07T01:31:58.9748849Z running 5 tests
linux	Build and exercise Rust, terminal and real-engine protocols	2026-10-07T01:31:58.9756923Z test control_keys_are_bytes_not_numeric_strings ... ok
linux	Build and exercise Rust, terminal and real-engine protocols	2026-10-07T01:31:59.0759384Z test disconnected_control_client_does_not_terminate_persistent_job ... ok
linux	Build and exercise Rust, terminal and real-engine protocols	2026-10-07T01:31:59.1515166Z test persistent_pty_accepts_input_resize_and_reconnect_then_stops ... ok
linux	Build and exercise Rust, terminal and real-engine protocols	2026-10-07T01:32:00.0826846Z test timeout_and_exit_are_saved_and_pid_reuse_cannot_signal_another_process ... ok
linux	Build and exercise Rust, terminal and real-engine protocols	2026-10-07T01:32:01.2876131Z test exiting_owner_stops_only_owned_jobs_and_large_output_is_bounded ... ok
linux	Build and exercise Rust, terminal and real-engine protocols	2026-10-07T01:32:01.2876628Z 
linux	Build and exercise Rust, terminal and real-engine protocols	2026-10-07T01:32:01.2876838Z test result: ok. 5 passed; 0 failed; 0 ignored; 0 measured; 0 filtered out; finished in 2.31s
linux	Build and exercise Rust, terminal and real-engine protocols	2026-10-07T01:32:01.2877144Z 
linux	Build and exercise Rust, terminal and real-engine protocols	2026-10-07T01:32:01.2879154Z      Running tests/language.rs (target/debug/deps/language-c48857eb01ba355b)
linux	Build and exercise Rust, terminal and real-engine protocols	2026-10-07T01:32:01.2892594Z 
linux	Build and exercise Rust, terminal and real-engine protocols	2026-10-07T01:32:01.2892832Z running 1 test
linux	Build and exercise Rust, terminal and real-engine protocols	2026-10-07T01:32:01.3123750Z test utf16_rename_preview_applies_checkpoints_and_rejects_outside_overlap_staleness ... ok
linux	Build and exercise Rust, terminal and real-engine protocols	2026-10-07T01:32:01.3124299Z 
linux	Build and exercise Rust, terminal and real-engine protocols	2026-10-07T01:32:01.3124586Z test result: ok. 1 passed; 0 failed; 0 ignored; 0 measured; 0 filtered out; finished in 0.02s
linux	Build and exercise Rust, terminal and real-engine protocols	2026-10-07T01:32:01.3125100Z 
linux	Build and exercise Rust, terminal and real-engine protocols	2026-10-07T01:32:01.3127349Z      Running tests/model_downloads.rs (target/debug/deps/model_downloads-09c61f83f9df7da4)
linux	Build and exercise Rust, terminal and real-engine protocols	2026-10-07T01:32:01.3143825Z 
linux	Build and exercise Rust, terminal and real-engine protocols	2026-10-07T01:32:01.3143987Z running 9 tests
linux	Build and exercise Rust, terminal and real-engine protocols	2026-10-07T01:32:01.3151817Z test hub_token_scope_worker ... ok
linux	Build and exercise Rust, terminal and real-engine protocols	2026-10-07T01:32:01.3171244Z test import_preserves_original_and_rejects_wrong_format ... ok
linux	Build and exercise Rust, terminal and real-engine protocols	2026-10-07T01:32:01.4266812Z test interrupted_download_resumes_and_promotes_only_verified_bytes ... ok
linux	Build and exercise Rust, terminal and real-engine protocols	2026-10-07T01:32:01.4303031Z test interrupted_cache_relocation_preserves_originals_and_resumes_same_destination ... ok
linux	Build and exercise Rust, terminal and real-engine protocols	2026-10-07T01:32:01.4379272Z test checksum_failure_and_bad_range_never_create_ready_model ... ok
linux	Build and exercise Rust, terminal and real-engine protocols	2026-10-07T01:32:01.4849065Z test server_ignoring_range_restarts_instead_of_concatenating ... ok
linux	Build and exercise Rust, terminal and real-engine protocols	2026-10-07T01:32:01.5326470Z test multipart_promotes_only_complete_set_and_relocates_without_import_loss ... ok
linux	Build and exercise Rust, terminal and real-engine protocols	2026-10-07T01:32:01.5477477Z test hub_authentication_is_scoped_without_mutating_the_test_process_environment ... ok
linux	Build and exercise Rust, terminal and real-engine protocols	2026-10-07T01:32:01.5773646Z test pause_interrupts_a_stalled_body_and_keeps_partial_file ... ok
linux	Build and exercise Rust, terminal and real-engine protocols	2026-10-07T01:32:01.5774079Z 
linux	Build and exercise Rust, terminal and real-engine protocols	2026-10-07T01:32:01.5774506Z test result: ok. 9 passed; 0 failed; 0 ignored; 0 measured; 0 filtered out; finished in 0.26s
linux	Build and exercise Rust, terminal and real-engine protocols	2026-10-07T01:32:01.5774957Z 
linux	Build and exercise Rust, terminal and real-engine protocols	2026-10-07T01:32:01.5784700Z      Running tests/packs.rs (target/debug/deps/packs-6a6e8fae1089bd48)
linux	Build and exercise Rust, terminal and real-engine protocols	2026-10-07T01:32:01.5802033Z 
linux	Build and exercise Rust, terminal and real-engine protocols	2026-10-07T01:32:01.5802139Z running 3 tests
linux	Build and exercise Rust, terminal and real-engine protocols	2026-10-07T01:32:01.5808288Z test parsers_reject_incomplete_and_malformed_scans_and_preserve_evidence ... ok
linux	Build and exercise Rust, terminal and real-engine protocols	2026-10-07T01:32:01.7190083Z test git_commit_contains_selected_paths_and_preserves_unrelated_staging ... ok
linux	Build and exercise Rust, terminal and real-engine protocols	2026-10-07T01:32:01.7848280Z test http_failure_retest_and_exports_link_to_real_records ... ok
linux	Build and exercise Rust, terminal and real-engine protocols	2026-10-07T01:32:01.7848683Z 
linux	Build and exercise Rust, terminal and real-engine protocols	2026-10-07T01:32:01.7848964Z test result: ok. 3 passed; 0 failed; 0 ignored; 0 measured; 0 filtered out; finished in 0.20s
linux	Build and exercise Rust, terminal and real-engine protocols	2026-10-07T01:32:01.7849364Z 
linux	Build and exercise Rust, terminal and real-engine protocols	2026-10-07T01:32:01.7854279Z      Running tests/parser_properties.rs (target/debug/deps/parser_properties-ee5b42ad24031152)
linux	Build and exercise Rust, terminal and real-engine protocols	2026-10-07T01:32:01.7867721Z 
linux	Build and exercise Rust, terminal and real-engine protocols	2026-10-07T01:32:01.7867979Z running 2 tests
linux	Build and exercise Rust, terminal and real-engine protocols	2026-10-07T01:32:01.7876211Z test explicit_tool_focus_retains_full_access_terminal_option ... ok
linux	Build and exercise Rust, terminal and real-engine protocols	2026-10-07T01:32:02.2035123Z test bounded_mutations_of_reports_paths_and_utf16_positions_never_panic ... ok
linux	Build and exercise Rust, terminal and real-engine protocols	2026-10-07T01:32:02.2035619Z 
linux	Build and exercise Rust, terminal and real-engine protocols	2026-10-07T01:32:02.2035930Z test result: ok. 2 passed; 0 failed; 0 ignored; 0 measured; 0 filtered out; finished in 0.42s
linux	Build and exercise Rust, terminal and real-engine protocols	2026-10-07T01:32:02.2036339Z 
linux	Build and exercise Rust, terminal and real-engine protocols	2026-10-07T01:32:02.2039492Z      Running tests/project_services.rs (target/debug/deps/project_services-cb118a54c18064fa)
linux	Build and exercise Rust, terminal and real-engine protocols	2026-10-07T01:32:02.2055384Z 
linux	Build and exercise Rust, terminal and real-engine protocols	2026-10-07T01:32:02.2055613Z running 8 tests
linux	Build and exercise Rust, terminal and real-engine protocols	2026-10-07T01:32:02.2171187Z test migrations_preserve_legacy_data_and_reject_newer_schema ... ok
linux	Build and exercise Rust, terminal and real-engine protocols	2026-10-07T01:32:02.2239824Z test incremental_index_reuses_unchanged_rows_and_detects_edits_deletions_cancellation ... ok
linux	Build and exercise Rust, terminal and real-engine protocols	2026-10-07T01:32:02.2253966Z test pinned_requirements_and_actual_context_survive_restart ... ok
linux	Build and exercise Rust, terminal and real-engine protocols	2026-10-07T01:32:02.2703503Z test syntax_and_old_decision_retrieval_keep_current_evidence_at_all_budgets ... ok
linux	Build and exercise Rust, terminal and real-engine protocols	2026-10-07T01:32:02.2710487Z test zero_tests_are_distinguished_from_unknown_output_and_mixed_rust_targets ... ok
linux	Build and exercise Rust, terminal and real-engine protocols	2026-10-07T01:32:02.3049769Z test verification_requires_every_check_and_current_source_command_environment ... ok
linux	Build and exercise Rust, terminal and real-engine protocols	2026-10-07T01:32:02.5501730Z test zero_tests_after_large_output_cannot_verify_a_requirement ... ok
linux	Build and exercise Rust, terminal and real-engine protocols	2026-10-07T01:32:04.1516843Z test discovery_enforces_file_limit_in_a_flat_directory_without_partial_index_commit ... ok
linux	Build and exercise Rust, terminal and real-engine protocols	2026-10-07T01:32:04.1517352Z 
linux	Build and exercise Rust, terminal and real-engine protocols	2026-10-07T01:32:04.1517636Z test result: ok. 8 passed; 0 failed; 0 ignored; 0 measured; 0 filtered out; finished in 1.95s
linux	Build and exercise Rust, terminal and real-engine protocols	2026-10-07T01:32:04.1517910Z 
linux	Build and exercise Rust, terminal and real-engine protocols	2026-10-07T01:32:04.1523527Z      Running tests/project_worker.rs (target/debug/deps/project_worker-b6a8e82a774d8b50)
linux	Build and exercise Rust, terminal and real-engine protocols	2026-10-07T01:32:04.1537055Z 
linux	Build and exercise Rust, terminal and real-engine protocols	2026-10-07T01:32:04.1537216Z running 2 tests
linux	Build and exercise Rust, terminal and real-engine protocols	2026-10-07T01:32:04.2337003Z test busy_project_wait_is_cancellable_without_blocking_async_input ... ok
linux	Build and exercise Rust, terminal and real-engine protocols	2026-10-07T01:32:04.2557153Z test cancellation_during_walk_preserves_existing_index_and_worker_retries_lock ... ok
linux	Build and exercise Rust, terminal and real-engine protocols	2026-10-07T01:32:04.2557818Z 
linux	Build and exercise Rust, terminal and real-engine protocols	2026-10-07T01:32:04.2558030Z test result: ok. 2 passed; 0 failed; 0 ignored; 0 measured; 0 filtered out; finished in 0.10s
linux	Build and exercise Rust, terminal and real-engine protocols	2026-10-07T01:32:04.2558296Z 
linux	Build and exercise Rust, terminal and real-engine protocols	2026-10-07T01:32:04.2561713Z      Running tests/project_workflow.rs (target/debug/deps/project_workflow-e9409c40119520b8)
linux	Build and exercise Rust, terminal and real-engine protocols	2026-10-07T01:32:04.2579700Z 
linux	Build and exercise Rust, terminal and real-engine protocols	2026-10-07T01:32:04.2579886Z running 7 tests
linux	Build and exercise Rust, terminal and real-engine protocols	2026-10-07T01:32:04.2849857Z test enforced_reads_paths_checkpoints_undo_and_conflicts ... ok
linux	Build and exercise Rust, terminal and real-engine protocols	2026-10-07T01:32:04.2887842Z test memory_invalidation_failure_budget_and_crash_recovery ... ok
linux	Build and exercise Rust, terminal and real-engine protocols	2026-10-07T01:32:04.4038266Z test no_silent_isolation_fallback_and_terminal_is_explicit ... ok
linux	Build and exercise Rust, terminal and real-engine protocols	2026-10-07T01:32:04.5290096Z test native_tool_bridge_cannot_bypass_approval_or_stale_checks ... ok
linux	Build and exercise Rust, terminal and real-engine protocols	2026-10-07T01:32:04.5329203Z test deterministic_checks_bind_evidence_to_source_and_preserve_original ... ok
linux	Build and exercise Rust, terminal and real-engine protocols	2026-10-07T01:32:04.5350009Z test stale_edits_symlinks_creation_deletion_and_atomic_task_undo ... ok
linux	Build and exercise Rust, terminal and real-engine protocols	2026-10-07T01:32:05.4235317Z test check_timeout_cancellation_and_early_exit_kill_background_children ... ok
linux	Build and exercise Rust, terminal and real-engine protocols	2026-10-07T01:32:05.4235774Z 
linux	Build and exercise Rust, terminal and real-engine protocols	2026-10-07T01:32:05.4236053Z test result: ok. 7 passed; 0 failed; 0 ignored; 0 measured; 0 filtered out; finished in 1.17s
linux	Build and exercise Rust, terminal and real-engine protocols	2026-10-07T01:32:05.4236467Z 
linux	Build and exercise Rust, terminal and real-engine protocols	2026-10-07T01:32:05.4241687Z      Running tests/recovery.rs (target/debug/deps/recovery-e79263658272ceec)
linux	Build and exercise Rust, terminal and real-engine protocols	2026-10-07T01:32:05.4255244Z 
linux	Build and exercise Rust, terminal and real-engine protocols	2026-10-07T01:32:05.4255370Z running 3 tests
linux	Build and exercise Rust, terminal and real-engine protocols	2026-10-07T01:32:05.4257698Z test recovery_worker ... ok
linux	Build and exercise Rust, terminal and real-engine protocols	2026-10-07T01:32:05.4325103Z test session_metadata_and_events_commit_together_and_inline_preferences_ignore_legacy_file ... ok
linux	Build and exercise Rust, terminal and real-engine protocols	2026-10-07T01:32:06.0303223Z test settings_backup_restore_survive_disk_full_and_abrupt_atomic_writes ... ok
linux	Build and exercise Rust, terminal and real-engine protocols	2026-10-07T01:32:06.0303561Z 
linux	Build and exercise Rust, terminal and real-engine protocols	2026-10-07T01:32:06.0303762Z test result: ok. 3 passed; 0 failed; 0 ignored; 0 measured; 0 filtered out; finished in 0.60s
linux	Build and exercise Rust, terminal and real-engine protocols	2026-10-07T01:32:06.0304058Z 
linux	Build and exercise Rust, terminal and real-engine protocols	2026-10-07T01:32:06.0306291Z      Running tests/storage.rs (target/debug/deps/storage-f95addfbe758d3d8)
linux	Build and exercise Rust, terminal and real-engine protocols	2026-10-07T01:32:06.0317995Z 
linux	Build and exercise Rust, terminal and real-engine protocols	2026-10-07T01:32:06.0318188Z running 6 tests
linux	Build and exercise Rust, terminal and real-engine protocols	2026-10-07T01:32:06.0326048Z test diagnostics_excludes_environment_values_prompts_endpoints_and_source ... ok
linux	Build and exercise Rust, terminal and real-engine protocols	2026-10-07T01:32:06.0327265Z test malformed_archive_never_creates_destination ... ok
linux	Build and exercise Rust, terminal and real-engine protocols	2026-10-07T01:32:06.0453773Z test backup_restores_consistent_sqlite_and_never_overwrites_existing_state ... ok
linux	Build and exercise Rust, terminal and real-engine protocols	2026-10-07T01:32:06.0538862Z test history_retention_archives_first_and_restores_without_overwriting ... ok
linux	Build and exercise Rust, terminal and real-engine protocols	2026-10-07T01:32:06.3396880Z test mutated_archive_corpus_preserves_atomic_restore_boundary ... ok
linux	Build and exercise Rust, terminal and real-engine protocols	2026-10-07T01:32:06.6254695Z test retention_never_deletes_a_conversation_that_exceeds_restore_limits ... ok
linux	Build and exercise Rust, terminal and real-engine protocols	2026-10-07T01:32:06.6255158Z 
linux	Build and exercise Rust, terminal and real-engine protocols	2026-10-07T01:32:06.6255468Z test result: ok. 6 passed; 0 failed; 0 ignored; 0 measured; 0 filtered out; finished in 0.59s
linux	Build and exercise Rust, terminal and real-engine protocols	2026-10-07T01:32:06.6255883Z 
linux	Build and exercise Rust, terminal and real-engine protocols	2026-10-07T01:32:06.6259624Z      Running tests/verification.rs (target/debug/deps/verification-d2e11904ed8253e2)
linux	Build and exercise Rust, terminal and real-engine protocols	2026-10-07T01:32:06.6274641Z 
linux	Build and exercise Rust, terminal and real-engine protocols	2026-10-07T01:32:06.6274807Z running 5 tests
linux	Build and exercise Rust, terminal and real-engine protocols	2026-10-07T01:32:06.6293409Z test dependency_symlinks_track_target_changes_without_following_cycles_forever ... ok
linux	Build and exercise Rust, terminal and real-engine protocols	2026-10-07T01:32:06.6352747Z test structured_reports_reject_missing_incomplete_contradictory_and_fabricated_totals ... ok
linux	Build and exercise Rust, terminal and real-engine protocols	2026-10-07T01:32:06.6473799Z test newer_state_is_rejected_before_any_schema_or_journal_mutation ... ok
linux	Build and exercise Rust, terminal and real-engine protocols	2026-10-07T01:32:06.6507671Z test cli_can_convert_an_existing_script_command_into_a_pinned_contract ... ok
linux	Build and exercise Rust, terminal and real-engine protocols	2026-10-07T01:32:07.1142734Z test independent_check_contract_rejects_fake_output_and_stales_on_assertion_or_dependency_changes ... ok
linux	Build and exercise Rust, terminal and real-engine protocols	2026-10-07T01:32:07.1143237Z 
linux	Build and exercise Rust, terminal and real-engine protocols	2026-10-07T01:32:07.1143450Z test result: ok. 5 passed; 0 failed; 0 ignored; 0 measured; 0 filtered out; finished in 0.49s
linux	Build and exercise Rust, terminal and real-engine protocols	2026-10-07T01:32:07.1143720Z 
linux	Build and exercise Rust, terminal and real-engine protocols	2026-10-07T01:32:07.1146682Z    Doc-tests alt_cli
linux	Build and exercise Rust, terminal and real-engine protocols	2026-10-07T01:32:07.6112752Z 
linux	Build and exercise Rust, terminal and real-engine protocols	2026-10-07T01:32:07.6113321Z running 0 tests
linux	Build and exercise Rust, terminal and real-engine protocols	2026-10-07T01:32:07.6113595Z 
linux	Build and exercise Rust, terminal and real-engine protocols	2026-10-07T01:32:07.6114077Z test result: ok. 0 passed; 0 failed; 0 ignored; 0 measured; 0 filtered out; finished in 0.00s
linux	Build and exercise Rust, terminal and real-engine protocols	2026-10-07T01:32:07.6114854Z 
linux	Build and exercise Rust, terminal and real-engine protocols	2026-10-07T01:32:08.1063089Z     Checking cfg-if v1.0.5
linux	Build and exercise Rust, terminal and real-engine protocols	2026-10-07T01:32:08.1063511Z     Checking libc v0.2.190
linux	Build and exercise Rust, terminal and real-engine protocols	2026-10-07T01:32:08.1065217Z     Checking bitflags v2.13.2
linux	Build and exercise Rust, terminal and real-engine protocols	2026-10-07T01:32:08.1092724Z     Checking smallvec v1.16.2
linux	Build and exercise Rust, terminal and real-engine protocols	2026-10-07T01:32:08.1293506Z     Checking log v0.4.34
linux	Build and exercise Rust, terminal and real-engine protocols	2026-10-07T01:32:08.1833193Z     Checking itoa v1.0.18
linux	Build and exercise Rust, terminal and real-engine protocols	2026-10-07T01:32:08.1896422Z     Checking zerofrom v0.1.8
linux	Build and exercise Rust, terminal and real-engine protocols	2026-10-07T01:32:08.2036750Z     Checking stable_deref_trait v1.2.1
linux	Build and exercise Rust, terminal and real-engine protocols	2026-10-07T01:32:08.2233721Z     Checking futures-core v0.3.34
linux	Build and exercise Rust, terminal and real-engine protocols	2026-10-07T01:32:08.2376809Z     Checking yoke v0.8.3
linux	Build and exercise Rust, terminal and real-engine protocols	2026-10-07T01:32:08.2483421Z     Checking scopeguard v1.2.0
linux	Build and exercise Rust, terminal and real-engine protocols	2026-10-07T01:32:08.2643227Z     Checking bytes v1.12.1
linux	Build and exercise Rust, terminal and real-engine protocols	2026-10-07T01:32:08.2783174Z     Checking lock_api v0.4.14
linux	Build and exercise Rust, terminal and real-engine protocols	2026-10-07T01:32:08.3263275Z     Checking zerovec v0.11.8
linux	Build and exercise Rust, terminal and real-engine protocols	2026-10-07T01:32:08.4013342Z     Checking pin-project-lite v0.2.17
linux	Build and exercise Rust, terminal and real-engine protocols	2026-10-07T01:32:08.4270662Z     Checking linux-raw-sys v0.12.1
linux	Build and exercise Rust, terminal and real-engine protocols	2026-10-07T01:32:08.5527178Z     Checking once_cell v1.21.4
linux	Build and exercise Rust, terminal and real-engine protocols	2026-10-07T01:32:08.6311101Z     Checking litemap v0.8.3
linux	Build and exercise Rust, terminal and real-engine protocols	2026-10-07T01:32:08.6458134Z     Checking rustix v1.1.5
linux	Build and exercise Rust, terminal and real-engine protocols	2026-10-07T01:32:08.6666316Z     Checking tinystr v0.8.4
linux	Build and exercise Rust, terminal and real-engine protocols	2026-10-07T01:32:08.7243373Z     Checking writeable v0.6.4
linux	Build and exercise Rust, terminal and real-engine protocols	2026-10-07T01:32:08.7506717Z     Checking potential_utf v0.1.6
linux	Build and exercise Rust, terminal and real-engine protocols	2026-10-07T01:32:08.7973325Z     Checking zerotrie v0.2.5
linux	Build and exercise Rust, terminal and real-engine protocols	2026-10-07T01:32:08.8289208Z     Checking icu_locale_core v2.3.0
linux	Build and exercise Rust, terminal and real-engine protocols	2026-10-07T01:32:08.9282636Z     Checking equivalent v1.0.2
linux	Build and exercise Rust, terminal and real-engine protocols	2026-10-07T01:32:08.9493082Z     Checking utf8_iter v1.0.4
linux	Build and exercise Rust, terminal and real-engine protocols	2026-10-07T01:32:08.9900790Z     Checking allocator-api2 v0.2.21
linux	Build and exercise Rust, terminal and real-engine protocols	2026-10-07T01:32:09.1700131Z     Checking foldhash v0.2.0
linux	Build and exercise Rust, terminal and real-engine protocols	2026-10-07T01:32:09.2224107Z     Checking icu_collections v2.3.0
linux	Build and exercise Rust, terminal and real-engine protocols	2026-10-07T01:32:09.2423386Z     Checking errno v0.3.14
linux	Build and exercise Rust, terminal and real-engine protocols	2026-10-07T01:32:09.2823413Z     Checking signal-hook-registry v1.4.8
linux	Build and exercise Rust, terminal and real-engine protocols	2026-10-07T01:32:09.3157188Z     Checking mio v1.2.4
linux	Build and exercise Rust, terminal and real-engine protocols	2026-10-07T01:32:09.3563643Z     Checking parking_lot_core v0.9.12
linux	Build and exercise Rust, terminal and real-engine protocols	2026-10-07T01:32:09.4120972Z     Checking socket2 v0.6.5
linux	Build and exercise Rust, terminal and real-engine protocols	2026-10-07T01:32:09.4422379Z     Checking parking_lot v0.12.5
linux	Build and exercise Rust, terminal and real-engine protocols	2026-10-07T01:32:09.4883404Z     Checking icu_provider v2.3.1
linux	Build and exercise Rust, terminal and real-engine protocols	2026-10-07T01:32:09.5333424Z     Checking serde_core v1.0.229
linux	Build and exercise Rust, terminal and real-engine protocols	2026-10-07T01:32:09.5923137Z     Checking tokio v1.53.2
linux	Build and exercise Rust, terminal and real-engine protocols	2026-10-07T01:32:09.6132456Z     Checking http v1.5.0
linux	Build and exercise Rust, terminal and real-engine protocols	2026-10-07T01:32:10.0113508Z     Checking zeroize v1.9.0
linux	Build and exercise Rust, terminal and real-engine protocols	2026-10-07T01:32:10.0713457Z     Checking ryu v1.0.23
linux	Build and exercise Rust, terminal and real-engine protocols	2026-10-07T01:32:10.1283293Z     Checking percent-encoding v2.3.2
linux	Build and exercise Rust, terminal and real-engine protocols	2026-10-07T01:32:10.1753122Z     Checking memchr v2.8.3
linux	Build and exercise Rust, terminal and real-engine protocols	2026-10-07T01:32:10.4475091Z     Checking rustls-pki-types v1.15.1
linux	Build and exercise Rust, terminal and real-engine protocols	2026-10-07T01:32:10.5328071Z     Checking http-body v1.1.0
linux	Build and exercise Rust, terminal and real-engine protocols	2026-10-07T01:32:10.5793289Z     Checking icu_normalizer_data v2.3.0
linux	Build and exercise Rust, terminal and real-engine protocols	2026-10-07T01:32:10.6023120Z     Checking getrandom v0.2.17
linux	Build and exercise Rust, terminal and real-engine protocols	2026-10-07T01:32:10.6083141Z     Checking icu_properties_data v2.3.0
linux	Build and exercise Rust, terminal and real-engine protocols	2026-10-07T01:32:10.6547321Z     Checking utf8parse v0.2.2
linux	Build and exercise Rust, terminal and real-engine protocols	2026-10-07T01:32:10.6693166Z     Checking untrusted v0.9.0
linux	Build and exercise Rust, terminal and real-engine protocols	2026-10-07T01:32:10.6833127Z     Checking either v1.18.0
linux	Build and exercise Rust, terminal and real-engine protocols	2026-10-07T01:32:10.6977537Z     Checking slab v0.4.12
linux	Build and exercise Rust, terminal and real-engine protocols	2026-10-07T01:32:10.7673180Z     Checking futures-task v0.3.34
linux	Build and exercise Rust, terminal and real-engine protocols	2026-10-07T01:32:10.7843113Z     Checking itertools v0.14.0
linux	Build and exercise Rust, terminal and real-engine protocols	2026-10-07T01:32:10.8183072Z     Checking futures-util v0.3.34
linux	Build and exercise Rust, terminal and real-engine protocols	2026-10-07T01:32:10.9780845Z     Checking ring v0.17.14
linux	Build and exercise Rust, terminal and real-engine protocols	2026-10-07T01:32:11.6443265Z     Checking icu_properties v2.3.0
linux	Build and exercise Rust, terminal and real-engine protocols	2026-10-07T01:32:11.7924361Z     Checking thiserror v2.0.21
linux	Build and exercise Rust, terminal and real-engine protocols	2026-10-07T01:32:11.8248246Z     Checking castaway v0.2.4
linux	Build and exercise Rust, terminal and real-engine protocols	2026-10-07T01:32:11.8633216Z     Checking icu_normalizer v2.3.0
linux	Build and exercise Rust, terminal and real-engine protocols	2026-10-07T01:32:11.9993260Z     Checking hashbrown v0.16.1
linux	Build and exercise Rust, terminal and real-engine protocols	2026-10-07T01:32:12.0260614Z     Checking hashbrown v0.17.1
linux	Build and exercise Rust, terminal and real-engine protocols	2026-10-07T01:32:12.3243305Z     Checking unicode-width v0.2.0
linux	Build and exercise Rust, terminal and real-engine protocols	2026-10-07T01:32:12.3333224Z     Checking typenum v1.20.1
linux	Build and exercise Rust, terminal and real-engine protocols	2026-10-07T01:32:12.4133760Z     Checking tower-service v0.3.3
linux	Build and exercise Rust, terminal and real-engine protocols	2026-10-07T01:32:12.4134546Z     Checking static_assertions v1.1.0
linux	Build and exercise Rust, terminal and real-engine protocols	2026-10-07T01:32:12.4349251Z     Checking unicode-segmentation v1.13.3
linux	Build and exercise Rust, terminal and real-engine protocols	2026-10-07T01:32:12.4393001Z     Checking try-lock v0.2.5
linux	Build and exercise Rust, terminal and real-engine protocols	2026-10-07T01:32:12.4422801Z     Checking ipnet v2.12.2
linux	Build and exercise Rust, terminal and real-engine protocols	2026-10-07T01:32:12.4629520Z     Checking want v0.3.2
linux	Build and exercise Rust, terminal and real-engine protocols	2026-10-07T01:32:12.5013127Z     Checking compact_str v0.9.1
linux	Build and exercise Rust, terminal and real-engine protocols	2026-10-07T01:32:12.5523089Z     Checking idna_adapter v1.2.2
linux	Build and exercise Rust, terminal and real-engine protocols	2026-10-07T01:32:12.5853074Z     Checking lru v0.18.5
linux	Build and exercise Rust, terminal and real-engine protocols	2026-10-07T01:32:12.6573656Z     Checking kasuari v0.4.12
linux	Build and exercise Rust, terminal and real-engine protocols	2026-10-07T01:32:12.6616546Z     Checking unicode-truncate v2.0.1
linux	Build and exercise Rust, terminal and real-engine protocols	2026-10-07T01:32:12.7113224Z     Checking strum v0.28.0
linux	Build and exercise Rust, terminal and real-engine protocols	2026-10-07T01:32:12.7353197Z     Checking rustls-webpki v0.103.15
linux	Build and exercise Rust, terminal and real-engine protocols	2026-10-07T01:32:12.7353820Z     Checking httparse v1.10.1
linux	Build and exercise Rust, terminal and real-engine protocols	2026-10-07T01:32:12.7929038Z     Checking signal-hook v0.3.18
linux	Build and exercise Rust, terminal and real-engine protocols	2026-10-07T01:32:12.8413221Z     Checking form_urlencoded v1.2.2
linux	Build and exercise Rust, terminal and real-engine protocols	2026-10-07T01:32:12.8583371Z     Checking generic-array v0.14.7
linux	Build and exercise Rust, terminal and real-engine protocols	2026-10-07T01:32:12.8823328Z     Checking tree-sitter-language v0.1.8
linux	Build and exercise Rust, terminal and real-engine protocols	2026-10-07T01:32:12.8883037Z     Checking tracing-core v0.1.36
linux	Build and exercise Rust, terminal and real-engine protocols	2026-10-07T01:32:12.9003123Z     Checking futures-channel v0.3.34
linux	Build and exercise Rust, terminal and real-engine protocols	2026-10-07T01:32:12.9933132Z     Checking atomic-waker v1.1.2
linux	Build and exercise Rust, terminal and real-engine protocols	2026-10-07T01:32:13.0094165Z     Checking critical-section v1.2.0
linux	Build and exercise Rust, terminal and real-engine protocols	2026-10-07T01:32:13.0210290Z     Checking subtle v2.6.1
linux	Build and exercise Rust, terminal and real-engine protocols	2026-10-07T01:32:13.0452980Z     Checking ratatui-core v0.1.2
linux	Build and exercise Rust, terminal and real-engine protocols	2026-10-07T01:32:13.0727271Z     Checking tracing v0.1.44
linux	Build and exercise Rust, terminal and real-engine protocols	2026-10-07T01:32:13.0823044Z     Checking rustls v0.23.45
linux	Build and exercise Rust, terminal and real-engine protocols	2026-10-07T01:32:13.1653221Z     Checking hyper v1.11.1
linux	Build and exercise Rust, terminal and real-engine protocols	2026-10-07T01:32:13.2183190Z     Checking signal-hook-mio v0.2.5
linux	Build and exercise Rust, terminal and real-engine protocols	2026-10-07T01:32:13.2476472Z     Checking derive_more v2.1.1
linux	Build and exercise Rust, terminal and real-engine protocols	2026-10-07T01:32:13.2703087Z     Checking io-lifetimes v2.0.4
linux	Build and exercise Rust, terminal and real-engine protocols	2026-10-07T01:32:13.3083209Z     Checking io-lifetimes v3.0.1
linux	Build and exercise Rust, terminal and real-engine protocols	2026-10-07T01:32:13.3473107Z     Checking idna v1.1.0
linux	Build and exercise Rust, terminal and real-engine protocols	2026-10-07T01:32:13.4763124Z     Checking anstyle-parse v1.0.0
linux	Build and exercise Rust, terminal and real-engine protocols	2026-10-07T01:32:13.5333280Z     Checking aho-corasick v1.1.5
linux	Build and exercise Rust, terminal and real-engine protocols	2026-10-07T01:32:13.5633120Z     Checking sync_wrapper v1.0.2
linux	Build and exercise Rust, terminal and real-engine protocols	2026-10-07T01:32:13.5903339Z     Checking colorchoice v1.0.5
linux	Build and exercise Rust, terminal and real-engine protocols	2026-10-07T01:32:13.6173100Z     Checking base64 v0.23.1
linux	Build and exercise Rust, terminal and real-engine protocols	2026-10-07T01:32:13.6657911Z     Checking regex-syntax v0.8.11
linux	Build and exercise Rust, terminal and real-engine protocols	2026-10-07T01:32:13.7713237Z     Checking anstyle v1.0.14
linux	Build and exercise Rust, terminal and real-engine protocols	2026-10-07T01:32:13.8483332Z     Checking anstyle-query v1.1.5
linux	Build and exercise Rust, terminal and real-engine protocols	2026-10-07T01:32:13.8783431Z     Checking foldhash v0.1.5
linux	Build and exercise Rust, terminal and real-engine protocols	2026-10-07T01:32:13.9283578Z     Checking openssl-probe v0.2.1
linux	Build and exercise Rust, terminal and real-engine protocols	2026-10-07T01:32:13.9583219Z     Checking is_terminal_polyfill v1.70.2
linux	Build and exercise Rust, terminal and real-engine protocols	2026-10-07T01:32:13.9823121Z     Checking tower-layer v0.3.3
linux	Build and exercise Rust, terminal and real-engine protocols	2026-10-07T01:32:14.0483120Z     Checking tower v0.5.3
linux	Build and exercise Rust, terminal and real-engine protocols	2026-10-07T01:32:14.0663505Z     Checking anstream v1.0.0
linux	Build and exercise Rust, terminal and real-engine protocols	2026-10-07T01:32:14.1625602Z     Checking rustls-native-certs v0.8.4
linux	Build and exercise Rust, terminal and real-engine protocols	2026-10-07T01:32:14.2133091Z     Checking hashbrown v0.15.5
linux	Build and exercise Rust, terminal and real-engine protocols	2026-10-07T01:32:14.3043094Z     Checking hyper-util v0.1.21
linux	Build and exercise Rust, terminal and real-engine protocols	2026-10-07T01:32:14.5323295Z     Checking serde v1.0.229
linux	Build and exercise Rust, terminal and real-engine protocols	2026-10-07T01:32:14.6974318Z     Checking regex-automata v0.4.18
linux	Build and exercise Rust, terminal and real-engine protocols	2026-10-07T01:32:14.8293051Z     Checking thiserror v1.0.69
linux	Build and exercise Rust, terminal and real-engine protocols	2026-10-07T01:32:14.8543184Z     Checking url v2.5.8
linux	Build and exercise Rust, terminal and real-engine protocols	2026-10-07T01:32:14.9135563Z     Checking io-extras v0.19.0
linux	Build and exercise Rust, terminal and real-engine protocols	2026-10-07T01:32:14.9582557Z     Checking tokio-rustls v0.26.6
linux	Build and exercise Rust, terminal and real-engine protocols	2026-10-07T01:32:14.9699386Z     Checking fs-set-times v0.20.3
linux	Build and exercise Rust, terminal and real-engine protocols	2026-10-07T01:32:15.0056339Z     Checking crossterm v0.29.0
linux	Build and exercise Rust, terminal and real-engine protocols	2026-10-07T01:32:15.0823241Z     Checking block-buffer v0.10.4
linux	Build and exercise Rust, terminal and real-engine protocols	2026-10-07T01:32:15.1053097Z     Checking crypto-common v0.1.7
linux	Build and exercise Rust, terminal and real-engine protocols	2026-10-07T01:32:15.1233159Z     Checking getrandom v0.4.3
linux	Build and exercise Rust, terminal and real-engine protocols	2026-10-07T01:32:15.1343211Z     Checking rustix-linux-procfs v0.1.1
linux	Build and exercise Rust, terminal and real-engine protocols	2026-10-07T01:32:15.1763072Z     Checking zmij v1.0.23
linux	Build and exercise Rust, terminal and real-engine protocols	2026-10-07T01:32:15.2003547Z     Checking line-clipping v0.3.8
linux	Build and exercise Rust, terminal and real-engine protocols	2026-10-07T01:32:15.2663150Z     Checking arrayvec v0.7.8
linux	Build and exercise Rust, terminal and real-engine protocols	2026-10-07T01:32:15.3497435Z     Checking strsim v0.11.1
linux	Build and exercise Rust, terminal and real-engine protocols	2026-10-07T01:32:15.3573153Z     Checking futures-sink v0.3.34
linux	Build and exercise Rust, terminal and real-engine protocols	2026-10-07T01:32:15.3883293Z     Checking simd-adler32 v0.3.10
linux	Build and exercise Rust, terminal and real-engine protocols	2026-10-07T01:32:15.4183277Z     Checking maybe-owned v0.3.4
linux	Build and exercise Rust, terminal and real-engine protocols	2026-10-07T01:32:15.4223571Z     Checking clap_lex v1.1.1
linux	Build and exercise Rust, terminal and real-engine protocols	2026-10-07T01:32:15.4503289Z     Checking ambient-authority v0.0.2
linux	Build and exercise Rust, terminal and real-engine protocols	2026-10-07T01:32:15.4713264Z     Checking winnow v1.0.4
linux	Build and exercise Rust, terminal and real-engine protocols	2026-10-07T01:32:15.4797687Z     Checking adler2 v2.0.1
linux	Build and exercise Rust, terminal and real-engine protocols	2026-10-07T01:32:15.4956017Z     Checking cap-primitives v4.0.3
linux	Build and exercise Rust, terminal and real-engine protocols	2026-10-07T01:32:15.5122475Z     Checking miniz_oxide v0.9.1
linux	Build and exercise Rust, terminal and real-engine protocols	2026-10-07T01:32:15.6433783Z     Checking toml_parser v1.1.3+spec-1.1.0
linux	Build and exercise Rust, terminal and real-engine protocols	2026-10-07T01:32:15.7303371Z     Checking clap_builder v4.6.7
linux	Build and exercise Rust, terminal and real-engine protocols	2026-10-07T01:32:15.7573209Z     Checking ratatui-crossterm v0.1.2
linux	Build and exercise Rust, terminal and real-engine protocols	2026-10-07T01:32:15.8283564Z     Checking tokio-util v0.7.19
linux	Build and exercise Rust, terminal and real-engine protocols	2026-10-07T01:32:15.8563316Z     Checking vte v0.11.1
linux	Build and exercise Rust, terminal and real-engine protocols	2026-10-07T01:32:15.8690114Z     Checking regex v1.13.1
linux	Build and exercise Rust, terminal and real-engine protocols	2026-10-07T01:32:16.0283349Z     Checking serde_json v1.0.151
linux	Build and exercise Rust, terminal and real-engine protocols	2026-10-07T01:32:16.0302772Z     Checking ratatui-widgets v0.3.2
linux	Build and exercise Rust, terminal and real-engine protocols	2026-10-07T01:32:16.2463224Z     Checking nix v0.28.0
linux	Build and exercise Rust, terminal and real-engine protocols	2026-10-07T01:32:16.5203217Z     Checking libsqlite3-sys v0.35.0
linux	Build and exercise Rust, terminal and real-engine protocols	2026-10-07T01:32:16.6162663Z     Checking digest v0.10.7
linux	Build and exercise Rust, terminal and real-engine protocols	2026-10-07T01:32:16.6333427Z     Checking tower-http v0.6.11
linux	Build and exercise Rust, terminal and real-engine protocols	2026-10-07T01:32:16.6943168Z     Checking hyper-rustls v0.27.10
linux	Build and exercise Rust, terminal and real-engine protocols	2026-10-07T01:32:16.7403207Z     Checking filedescriptor v0.8.3
linux	Build and exercise Rust, terminal and real-engine protocols	2026-10-07T01:32:16.7683702Z     Checking serde_urlencoded v0.7.1
linux	Build and exercise Rust, terminal and real-engine protocols	2026-10-07T01:32:16.7993425Z     Checking crc32fast v1.5.2
linux	Build and exercise Rust, terminal and real-engine protocols	2026-10-07T01:32:16.8046545Z     Checking hashlink v0.10.0
linux	Build and exercise Rust, terminal and real-engine protocols	2026-10-07T01:32:16.8593103Z     Checking anyhow v1.0.104
linux	Build and exercise Rust, terminal and real-engine protocols	2026-10-07T01:32:16.8750248Z    Compiling alt-cli v0.6.0 (/home/runner/work/alt-cli/alt-cli)
linux	Build and exercise Rust, terminal and real-engine protocols	2026-10-07T01:32:16.9513338Z     Checking toml_datetime v0.7.5+spec-1.1.0
linux	Build and exercise Rust, terminal and real-engine protocols	2026-10-07T01:32:16.9603773Z     Checking serde_spanned v1.1.1
linux	Build and exercise Rust, terminal and real-engine protocols	2026-10-07T01:32:17.0025901Z     Checking http-body-util v0.1.5
linux	Build and exercise Rust, terminal and real-engine protocols	2026-10-07T01:32:17.0444133Z     Checking xattr v1.6.1
linux	Build and exercise Rust, terminal and real-engine protocols	2026-10-07T01:32:17.0663410Z     Checking serial2 v0.2.38
linux	Build and exercise Rust, terminal and real-engine protocols	2026-10-07T01:32:17.0913226Z     Checking filetime v0.2.29
linux	Build and exercise Rust, terminal and real-engine protocols	2026-10-07T01:32:17.0972981Z     Checking base64 v0.22.1
linux	Build and exercise Rust, terminal and real-engine protocols	2026-10-07T01:32:17.1418172Z     Checking fallible-streaming-iterator v0.1.9
linux	Build and exercise Rust, terminal and real-engine protocols	2026-10-07T01:32:17.1483411Z     Checking downcast-rs v1.2.1
linux	Build and exercise Rust, terminal and real-engine protocols	2026-10-07T01:32:17.1723289Z     Checking winnow v0.7.15
linux	Build and exercise Rust, terminal and real-engine protocols	2026-10-07T01:32:17.1760556Z     Checking unicode-width v0.1.14
linux	Build and exercise Rust, terminal and real-engine protocols	2026-10-07T01:32:17.1913298Z     Checking streaming-iterator v0.1.9
linux	Build and exercise Rust, terminal and real-engine protocols	2026-10-07T01:32:17.2323214Z     Checking shell-words v1.1.1
linux	Build and exercise Rust, terminal and real-engine protocols	2026-10-07T01:32:17.2643020Z     Checking fastrand v2.5.0
linux	Build and exercise Rust, terminal and real-engine protocols	2026-10-07T01:32:17.2901145Z     Checking fallible-iterator v0.3.0
linux	Build and exercise Rust, terminal and real-engine protocols	2026-10-07T01:32:17.3463425Z     Checking cpufeatures v0.2.17
linux	Build and exercise Rust, terminal and real-engine protocols	2026-10-07T01:32:17.3553216Z     Checking toml_writer v1.1.2+spec-1.1.0
linux	Build and exercise Rust, terminal and real-engine protocols	2026-10-07T01:32:17.3673169Z     Checking sha2 v0.10.9
linux	Build and exercise Rust, terminal and real-engine protocols	2026-10-07T01:32:17.4333314Z     Checking tree-sitter v0.25.10
linux	Build and exercise Rust, terminal and real-engine protocols	2026-10-07T01:32:17.4833492Z     Checking rusqlite v0.37.0
linux	Build and exercise Rust, terminal and real-engine protocols	2026-10-07T01:32:17.5153494Z     Checking tempfile v3.27.0
linux	Build and exercise Rust, terminal and real-engine protocols	2026-10-07T01:32:17.6253423Z     Checking vt100 v0.15.2
linux	Build and exercise Rust, terminal and real-engine protocols	2026-10-07T01:32:17.6523147Z     Checking portable-pty v0.9.0
linux	Build and exercise Rust, terminal and real-engine protocols	2026-10-07T01:32:17.7833241Z     Checking reqwest v0.12.28
linux	Build and exercise Rust, terminal and real-engine protocols	2026-10-07T01:32:17.8043171Z     Checking tar v0.4.46
linux	Build and exercise Rust, terminal and real-engine protocols	2026-10-07T01:32:18.0073259Z     Checking clap v4.6.7
linux	Build and exercise Rust, terminal and real-engine protocols	2026-10-07T01:32:18.0693515Z     Checking nix v0.30.1
linux	Build and exercise Rust, terminal and real-engine protocols	2026-10-07T01:32:18.0990067Z     Checking flate2 v1.1.10
linux	Build and exercise Rust, terminal and real-engine protocols	2026-10-07T01:32:18.1413248Z     Checking toml v0.9.12+spec-1.1.0
linux	Build and exercise Rust, terminal and real-engine protocols	2026-10-07T01:32:18.2804736Z     Checking ratatui v0.30.2
linux	Build and exercise Rust, terminal and real-engine protocols	2026-10-07T01:32:18.2853797Z     Checking tree-sitter-rust v0.24.2
linux	Build and exercise Rust, terminal and real-engine protocols	2026-10-07T01:32:18.3093473Z     Checking tree-sitter-javascript v0.25.0
linux	Build and exercise Rust, terminal and real-engine protocols	2026-10-07T01:32:18.3331770Z     Checking tree-sitter-python v0.25.0
linux	Build and exercise Rust, terminal and real-engine protocols	2026-10-07T01:32:18.3372905Z     Checking cap-std v4.0.3
linux	Build and exercise Rust, terminal and real-engine protocols	2026-10-07T01:32:18.3560773Z     Checking uuid v1.27.0
linux	Build and exercise Rust, terminal and real-engine protocols	2026-10-07T01:32:18.4373308Z     Checking roxmltree v0.21.1
linux	Build and exercise Rust, terminal and real-engine protocols	2026-10-07T01:32:18.4482121Z     Checking fs2 v0.4.3
linux	Build and exercise Rust, terminal and real-engine protocols	2026-10-07T01:32:18.4883151Z     Checking similar v2.7.0
linux	Build and exercise Rust, terminal and real-engine protocols	2026-10-07T01:32:22.6657889Z     Finished `dev` profile [unoptimized] target(s) in 14.72s
linux	Build and exercise Rust, terminal and real-engine protocols	2026-10-07T01:32:28.2375560Z PASS: first-run wizard, model selection, project picker, Unicode/multiline paste, brief delivery, tool rejection, cancellation, search/rename/export/resume, connection repair, GGUF import, navigation, resize, terminal restoration, SIGTERM cleanup, Linux parent-death cleanup.
linux	Build and exercise Rust, terminal and real-engine protocols	2026-10-07T01:32:38.5411278Z Traceback (most recent call last):
linux	Build and exercise Rust, terminal and real-engine protocols	2026-10-07T01:32:38.5411864Z   File "/home/runner/work/alt-cli/alt-cli/scripts/smoke_task_tui.py", line 35, in <module>
linux	Build and exercise Rust, terminal and real-engine protocols	2026-10-07T01:32:38.5412974Z     send(b'c');wait('Choose what should prove');send(b'\r');wait("Your project's check command");paste('python3 check.py');send(b'\r');wait('Check saved')
linux	Build and exercise Rust, terminal and real-engine protocols	2026-10-07T01:32:38.5413438Z                ^^^^^^^^^^^^^^^^^^^^^^^^^^^^^^^^
linux	Build and exercise Rust, terminal and real-engine protocols	2026-10-07T01:32:38.5413755Z   File "/home/runner/work/alt-cli/alt-cli/scripts/smoke_task_tui.py", line 22, in wait
linux	Build and exercise Rust, terminal and real-engine protocols	2026-10-07T01:32:38.5414176Z     raise AssertionError('Missing '+repr(text)+'\n'+'\n'.join(screen.display))
linux	Build and exercise Rust, terminal and real-engine protocols	2026-10-07T01:32:38.5414518Z AssertionError: Missing 'Choose what should prove'
linux	Build and exercise Rust, terminal and real-engine protocols	2026-10-07T01:32:38.5414868Z   ALT  /  LOCAL WORKSPACE                                                                Choose a model to get started  
linux	Build and exercise Rust, terminal and real-engine protocols	2026-10-07T01:32:38.5415582Z   Task progress                                                                     Local-first · you choose the model  
linux	Build and exercise Rust, terminal and real-engine protocols	2026-10-07T01:32:38.5415939Z                                                                                                                         
linux	Build and exercise Rust, terminal and real-engine protocols	2026-10-07T01:32:38.5416449Z   1  Home           │ ╭ What happened · What next ────────────────────────────────────────────────────────────────────╮ 
linux	Build and exercise Rust, terminal and real-engine protocols	2026-10-07T01:32:38.5418938Z                     │ │Inspect → Plan → Edit → Test → Results                                                         │ 
linux	Build and exercise Rust, terminal and real-engine protocols	2026-10-07T01:32:38.5419576Z   2  Workspace      │ │Access: Guided changes · 0 configured check(s)                                                 │ 
linux	Build and exercise Rust, terminal and real-engine protocols	2026-10-07T01:32:38.5420162Z                     │ │Evidence: No completion requirements set · latest check: No checks recorded                    │ 
linux	Build and exercise Rust, terminal and real-engine protocols	2026-10-07T01:32:38.5420709Z   3  Models         │ │Next: Inspect the relevant files                                                               │ 
linux	Build and exercise Rust, terminal and real-engine protocols	2026-10-07T01:32:38.5421271Z                   ╭ Let's get this working ──────────────────────────────────────────────────────────╮                │ 
linux	Build and exercise Rust, terminal and real-engine protocols	2026-10-07T01:32:38.5421828Z   4  Connections  │ Another background operation is still running. Wait, or pause it first           │                │ 
linux	Build and exercise Rust, terminal and real-engine protocols	2026-10-07T01:32:38.5422532Z                   │                                                                                  │────────────────╯ 
linux	Build and exercise Rust, terminal and real-engine protocols	2026-10-07T01:32:38.5423165Z   5  Conversations│ Next step: Review the details, close this message to return to your form, and    │────────────────╮ 
linux	Build and exercise Rust, terminal and real-engine protocols	2026-10-07T01:32:38.5423813Z                   │ try again. Task progress provides actual check evidence and undo.                │                │ 
linux	Build and exercise Rust, terminal and real-engine protocols	2026-10-07T01:32:38.5424315Z   6  Settings     │                                                                                  │                │ 
linux	Build and exercise Rust, terminal and real-engine protocols	2026-10-07T01:32:38.5424716Z                   │                                                                                  │terminal        │ 
linux	Build and exercise Rust, terminal and real-engine protocols	2026-10-07T01:32:38.5425127Z   7  Help         │                                                                                  │                │ 
linux	Build and exercise Rust, terminal and real-engine protocols	2026-10-07T01:32:38.5425527Z                   │                                                                                  │                │ 
linux	Build and exercise Rust, terminal and real-engine protocols	2026-10-07T01:32:38.5425969Z   8  Task progress│                                                                                  │                │ 
linux	Build and exercise Rust, terminal and real-engine protocols	2026-10-07T01:32:38.5426371Z                   │                                                                                  │                │ 
linux	Build and exercise Rust, terminal and real-engine protocols	2026-10-07T01:32:38.5426779Z   9  Project files│                                                                                  │                │ 
linux	Build and exercise Rust, terminal and real-engine protocols	2026-10-07T01:32:38.5427181Z                   │                                                                                  │                │ 
linux	Build and exercise Rust, terminal and real-engine protocols	2026-10-07T01:32:38.5427584Z   0  Terminal jobs│                                                                                  │                │ 
linux	Build and exercise Rust, terminal and real-engine protocols	2026-10-07T01:32:38.5428183Z                   │                                                                                  │                │ 
linux	Build and exercise Rust, terminal and real-engine protocols	2026-10-07T01:32:38.5428588Z   ·  Context & mem│                                                                                  │                │ 
linux	Build and exercise Rust, terminal and real-engine protocols	2026-10-07T01:32:38.5429098Z                   │                                                                                  │                │ 
linux	Build and exercise Rust, terminal and real-engine protocols	2026-10-07T01:32:38.5429472Z                   │                                                                                  │                │ 
linux	Build and exercise Rust, terminal and real-engine protocols	2026-10-07T01:32:38.5429842Z                   │                                                                                  │                │ 
linux	Build and exercise Rust, terminal and real-engine protocols	2026-10-07T01:32:38.5430212Z                   │                                                                                  │                │ 
linux	Build and exercise Rust, terminal and real-engine protocols	2026-10-07T01:32:38.5430582Z                   │                                                                                  │                │ 
linux	Build and exercise Rust, terminal and real-engine protocols	2026-10-07T01:32:38.5430971Z                   │                                                                                  │                │ 
linux	Build and exercise Rust, terminal and real-engine protocols	2026-10-07T01:32:38.5431366Z                   │  Back                                                                            │                │ 
linux	Build and exercise Rust, terminal and real-engine protocols	2026-10-07T01:32:38.5431807Z                   ╰──────────────────────────────────────────────────────────────────────────────────╯                │ 
linux	Build and exercise Rust, terminal and real-engine protocols	2026-10-07T01:32:38.5432450Z  ON THIS COMPUTER   │ ╰───────────────────────────────────────────────────────────────────────────────────────────────╯ 
linux	Build and exercise Rust, terminal and real-engine protocols	2026-10-07T01:32:38.5432996Z  15.6 GiB RAM       │  Run checks again   Required checks   Verify all   Configure checks   Evidence   Refresh          
linux	Build and exercise Rust, terminal and real-engine protocols	2026-10-07T01:32:38.5433500Z  4 CPU threads      │                                                                                                   
linux	Build and exercise Rust, terminal and real-engine protocols	2026-10-07T01:32:38.5434042Z  Ctrl+P  Actions    │  Diff   Undo edit   Undo task   Memory   Remember   Export                                        
linux	Build and exercise Rust, terminal and real-engine protocols	2026-10-07T01:32:38.5434558Z  F1      Help       │                                                                                                   
linux	Build and exercise Rust, terminal and real-engine protocols	2026-10-07T01:32:38.5435032Z   Another background operation is still running. Wait, or pause it firstNext step: Review the details, close this       
linux	Build and exercise Rust, terminal and real-engine protocols	2026-10-07T01:32:38.5435630Z   ↑↓ Change   Enter Diff   R Run checks   U Undo   C Configure   M Memory   E Evidence                                  
linux	Build and exercise Rust, terminal and real-engine protocols	2026-10-07T01:32:38.5436285Z                                                                                                                         
linux	Build and exercise Rust, terminal and real-engine protocols	2026-10-07T01:32:38.5569762Z ##[error]Process completed with exit code 1.
