evaluate (2)	Run all assigned attempts and retain failed outcomes	﻿2026-10-07T00:09:13.7807995Z ##[group]Run python3 scripts/ci_model_shard.py --binary candidate/alt --root "$RUNNER_TEMP" --shard "$SHARD" --output evidence
evaluate (2)	Run all assigned attempts and retain failed outcomes	2026-10-07T00:09:13.7808935Z ^[[36;1mpython3 scripts/ci_model_shard.py --binary candidate/alt --root "$RUNNER_TEMP" --shard "$SHARD" --output evidence^[[0m
evaluate (2)	Run all assigned attempts and retain failed outcomes	2026-10-07T00:09:13.7881394Z shell: /usr/bin/bash -e {0}
evaluate (2)	Run all assigned attempts and retain failed outcomes	2026-10-07T00:09:13.7881710Z env:
evaluate (2)	Run all assigned attempts and retain failed outcomes	2026-10-07T00:09:13.7881952Z   SHARD: 2
evaluate (2)	Run all assigned attempts and retain failed outcomes	2026-10-07T00:09:13.7882172Z ##[endgroup]
evaluate (2)	Run all assigned attempts and retain failed outcomes	2026-10-07T00:47:18.5672477Z Traceback (most recent call last):
evaluate (2)	Run all assigned attempts and retain failed outcomes	2026-10-07T00:47:18.5676227Z   File "/home/runner/work/alt-cli/alt-cli/scripts/collect_live_evidence.py", line 20, in <module>
evaluate (2)	Run all assigned attempts and retain failed outcomes	2026-10-07T00:47:18.5677704Z     assert not source.is_symlink() and source.stat().st_size<4*1024*1024
evaluate (2)	Run all assigned attempts and retain failed outcomes	2026-10-07T00:47:18.5678154Z            ^^^^^^^^^^^^^^^^^^^^^^^^^^^^^^^^^^^^^^^^^^^^^^^^^^^^^^^^^^^^^
evaluate (2)	Run all assigned attempts and retain failed outcomes	2026-10-07T00:47:18.5678479Z AssertionError
evaluate (2)	Run all assigned attempts and retain failed outcomes	2026-10-07T00:47:18.6373762Z Traceback (most recent call last):
evaluate (2)	Run all assigned attempts and retain failed outcomes	2026-10-07T00:47:18.6374607Z   File "/home/runner/work/alt-cli/alt-cli/scripts/ci_model_shard.py", line 19, in <module>
evaluate (2)	Run all assigned attempts and retain failed outcomes	2026-10-07T00:47:18.6376018Z     subprocess.run([sys.executable,str(scripts/'collect_live_evidence.py'),str(campaign),str(a.output)],check=True)
evaluate (2)	Run all assigned attempts and retain failed outcomes	2026-10-07T00:47:18.6376964Z   File "/usr/lib/python3.12/subprocess.py", line 571, in run
evaluate (2)	Run all assigned attempts and retain failed outcomes	2026-10-07T00:47:18.6447220Z     raise CalledProcessError(retcode, process.args,
evaluate (2)	Run all assigned attempts and retain failed outcomes	2026-10-07T00:47:18.6448688Z subprocess.CalledProcessError: Command '['/usr/bin/python3', '/home/runner/work/alt-cli/alt-cli/scripts/collect_live_evidence.py', '/home/runner/work/_temp/campaign', 'evidence']' returned non-zero exit status 1.
evaluate (2)	Run all assigned attempts and retain failed outcomes	2026-10-07T00:47:18.6606441Z ##[error]Process completed with exit code 1.
report	Check every matrix cell and summarize	﻿2026-10-07T00:47:46.4997333Z ##[group]Run python3 scripts/summarize_matrix.py collected --output matrix-summary.json
report	Check every matrix cell and summarize	2026-10-07T00:47:46.4998293Z ^[[36;1mpython3 scripts/summarize_matrix.py collected --output matrix-summary.json^[[0m
report	Check every matrix cell and summarize	2026-10-07T00:47:46.5179376Z shell: /usr/bin/bash -e {0}
report	Check every matrix cell and summarize	2026-10-07T00:47:46.5179836Z ##[endgroup]
report	Check every matrix cell and summarize	2026-10-07T00:47:46.6046992Z Matrix recorded 105/120 attempts; behavioral successes 2. Complete: False. No preset promotion.
report	Check every matrix cell and summarize	2026-10-07T00:47:46.6047949Z 
report	Check every matrix cell and summarize	2026-10-07T00:47:46.6117844Z ##[error]Process completed with exit code 2.
report	Preserve the measured evidence in a dedicated results branch	﻿2026-10-07T00:47:47.7118491Z ##[group]Run test -f matrix-summary.json
report	Preserve the measured evidence in a dedicated results branch	2026-10-07T00:47:47.7118906Z ^[[36;1mtest -f matrix-summary.json^[[0m
report	Preserve the measured evidence in a dedicated results branch	2026-10-07T00:47:47.7119265Z ^[[36;1mmkdir -p docs/evidence/v6/remote-matrix^[[0m
report	Preserve the measured evidence in a dedicated results branch	2026-10-07T00:47:47.7119671Z ^[[36;1mcp -R collected/. docs/evidence/v6/remote-matrix/^[[0m
report	Preserve the measured evidence in a dedicated results branch	2026-10-07T00:47:47.7120160Z ^[[36;1mcp matrix-summary.json docs/evidence/v6/remote-matrix/summary.json^[[0m
report	Preserve the measured evidence in a dedicated results branch	2026-10-07T00:47:47.7120668Z ^[[36;1mgit switch -c "evidence/model-matrix-$GITHUB_RUN_ID"^[[0m
report	Preserve the measured evidence in a dedicated results branch	2026-10-07T00:47:47.7121076Z ^[[36;1mgit config user.name 'github-actions[bot]'^[[0m
report	Preserve the measured evidence in a dedicated results branch	2026-10-07T00:47:47.7121574Z ^[[36;1mgit config user.email '41898282+github-actions[bot]@users.noreply.github.com'^[[0m
report	Preserve the measured evidence in a dedicated results branch	2026-10-07T00:47:47.7122055Z ^[[36;1mgit add docs/evidence/v6/remote-matrix^[[0m
report	Preserve the measured evidence in a dedicated results branch	2026-10-07T00:47:47.7122681Z ^[[36;1mgit commit -m "Record complete uncensored model matrix $GITHUB_RUN_ID"^[[0m
report	Preserve the measured evidence in a dedicated results branch	2026-10-07T00:47:47.7123137Z ^[[36;1mgit push origin HEAD^[[0m
report	Preserve the measured evidence in a dedicated results branch	2026-10-07T00:47:47.7158935Z shell: /usr/bin/bash -e {0}
report	Preserve the measured evidence in a dedicated results branch	2026-10-07T00:47:47.7159247Z ##[endgroup]
report	Preserve the measured evidence in a dedicated results branch	2026-10-07T00:47:47.7523964Z Switched to a new branch 'evidence/model-matrix-37549928064'
report	Preserve the measured evidence in a dedicated results branch	2026-10-07T00:47:48.1113879Z [evidence/model-matrix-37549928064 5c52723] Record complete uncensored model matrix 37549928064
report	Preserve the measured evidence in a dedicated results branch	2026-10-07T00:47:48.1115081Z  1094 files changed, 89973 insertions(+)
report	Preserve the measured evidence in a dedicated results branch	2026-10-07T00:47:48.1115803Z  create mode 100644 docs/evidence/v6/remote-matrix/summary.json
report	Preserve the measured evidence in a dedicated results branch	2026-10-07T00:47:48.1116925Z  create mode 100644 docs/evidence/v6/remote-matrix/uncensored-matrix-0/8192-python-csv-1/assertion.py
report	Preserve the measured evidence in a dedicated results branch	2026-10-07T00:47:48.1118315Z  create mode 100644 docs/evidence/v6/remote-matrix/uncensored-matrix-0/8192-python-csv-1/context-views.json
report	Preserve the measured evidence in a dedicated results branch	2026-10-07T00:47:48.1119537Z  create mode 100644 docs/evidence/v6/remote-matrix/uncensored-matrix-0/8192-python-csv-1/fixture.json
report	Preserve the measured evidence in a dedicated results branch	2026-10-07T00:47:48.1120871Z  create mode 100644 docs/evidence/v6/remote-matrix/uncensored-matrix-0/8192-python-csv-1/independent/check.py
report	Preserve the measured evidence in a dedicated results branch	2026-10-07T00:47:48.1122230Z  create mode 100644 docs/evidence/v6/remote-matrix/uncensored-matrix-0/8192-python-csv-1/report.json
report	Preserve the measured evidence in a dedicated results branch	2026-10-07T00:47:48.1123707Z  create mode 100644 docs/evidence/v6/remote-matrix/uncensored-matrix-0/8192-python-csv-1/setup.stderr
report	Preserve the measured evidence in a dedicated results branch	2026-10-07T00:47:48.1125143Z  create mode 100644 docs/evidence/v6/remote-matrix/uncensored-matrix-0/8192-python-csv-1/setup.stdout
report	Preserve the measured evidence in a dedicated results branch	2026-10-07T00:47:48.1126396Z  create mode 100644 docs/evidence/v6/remote-matrix/uncensored-matrix-0/8192-python-csv-1/turn.jsonl
report	Preserve the measured evidence in a dedicated results branch	2026-10-07T00:47:48.1128058Z  create mode 100644 docs/evidence/v6/remote-matrix/uncensored-matrix-0/8192-python-csv-1/turn.stderr
report	Preserve the measured evidence in a dedicated results branch	2026-10-07T00:47:48.1129373Z  create mode 100644 docs/evidence/v6/remote-matrix/uncensored-matrix-0/8192-python-csv-2/assertion.py
report	Preserve the measured evidence in a dedicated results branch	2026-10-07T00:47:48.1130660Z  create mode 100644 docs/evidence/v6/remote-matrix/uncensored-matrix-0/8192-python-csv-2/context-views.json
report	Preserve the measured evidence in a dedicated results branch	2026-10-07T00:47:48.1131918Z  create mode 100644 docs/evidence/v6/remote-matrix/uncensored-matrix-0/8192-python-csv-2/fixture.json
report	Preserve the measured evidence in a dedicated results branch	2026-10-07T00:47:48.1133447Z  create mode 100644 docs/evidence/v6/remote-matrix/uncensored-matrix-0/8192-python-csv-2/independent/check.py
report	Preserve the measured evidence in a dedicated results branch	2026-10-07T00:47:48.1134858Z  create mode 100644 docs/evidence/v6/remote-matrix/uncensored-matrix-0/8192-python-csv-2/report.json
report	Preserve the measured evidence in a dedicated results branch	2026-10-07T00:47:48.1136125Z  create mode 100644 docs/evidence/v6/remote-matrix/uncensored-matrix-0/8192-python-csv-2/setup.stderr
report	Preserve the measured evidence in a dedicated results branch	2026-10-07T00:47:48.1137411Z  create mode 100644 docs/evidence/v6/remote-matrix/uncensored-matrix-0/8192-python-csv-2/setup.stdout
report	Preserve the measured evidence in a dedicated results branch	2026-10-07T00:47:48.1138746Z  create mode 100644 docs/evidence/v6/remote-matrix/uncensored-matrix-0/8192-python-csv-2/turn.jsonl
report	Preserve the measured evidence in a dedicated results branch	2026-10-07T00:47:48.1140045Z  create mode 100644 docs/evidence/v6/remote-matrix/uncensored-matrix-0/8192-python-csv-2/turn.stderr
report	Preserve the measured evidence in a dedicated results branch	2026-10-07T00:47:48.1141371Z  create mode 100644 docs/evidence/v6/remote-matrix/uncensored-matrix-0/8192-python-csv-3/assertion.py
report	Preserve the measured evidence in a dedicated results branch	2026-10-07T00:47:48.1142792Z  create mode 100644 docs/evidence/v6/remote-matrix/uncensored-matrix-0/8192-python-csv-3/context-views.json
report	Preserve the measured evidence in a dedicated results branch	2026-10-07T00:47:48.1144085Z  create mode 100644 docs/evidence/v6/remote-matrix/uncensored-matrix-0/8192-python-csv-3/fixture.json
report	Preserve the measured evidence in a dedicated results branch	2026-10-07T00:47:48.1145722Z  create mode 100644 docs/evidence/v6/remote-matrix/uncensored-matrix-0/8192-python-csv-3/independent/check.py
report	Preserve the measured evidence in a dedicated results branch	2026-10-07T00:47:48.1146956Z  create mode 100644 docs/evidence/v6/remote-matrix/uncensored-matrix-0/8192-python-csv-3/report.json
report	Preserve the measured evidence in a dedicated results branch	2026-10-07T00:47:48.1148166Z  create mode 100644 docs/evidence/v6/remote-matrix/uncensored-matrix-0/8192-python-csv-3/setup.stderr
report	Preserve the measured evidence in a dedicated results branch	2026-10-07T00:47:48.1149401Z  create mode 100644 docs/evidence/v6/remote-matrix/uncensored-matrix-0/8192-python-csv-3/setup.stdout
report	Preserve the measured evidence in a dedicated results branch	2026-10-07T00:47:48.1150630Z  create mode 100644 docs/evidence/v6/remote-matrix/uncensored-matrix-0/8192-python-csv-3/turn.jsonl
report	Preserve the measured evidence in a dedicated results branch	2026-10-07T00:47:48.1151910Z  create mode 100644 docs/evidence/v6/remote-matrix/uncensored-matrix-0/8192-python-csv-3/turn.stderr
report	Preserve the measured evidence in a dedicated results branch	2026-10-07T00:47:48.1153417Z  create mode 100644 docs/evidence/v6/remote-matrix/uncensored-matrix-0/8192-python-csv-4/assertion.py
report	Preserve the measured evidence in a dedicated results branch	2026-10-07T00:47:48.1154799Z  create mode 100644 docs/evidence/v6/remote-matrix/uncensored-matrix-0/8192-python-csv-4/context-views.json
report	Preserve the measured evidence in a dedicated results branch	2026-10-07T00:47:48.1156161Z  create mode 100644 docs/evidence/v6/remote-matrix/uncensored-matrix-0/8192-python-csv-4/fixture.json
report	Preserve the measured evidence in a dedicated results branch	2026-10-07T00:47:48.1157519Z  create mode 100644 docs/evidence/v6/remote-matrix/uncensored-matrix-0/8192-python-csv-4/independent/check.py
report	Preserve the measured evidence in a dedicated results branch	2026-10-07T00:47:48.1158917Z  create mode 100644 docs/evidence/v6/remote-matrix/uncensored-matrix-0/8192-python-csv-4/report.json
report	Preserve the measured evidence in a dedicated results branch	2026-10-07T00:47:48.1160093Z  create mode 100644 docs/evidence/v6/remote-matrix/uncensored-matrix-0/8192-python-csv-4/setup.stderr
report	Preserve the measured evidence in a dedicated results branch	2026-10-07T00:47:48.1161362Z  create mode 100644 docs/evidence/v6/remote-matrix/uncensored-matrix-0/8192-python-csv-4/setup.stdout
report	Preserve the measured evidence in a dedicated results branch	2026-10-07T00:47:48.1162808Z  create mode 100644 docs/evidence/v6/remote-matrix/uncensored-matrix-0/8192-python-csv-4/turn.jsonl
report	Preserve the measured evidence in a dedicated results branch	2026-10-07T00:47:48.1164086Z  create mode 100644 docs/evidence/v6/remote-matrix/uncensored-matrix-0/8192-python-csv-4/turn.stderr
report	Preserve the measured evidence in a dedicated results branch	2026-10-07T00:47:48.1165397Z  create mode 100644 docs/evidence/v6/remote-matrix/uncensored-matrix-0/8192-python-csv-5/assertion.py
report	Preserve the measured evidence in a dedicated results branch	2026-10-07T00:47:48.1166728Z  create mode 100644 docs/evidence/v6/remote-matrix/uncensored-matrix-0/8192-python-csv-5/context-views.json
report	Preserve the measured evidence in a dedicated results branch	2026-10-07T00:47:48.1168074Z  create mode 100644 docs/evidence/v6/remote-matrix/uncensored-matrix-0/8192-python-csv-5/fixture.json
report	Preserve the measured evidence in a dedicated results branch	2026-10-07T00:47:48.1169747Z  create mode 100644 docs/evidence/v6/remote-matrix/uncensored-matrix-0/8192-python-csv-5/independent/check.py
report	Preserve the measured evidence in a dedicated results branch	2026-10-07T00:47:48.1170964Z  create mode 100644 docs/evidence/v6/remote-matrix/uncensored-matrix-0/8192-python-csv-5/report.json
report	Preserve the measured evidence in a dedicated results branch	2026-10-07T00:47:48.1172202Z  create mode 100644 docs/evidence/v6/remote-matrix/uncensored-matrix-0/8192-python-csv-5/setup.stderr
report	Preserve the measured evidence in a dedicated results branch	2026-10-07T00:47:48.1173646Z  create mode 100644 docs/evidence/v6/remote-matrix/uncensored-matrix-0/8192-python-csv-5/setup.stdout
report	Preserve the measured evidence in a dedicated results branch	2026-10-07T00:47:48.1174906Z  create mode 100644 docs/evidence/v6/remote-matrix/uncensored-matrix-0/8192-python-csv-5/turn.jsonl
report	Preserve the measured evidence in a dedicated results branch	2026-10-07T00:47:48.1176210Z  create mode 100644 docs/evidence/v6/remote-matrix/uncensored-matrix-0/8192-python-csv-5/turn.stderr
report	Preserve the measured evidence in a dedicated results branch	2026-10-07T00:47:48.1177523Z  create mode 100644 docs/evidence/v6/remote-matrix/uncensored-matrix-0/8192-python-feature-1/assertion.py
report	Preserve the measured evidence in a dedicated results branch	2026-10-07T00:47:48.1178917Z  create mode 100644 docs/evidence/v6/remote-matrix/uncensored-matrix-0/8192-python-feature-1/context-views.json
report	Preserve the measured evidence in a dedicated results branch	2026-10-07T00:47:48.1180317Z  create mode 100644 docs/evidence/v6/remote-matrix/uncensored-matrix-0/8192-python-feature-1/fixture.json
report	Preserve the measured evidence in a dedicated results branch	2026-10-07T00:47:48.1181748Z  create mode 100644 docs/evidence/v6/remote-matrix/uncensored-matrix-0/8192-python-feature-1/independent/check.py
report	Preserve the measured evidence in a dedicated results branch	2026-10-07T00:47:48.1183347Z  create mode 100644 docs/evidence/v6/remote-matrix/uncensored-matrix-0/8192-python-feature-1/report.json
report	Preserve the measured evidence in a dedicated results branch	2026-10-07T00:47:48.1184724Z  create mode 100644 docs/evidence/v6/remote-matrix/uncensored-matrix-0/8192-python-feature-1/setup.stderr
report	Preserve the measured evidence in a dedicated results branch	2026-10-07T00:47:48.1186292Z  create mode 100644 docs/evidence/v6/remote-matrix/uncensored-matrix-0/8192-python-feature-1/setup.stdout
report	Preserve the measured evidence in a dedicated results branch	2026-10-07T00:47:48.1187586Z  create mode 100644 docs/evidence/v6/remote-matrix/uncensored-matrix-0/8192-python-feature-1/turn.jsonl
report	Preserve the measured evidence in a dedicated results branch	2026-10-07T00:47:48.1188827Z  create mode 100644 docs/evidence/v6/remote-matrix/uncensored-matrix-0/8192-python-feature-1/turn.stderr
report	Preserve the measured evidence in a dedicated results branch	2026-10-07T00:47:48.1190068Z  create mode 100644 docs/evidence/v6/remote-matrix/uncensored-matrix-0/8192-python-feature-2/assertion.py
report	Preserve the measured evidence in a dedicated results branch	2026-10-07T00:47:48.1191338Z  create mode 100644 docs/evidence/v6/remote-matrix/uncensored-matrix-0/8192-python-feature-2/context-views.json
report	Preserve the measured evidence in a dedicated results branch	2026-10-07T00:47:48.1192829Z  create mode 100644 docs/evidence/v6/remote-matrix/uncensored-matrix-0/8192-python-feature-2/fixture.json
report	Preserve the measured evidence in a dedicated results branch	2026-10-07T00:47:48.1194196Z  create mode 100644 docs/evidence/v6/remote-matrix/uncensored-matrix-0/8192-python-feature-2/independent/check.py
report	Preserve the measured evidence in a dedicated results branch	2026-10-07T00:47:48.1195554Z  create mode 100644 docs/evidence/v6/remote-matrix/uncensored-matrix-0/8192-python-feature-2/report.json
report	Preserve the measured evidence in a dedicated results branch	2026-10-07T00:47:48.1196811Z  create mode 100644 docs/evidence/v6/remote-matrix/uncensored-matrix-0/8192-python-feature-2/setup.stderr
report	Preserve the measured evidence in a dedicated results branch	2026-10-07T00:47:48.1198240Z  create mode 100644 docs/evidence/v6/remote-matrix/uncensored-matrix-0/8192-python-feature-2/setup.stdout
report	Preserve the measured evidence in a dedicated results branch	2026-10-07T00:47:48.1199479Z  create mode 100644 docs/evidence/v6/remote-matrix/uncensored-matrix-0/8192-python-feature-2/turn.jsonl
report	Preserve the measured evidence in a dedicated results branch	2026-10-07T00:47:48.1200808Z  create mode 100644 docs/evidence/v6/remote-matrix/uncensored-matrix-0/8192-python-feature-2/turn.stderr
report	Preserve the measured evidence in a dedicated results branch	2026-10-07T00:47:48.1202114Z  create mode 100644 docs/evidence/v6/remote-matrix/uncensored-matrix-0/8192-python-feature-3/assertion.py
report	Preserve the measured evidence in a dedicated results branch	2026-10-07T00:47:48.1203588Z  create mode 100644 docs/evidence/v6/remote-matrix/uncensored-matrix-0/8192-python-feature-3/context-views.json
report	Preserve the measured evidence in a dedicated results branch	2026-10-07T00:47:48.1204902Z  create mode 100644 docs/evidence/v6/remote-matrix/uncensored-matrix-0/8192-python-feature-3/fixture.json
report	Preserve the measured evidence in a dedicated results branch	2026-10-07T00:47:48.1206245Z  create mode 100644 docs/evidence/v6/remote-matrix/uncensored-matrix-0/8192-python-feature-3/independent/check.py
report	Preserve the measured evidence in a dedicated results branch	2026-10-07T00:47:48.1207545Z  create mode 100644 docs/evidence/v6/remote-matrix/uncensored-matrix-0/8192-python-feature-3/report.json
report	Preserve the measured evidence in a dedicated results branch	2026-10-07T00:47:48.1283803Z  create mode 100644 docs/evidence/v6/remote-matrix/uncensored-matrix-0/8192-python-feature-3/setup.stderr
report	Preserve the measured evidence in a dedicated results branch	2026-10-07T00:47:48.1285693Z  create mode 100644 docs/evidence/v6/remote-matrix/uncensored-matrix-0/8192-python-feature-3/setup.stdout
report	Preserve the measured evidence in a dedicated results branch	2026-10-07T00:47:48.1287018Z  create mode 100644 docs/evidence/v6/remote-matrix/uncensored-matrix-0/8192-python-feature-3/turn.jsonl
report	Preserve the measured evidence in a dedicated results branch	2026-10-07T00:47:48.1287913Z  create mode 100644 docs/evidence/v6/remote-matrix/uncensored-matrix-0/8192-python-feature-3/turn.stderr
report	Preserve the measured evidence in a dedicated results branch	2026-10-07T00:47:48.1288640Z  create mode 100644 docs/evidence/v6/remote-matrix/uncensored-matrix-0/8192-python-feature-4/assertion.py
report	Preserve the measured evidence in a dedicated results branch	2026-10-07T00:47:48.1289392Z  create mode 100644 docs/evidence/v6/remote-matrix/uncensored-matrix-0/8192-python-feature-4/context-views.json
report	Preserve the measured evidence in a dedicated results branch	2026-10-07T00:47:48.1290154Z  create mode 100644 docs/evidence/v6/remote-matrix/uncensored-matrix-0/8192-python-feature-4/fixture.json
report	Preserve the measured evidence in a dedicated results branch	2026-10-07T00:47:48.1290904Z  create mode 100644 docs/evidence/v6/remote-matrix/uncensored-matrix-0/8192-python-feature-4/independent/check.py
report	Preserve the measured evidence in a dedicated results branch	2026-10-07T00:47:48.1291646Z  create mode 100644 docs/evidence/v6/remote-matrix/uncensored-matrix-0/8192-python-feature-4/report.json
report	Preserve the measured evidence in a dedicated results branch	2026-10-07T00:47:48.1292377Z  create mode 100644 docs/evidence/v6/remote-matrix/uncensored-matrix-0/8192-python-feature-4/setup.stderr
report	Preserve the measured evidence in a dedicated results branch	2026-10-07T00:47:48.1293332Z  create mode 100644 docs/evidence/v6/remote-matrix/uncensored-matrix-0/8192-python-feature-4/setup.stdout
report	Preserve the measured evidence in a dedicated results branch	2026-10-07T00:47:48.1294055Z  create mode 100644 docs/evidence/v6/remote-matrix/uncensored-matrix-0/8192-python-feature-4/turn.jsonl
report	Preserve the measured evidence in a dedicated results branch	2026-10-07T00:47:48.1294765Z  create mode 100644 docs/evidence/v6/remote-matrix/uncensored-matrix-0/8192-python-feature-4/turn.stderr
report	Preserve the measured evidence in a dedicated results branch	2026-10-07T00:47:48.1295497Z  create mode 100644 docs/evidence/v6/remote-matrix/uncensored-matrix-0/8192-python-feature-5/assertion.py
report	Preserve the measured evidence in a dedicated results branch	2026-10-07T00:47:48.1296466Z  create mode 100644 docs/evidence/v6/remote-matrix/uncensored-matrix-0/8192-python-feature-5/context-views.json
report	Preserve the measured evidence in a dedicated results branch	2026-10-07T00:47:48.1297219Z  create mode 100644 docs/evidence/v6/remote-matrix/uncensored-matrix-0/8192-python-feature-5/fixture.json
report	Preserve the measured evidence in a dedicated results branch	2026-10-07T00:47:48.1297997Z  create mode 100644 docs/evidence/v6/remote-matrix/uncensored-matrix-0/8192-python-feature-5/independent/check.py
report	Preserve the measured evidence in a dedicated results branch	2026-10-07T00:47:48.1298755Z  create mode 100644 docs/evidence/v6/remote-matrix/uncensored-matrix-0/8192-python-feature-5/report.json
report	Preserve the measured evidence in a dedicated results branch	2026-10-07T00:47:48.1299471Z  create mode 100644 docs/evidence/v6/remote-matrix/uncensored-matrix-0/8192-python-feature-5/setup.stderr
report	Preserve the measured evidence in a dedicated results branch	2026-10-07T00:47:48.1300198Z  create mode 100644 docs/evidence/v6/remote-matrix/uncensored-matrix-0/8192-python-feature-5/setup.stdout
report	Preserve the measured evidence in a dedicated results branch	2026-10-07T00:47:48.1300910Z  create mode 100644 docs/evidence/v6/remote-matrix/uncensored-matrix-0/8192-python-feature-5/turn.jsonl
report	Preserve the measured evidence in a dedicated results branch	2026-10-07T00:47:48.1301610Z  create mode 100644 docs/evidence/v6/remote-matrix/uncensored-matrix-0/8192-python-feature-5/turn.stderr
report	Preserve the measured evidence in a dedicated results branch	2026-10-07T00:47:48.1302322Z  create mode 100644 docs/evidence/v6/remote-matrix/uncensored-matrix-0/8192-python-jsonl-1/assertion.py
report	Preserve the measured evidence in a dedicated results branch	2026-10-07T00:47:48.1303224Z  create mode 100644 docs/evidence/v6/remote-matrix/uncensored-matrix-0/8192-python-jsonl-1/context-views.json
report	Preserve the measured evidence in a dedicated results branch	2026-10-07T00:47:48.1303947Z  create mode 100644 docs/evidence/v6/remote-matrix/uncensored-matrix-0/8192-python-jsonl-1/fixture.json
report	Preserve the measured evidence in a dedicated results branch	2026-10-07T00:47:48.1304682Z  create mode 100644 docs/evidence/v6/remote-matrix/uncensored-matrix-0/8192-python-jsonl-1/independent/check.py
report	Preserve the measured evidence in a dedicated results branch	2026-10-07T00:47:48.1305407Z  create mode 100644 docs/evidence/v6/remote-matrix/uncensored-matrix-0/8192-python-jsonl-1/report.json
report	Preserve the measured evidence in a dedicated results branch	2026-10-07T00:47:48.1306112Z  create mode 100644 docs/evidence/v6/remote-matrix/uncensored-matrix-0/8192-python-jsonl-1/setup.stderr
report	Preserve the measured evidence in a dedicated results branch	2026-10-07T00:47:48.1306806Z  create mode 100644 docs/evidence/v6/remote-matrix/uncensored-matrix-0/8192-python-jsonl-1/setup.stdout
report	Preserve the measured evidence in a dedicated results branch	2026-10-07T00:47:48.1307494Z  create mode 100644 docs/evidence/v6/remote-matrix/uncensored-matrix-0/8192-python-jsonl-1/turn.jsonl
report	Preserve the measured evidence in a dedicated results branch	2026-10-07T00:47:48.1308186Z  create mode 100644 docs/evidence/v6/remote-matrix/uncensored-matrix-0/8192-python-jsonl-1/turn.stderr
report	Preserve the measured evidence in a dedicated results branch	2026-10-07T00:47:48.1308873Z  create mode 100644 docs/evidence/v6/remote-matrix/uncensored-matrix-0/8192-python-jsonl-2/assertion.py
report	Preserve the measured evidence in a dedicated results branch	2026-10-07T00:47:48.1309690Z  create mode 100644 docs/evidence/v6/remote-matrix/uncensored-matrix-0/8192-python-jsonl-2/context-views.json
report	Preserve the measured evidence in a dedicated results branch	2026-10-07T00:47:48.1310403Z  create mode 100644 docs/evidence/v6/remote-matrix/uncensored-matrix-0/8192-python-jsonl-2/fixture.json
report	Preserve the measured evidence in a dedicated results branch	2026-10-07T00:47:48.1311140Z  create mode 100644 docs/evidence/v6/remote-matrix/uncensored-matrix-0/8192-python-jsonl-2/independent/check.py
report	Preserve the measured evidence in a dedicated results branch	2026-10-07T00:47:48.1311865Z  create mode 100644 docs/evidence/v6/remote-matrix/uncensored-matrix-0/8192-python-jsonl-2/report.json
report	Preserve the measured evidence in a dedicated results branch	2026-10-07T00:47:48.1312722Z  create mode 100644 docs/evidence/v6/remote-matrix/uncensored-matrix-0/8192-python-jsonl-2/setup.stderr
report	Preserve the measured evidence in a dedicated results branch	2026-10-07T00:47:48.1313434Z  create mode 100644 docs/evidence/v6/remote-matrix/uncensored-matrix-0/8192-python-jsonl-2/setup.stdout
report	Preserve the measured evidence in a dedicated results branch	2026-10-07T00:47:48.1314125Z  create mode 100644 docs/evidence/v6/remote-matrix/uncensored-matrix-0/8192-python-jsonl-2/turn.jsonl
report	Preserve the measured evidence in a dedicated results branch	2026-10-07T00:47:48.1314828Z  create mode 100644 docs/evidence/v6/remote-matrix/uncensored-matrix-0/8192-python-jsonl-2/turn.stderr
report	Preserve the measured evidence in a dedicated results branch	2026-10-07T00:47:48.1315529Z  create mode 100644 docs/evidence/v6/remote-matrix/uncensored-matrix-0/8192-python-jsonl-3/assertion.py
report	Preserve the measured evidence in a dedicated results branch	2026-10-07T00:47:48.1316248Z  create mode 100644 docs/evidence/v6/remote-matrix/uncensored-matrix-0/8192-python-jsonl-3/context-views.json
report	Preserve the measured evidence in a dedicated results branch	2026-10-07T00:47:48.1316971Z  create mode 100644 docs/evidence/v6/remote-matrix/uncensored-matrix-0/8192-python-jsonl-3/fixture.json
report	Preserve the measured evidence in a dedicated results branch	2026-10-07T00:47:48.1317693Z  create mode 100644 docs/evidence/v6/remote-matrix/uncensored-matrix-0/8192-python-jsonl-3/independent/check.py
report	Preserve the measured evidence in a dedicated results branch	2026-10-07T00:47:48.1318494Z  create mode 100644 docs/evidence/v6/remote-matrix/uncensored-matrix-0/8192-python-jsonl-3/report.json
report	Preserve the measured evidence in a dedicated results branch	2026-10-07T00:47:48.1319187Z  create mode 100644 docs/evidence/v6/remote-matrix/uncensored-matrix-0/8192-python-jsonl-3/setup.stderr
report	Preserve the measured evidence in a dedicated results branch	2026-10-07T00:47:48.1319880Z  create mode 100644 docs/evidence/v6/remote-matrix/uncensored-matrix-0/8192-python-jsonl-3/setup.stdout
report	Preserve the measured evidence in a dedicated results branch	2026-10-07T00:47:48.1320596Z  create mode 100644 docs/evidence/v6/remote-matrix/uncensored-matrix-0/8192-python-jsonl-3/turn.jsonl
report	Preserve the measured evidence in a dedicated results branch	2026-10-07T00:47:48.1321298Z  create mode 100644 docs/evidence/v6/remote-matrix/uncensored-matrix-0/8192-python-jsonl-3/turn.stderr
report	Preserve the measured evidence in a dedicated results branch	2026-10-07T00:47:48.1321997Z  create mode 100644 docs/evidence/v6/remote-matrix/uncensored-matrix-0/8192-python-jsonl-4/assertion.py
report	Preserve the measured evidence in a dedicated results branch	2026-10-07T00:47:48.1322839Z  create mode 100644 docs/evidence/v6/remote-matrix/uncensored-matrix-0/8192-python-jsonl-4/context-views.json
report	Preserve the measured evidence in a dedicated results branch	2026-10-07T00:47:48.1323558Z  create mode 100644 docs/evidence/v6/remote-matrix/uncensored-matrix-0/8192-python-jsonl-4/fixture.json
report	Preserve the measured evidence in a dedicated results branch	2026-10-07T00:47:48.1324294Z  create mode 100644 docs/evidence/v6/remote-matrix/uncensored-matrix-0/8192-python-jsonl-4/independent/check.py
report	Preserve the measured evidence in a dedicated results branch	2026-10-07T00:47:48.1325019Z  create mode 100644 docs/evidence/v6/remote-matrix/uncensored-matrix-0/8192-python-jsonl-4/report.json
report	Preserve the measured evidence in a dedicated results branch	2026-10-07T00:47:48.1325721Z  create mode 100644 docs/evidence/v6/remote-matrix/uncensored-matrix-0/8192-python-jsonl-4/setup.stderr
report	Preserve the measured evidence in a dedicated results branch	2026-10-07T00:47:48.1326428Z  create mode 100644 docs/evidence/v6/remote-matrix/uncensored-matrix-0/8192-python-jsonl-4/setup.stdout
report	Preserve the measured evidence in a dedicated results branch	2026-10-07T00:47:48.1327122Z  create mode 100644 docs/evidence/v6/remote-matrix/uncensored-matrix-0/8192-python-jsonl-4/turn.jsonl
report	Preserve the measured evidence in a dedicated results branch	2026-10-07T00:47:48.1327806Z  create mode 100644 docs/evidence/v6/remote-matrix/uncensored-matrix-0/8192-python-jsonl-4/turn.stderr
report	Preserve the measured evidence in a dedicated results branch	2026-10-07T00:47:48.1328493Z  create mode 100644 docs/evidence/v6/remote-matrix/uncensored-matrix-0/8192-python-jsonl-5/assertion.py
report	Preserve the measured evidence in a dedicated results branch	2026-10-07T00:47:48.1329228Z  create mode 100644 docs/evidence/v6/remote-matrix/uncensored-matrix-0/8192-python-jsonl-5/context-views.json
report	Preserve the measured evidence in a dedicated results branch	2026-10-07T00:47:48.1329943Z  create mode 100644 docs/evidence/v6/remote-matrix/uncensored-matrix-0/8192-python-jsonl-5/fixture.json
report	Preserve the measured evidence in a dedicated results branch	2026-10-07T00:47:48.1330674Z  create mode 100644 docs/evidence/v6/remote-matrix/uncensored-matrix-0/8192-python-jsonl-5/independent/check.py
report	Preserve the measured evidence in a dedicated results branch	2026-10-07T00:47:48.1331466Z  create mode 100644 docs/evidence/v6/remote-matrix/uncensored-matrix-0/8192-python-jsonl-5/report.json
report	Preserve the measured evidence in a dedicated results branch	2026-10-07T00:47:48.1332156Z  create mode 100644 docs/evidence/v6/remote-matrix/uncensored-matrix-0/8192-python-jsonl-5/setup.stderr
report	Preserve the measured evidence in a dedicated results branch	2026-10-07T00:47:48.1333134Z  create mode 100644 docs/evidence/v6/remote-matrix/uncensored-matrix-0/8192-python-jsonl-5/setup.stdout
report	Preserve the measured evidence in a dedicated results branch	2026-10-07T00:47:48.1333965Z  create mode 100644 docs/evidence/v6/remote-matrix/uncensored-matrix-0/8192-python-jsonl-5/turn.jsonl
report	Preserve the measured evidence in a dedicated results branch	2026-10-07T00:47:48.1334664Z  create mode 100644 docs/evidence/v6/remote-matrix/uncensored-matrix-0/8192-python-jsonl-5/turn.stderr
report	Preserve the measured evidence in a dedicated results branch	2026-10-07T00:47:48.1335304Z  create mode 100644 docs/evidence/v6/remote-matrix/uncensored-matrix-0/BUILD.json
report	Preserve the measured evidence in a dedicated results branch	2026-10-07T00:47:48.1335892Z  create mode 100644 docs/evidence/v6/remote-matrix/uncensored-matrix-0/RAW-SHA256.json
report	Preserve the measured evidence in a dedicated results branch	2026-10-07T00:47:48.1336492Z  create mode 100644 docs/evidence/v6/remote-matrix/uncensored-matrix-0/campaign.log
report	Preserve the measured evidence in a dedicated results branch	2026-10-07T00:47:48.1337075Z  create mode 100644 docs/evidence/v6/remote-matrix/uncensored-matrix-0/configuration.json
report	Preserve the measured evidence in a dedicated results branch	2026-10-07T00:47:48.1337654Z  create mode 100644 docs/evidence/v6/remote-matrix/uncensored-matrix-0/host.json
report	Preserve the measured evidence in a dedicated results branch	2026-10-07T00:47:48.1338197Z  create mode 100644 docs/evidence/v6/remote-matrix/uncensored-matrix-0/summary.json
report	Preserve the measured evidence in a dedicated results branch	2026-10-07T00:47:48.1338847Z  create mode 100644 docs/evidence/v6/remote-matrix/uncensored-matrix-1/8192-python-migration-1/assertion.py
report	Preserve the measured evidence in a dedicated results branch	2026-10-07T00:47:48.1339615Z  create mode 100644 docs/evidence/v6/remote-matrix/uncensored-matrix-1/8192-python-migration-1/context-views.json
report	Preserve the measured evidence in a dedicated results branch	2026-10-07T00:47:48.1340446Z  create mode 100644 docs/evidence/v6/remote-matrix/uncensored-matrix-1/8192-python-migration-1/fixture.json
report	Preserve the measured evidence in a dedicated results branch	2026-10-07T00:47:48.1341199Z  create mode 100644 docs/evidence/v6/remote-matrix/uncensored-matrix-1/8192-python-migration-1/independent/check.py
report	Preserve the measured evidence in a dedicated results branch	2026-10-07T00:47:48.1341951Z  create mode 100644 docs/evidence/v6/remote-matrix/uncensored-matrix-1/8192-python-migration-1/report.json
report	Preserve the measured evidence in a dedicated results branch	2026-10-07T00:47:48.1342972Z  create mode 100644 docs/evidence/v6/remote-matrix/uncensored-matrix-1/8192-python-migration-1/setup.stderr
report	Preserve the measured evidence in a dedicated results branch	2026-10-07T00:47:48.1343715Z  create mode 100644 docs/evidence/v6/remote-matrix/uncensored-matrix-1/8192-python-migration-1/setup.stdout
report	Preserve the measured evidence in a dedicated results branch	2026-10-07T00:47:48.1344440Z  create mode 100644 docs/evidence/v6/remote-matrix/uncensored-matrix-1/8192-python-migration-1/turn.jsonl
report	Preserve the measured evidence in a dedicated results branch	2026-10-07T00:47:48.1345173Z  create mode 100644 docs/evidence/v6/remote-matrix/uncensored-matrix-1/8192-python-migration-1/turn.stderr
report	Preserve the measured evidence in a dedicated results branch	2026-10-07T00:47:48.1345900Z  create mode 100644 docs/evidence/v6/remote-matrix/uncensored-matrix-1/8192-python-migration-2/assertion.py
report	Preserve the measured evidence in a dedicated results branch	2026-10-07T00:47:48.1346658Z  create mode 100644 docs/evidence/v6/remote-matrix/uncensored-matrix-1/8192-python-migration-2/context-views.json
report	Preserve the measured evidence in a dedicated results branch	2026-10-07T00:47:48.1347399Z  create mode 100644 docs/evidence/v6/remote-matrix/uncensored-matrix-1/8192-python-migration-2/fixture.json
report	Preserve the measured evidence in a dedicated results branch	2026-10-07T00:47:48.1348147Z  create mode 100644 docs/evidence/v6/remote-matrix/uncensored-matrix-1/8192-python-migration-2/independent/check.py
report	Preserve the measured evidence in a dedicated results branch	2026-10-07T00:47:48.1348898Z  create mode 100644 docs/evidence/v6/remote-matrix/uncensored-matrix-1/8192-python-migration-2/report.json
report	Preserve the measured evidence in a dedicated results branch	2026-10-07T00:47:48.1349621Z  create mode 100644 docs/evidence/v6/remote-matrix/uncensored-matrix-1/8192-python-migration-2/setup.stderr
report	Preserve the measured evidence in a dedicated results branch	2026-10-07T00:47:48.1350355Z  create mode 100644 docs/evidence/v6/remote-matrix/uncensored-matrix-1/8192-python-migration-2/setup.stdout
report	Preserve the measured evidence in a dedicated results branch	2026-10-07T00:47:48.1351066Z  create mode 100644 docs/evidence/v6/remote-matrix/uncensored-matrix-1/8192-python-migration-2/turn.jsonl
report	Preserve the measured evidence in a dedicated results branch	2026-10-07T00:47:48.1351781Z  create mode 100644 docs/evidence/v6/remote-matrix/uncensored-matrix-1/8192-python-migration-2/turn.stderr
report	Preserve the measured evidence in a dedicated results branch	2026-10-07T00:47:48.1352652Z  create mode 100644 docs/evidence/v6/remote-matrix/uncensored-matrix-1/8192-python-migration-3/assertion.py
report	Preserve the measured evidence in a dedicated results branch	2026-10-07T00:47:48.1353437Z  create mode 100644 docs/evidence/v6/remote-matrix/uncensored-matrix-1/8192-python-migration-3/context-views.json
report	Preserve the measured evidence in a dedicated results branch	2026-10-07T00:47:48.1354270Z  create mode 100644 docs/evidence/v6/remote-matrix/uncensored-matrix-1/8192-python-migration-3/fixture.json
report	Preserve the measured evidence in a dedicated results branch	2026-10-07T00:47:48.1355032Z  create mode 100644 docs/evidence/v6/remote-matrix/uncensored-matrix-1/8192-python-migration-3/independent/check.py
report	Preserve the measured evidence in a dedicated results branch	2026-10-07T00:47:48.1355789Z  create mode 100644 docs/evidence/v6/remote-matrix/uncensored-matrix-1/8192-python-migration-3/report.json
report	Preserve the measured evidence in a dedicated results branch	2026-10-07T00:47:48.1356528Z  create mode 100644 docs/evidence/v6/remote-matrix/uncensored-matrix-1/8192-python-migration-3/setup.stderr
report	Preserve the measured evidence in a dedicated results branch	2026-10-07T00:47:48.1357261Z  create mode 100644 docs/evidence/v6/remote-matrix/uncensored-matrix-1/8192-python-migration-3/setup.stdout
report	Preserve the measured evidence in a dedicated results branch	2026-10-07T00:47:48.1358002Z  create mode 100644 docs/evidence/v6/remote-matrix/uncensored-matrix-1/8192-python-migration-3/turn.jsonl
report	Preserve the measured evidence in a dedicated results branch	2026-10-07T00:47:48.1358722Z  create mode 100644 docs/evidence/v6/remote-matrix/uncensored-matrix-1/8192-python-migration-3/turn.stderr
report	Preserve the measured evidence in a dedicated results branch	2026-10-07T00:47:48.1359455Z  create mode 100644 docs/evidence/v6/remote-matrix/uncensored-matrix-1/8192-python-migration-4/assertion.py
report	Preserve the measured evidence in a dedicated results branch	2026-10-07T00:47:48.1360206Z  create mode 100644 docs/evidence/v6/remote-matrix/uncensored-matrix-1/8192-python-migration-4/context-views.json
report	Preserve the measured evidence in a dedicated results branch	2026-10-07T00:47:48.1360949Z  create mode 100644 docs/evidence/v6/remote-matrix/uncensored-matrix-1/8192-python-migration-4/fixture.json
report	Preserve the measured evidence in a dedicated results branch	2026-10-07T00:47:48.1361708Z  create mode 100644 docs/evidence/v6/remote-matrix/uncensored-matrix-1/8192-python-migration-4/independent/check.py
report	Preserve the measured evidence in a dedicated results branch	2026-10-07T00:47:48.1362460Z  create mode 100644 docs/evidence/v6/remote-matrix/uncensored-matrix-1/8192-python-migration-4/report.json
report	Preserve the measured evidence in a dedicated results branch	2026-10-07T00:47:48.1363469Z  create mode 100644 docs/evidence/v6/remote-matrix/uncensored-matrix-1/8192-python-migration-4/setup.stderr
report	Preserve the measured evidence in a dedicated results branch	2026-10-07T00:47:48.1364212Z  create mode 100644 docs/evidence/v6/remote-matrix/uncensored-matrix-1/8192-python-migration-4/setup.stdout
report	Preserve the measured evidence in a dedicated results branch	2026-10-07T00:47:48.1364942Z  create mode 100644 docs/evidence/v6/remote-matrix/uncensored-matrix-1/8192-python-migration-4/turn.jsonl
report	Preserve the measured evidence in a dedicated results branch	2026-10-07T00:47:48.1365683Z  create mode 100644 docs/evidence/v6/remote-matrix/uncensored-matrix-1/8192-python-migration-4/turn.stderr
report	Preserve the measured evidence in a dedicated results branch	2026-10-07T00:47:48.1366412Z  create mode 100644 docs/evidence/v6/remote-matrix/uncensored-matrix-1/8192-python-migration-5/assertion.py
report	Preserve the measured evidence in a dedicated results branch	2026-10-07T00:47:48.1367179Z  create mode 100644 docs/evidence/v6/remote-matrix/uncensored-matrix-1/8192-python-migration-5/context-views.json
report	Preserve the measured evidence in a dedicated results branch	2026-10-07T00:47:48.1367929Z  create mode 100644 docs/evidence/v6/remote-matrix/uncensored-matrix-1/8192-python-migration-5/fixture.json
report	Preserve the measured evidence in a dedicated results branch	2026-10-07T00:47:48.1368691Z  create mode 100644 docs/evidence/v6/remote-matrix/uncensored-matrix-1/8192-python-migration-5/independent/check.py
report	Preserve the measured evidence in a dedicated results branch	2026-10-07T00:47:48.1369435Z  create mode 100644 docs/evidence/v6/remote-matrix/uncensored-matrix-1/8192-python-migration-5/report.json
report	Preserve the measured evidence in a dedicated results branch	2026-10-07T00:47:48.1370159Z  create mode 100644 docs/evidence/v6/remote-matrix/uncensored-matrix-1/8192-python-migration-5/setup.stderr
report	Preserve the measured evidence in a dedicated results branch	2026-10-07T00:47:48.1370890Z  create mode 100644 docs/evidence/v6/remote-matrix/uncensored-matrix-1/8192-python-migration-5/setup.stdout
report	Preserve the measured evidence in a dedicated results branch	2026-10-07T00:47:48.1371604Z  create mode 100644 docs/evidence/v6/remote-matrix/uncensored-matrix-1/8192-python-migration-5/turn.jsonl
report	Preserve the measured evidence in a dedicated results branch	2026-10-07T00:47:48.1372317Z  create mode 100644 docs/evidence/v6/remote-matrix/uncensored-matrix-1/8192-python-migration-5/turn.stderr
report	Preserve the measured evidence in a dedicated results branch	2026-10-07T00:47:48.1373229Z  create mode 100644 docs/evidence/v6/remote-matrix/uncensored-matrix-1/8192-python-multifile-1/assertion.py
report	Preserve the measured evidence in a dedicated results branch	2026-10-07T00:47:48.1373991Z  create mode 100644 docs/evidence/v6/remote-matrix/uncensored-matrix-1/8192-python-multifile-1/context-views.json
report	Preserve the measured evidence in a dedicated results branch	2026-10-07T00:47:48.1374752Z  create mode 100644 docs/evidence/v6/remote-matrix/uncensored-matrix-1/8192-python-multifile-1/fixture.json
report	Preserve the measured evidence in a dedicated results branch	2026-10-07T00:47:48.1375505Z  create mode 100644 docs/evidence/v6/remote-matrix/uncensored-matrix-1/8192-python-multifile-1/independent/check.py
report	Preserve the measured evidence in a dedicated results branch	2026-10-07T00:47:48.1376293Z  create mode 100644 docs/evidence/v6/remote-matrix/uncensored-matrix-1/8192-python-multifile-1/report.json
report	Preserve the measured evidence in a dedicated results branch	2026-10-07T00:47:48.1377116Z  create mode 100644 docs/evidence/v6/remote-matrix/uncensored-matrix-1/8192-python-multifile-1/setup.stderr
report	Preserve the measured evidence in a dedicated results branch	2026-10-07T00:47:48.1377854Z  create mode 100644 docs/evidence/v6/remote-matrix/uncensored-matrix-1/8192-python-multifile-1/setup.stdout
report	Preserve the measured evidence in a dedicated results branch	2026-10-07T00:47:48.1378581Z  create mode 100644 docs/evidence/v6/remote-matrix/uncensored-matrix-1/8192-python-multifile-1/turn.jsonl
report	Preserve the measured evidence in a dedicated results branch	2026-10-07T00:47:48.1379309Z  create mode 100644 docs/evidence/v6/remote-matrix/uncensored-matrix-1/8192-python-multifile-1/turn.stderr
report	Preserve the measured evidence in a dedicated results branch	2026-10-07T00:47:48.1380035Z  create mode 100644 docs/evidence/v6/remote-matrix/uncensored-matrix-1/8192-python-multifile-2/assertion.py
report	Preserve the measured evidence in a dedicated results branch	2026-10-07T00:47:48.1380788Z  create mode 100644 docs/evidence/v6/remote-matrix/uncensored-matrix-1/8192-python-multifile-2/context-views.json
report	Preserve the measured evidence in a dedicated results branch	2026-10-07T00:47:48.1381539Z  create mode 100644 docs/evidence/v6/remote-matrix/uncensored-matrix-1/8192-python-multifile-2/fixture.json
report	Preserve the measured evidence in a dedicated results branch	2026-10-07T00:47:48.1382293Z  create mode 100644 docs/evidence/v6/remote-matrix/uncensored-matrix-1/8192-python-multifile-2/independent/check.py
report	Preserve the measured evidence in a dedicated results branch	2026-10-07T00:47:48.1383194Z  create mode 100644 docs/evidence/v6/remote-matrix/uncensored-matrix-1/8192-python-multifile-2/report.json
report	Preserve the measured evidence in a dedicated results branch	2026-10-07T00:47:48.1383922Z  create mode 100644 docs/evidence/v6/remote-matrix/uncensored-matrix-1/8192-python-multifile-2/setup.stderr
report	Preserve the measured evidence in a dedicated results branch	2026-10-07T00:47:48.1384668Z  create mode 100644 docs/evidence/v6/remote-matrix/uncensored-matrix-1/8192-python-multifile-2/setup.stdout
report	Preserve the measured evidence in a dedicated results branch	2026-10-07T00:47:48.1385403Z  create mode 100644 docs/evidence/v6/remote-matrix/uncensored-matrix-1/8192-python-multifile-2/turn.jsonl
report	Preserve the measured evidence in a dedicated results branch	2026-10-07T00:47:48.1386188Z  create mode 100644 docs/evidence/v6/remote-matrix/uncensored-matrix-1/8192-python-multifile-2/turn.stderr
report	Preserve the measured evidence in a dedicated results branch	2026-10-07T00:47:48.1386906Z  create mode 100644 docs/evidence/v6/remote-matrix/uncensored-matrix-1/8192-python-multifile-3/assertion.py
report	Preserve the measured evidence in a dedicated results branch	2026-10-07T00:47:48.1387651Z  create mode 100644 docs/evidence/v6/remote-matrix/uncensored-matrix-1/8192-python-multifile-3/context-views.json
report	Preserve the measured evidence in a dedicated results branch	2026-10-07T00:47:48.1388414Z  create mode 100644 docs/evidence/v6/remote-matrix/uncensored-matrix-1/8192-python-multifile-3/fixture.json
report	Preserve the measured evidence in a dedicated results branch	2026-10-07T00:47:48.1389166Z  create mode 100644 docs/evidence/v6/remote-matrix/uncensored-matrix-1/8192-python-multifile-3/independent/check.py
report	Preserve the measured evidence in a dedicated results branch	2026-10-07T00:47:48.1389917Z  create mode 100644 docs/evidence/v6/remote-matrix/uncensored-matrix-1/8192-python-multifile-3/report.json
report	Preserve the measured evidence in a dedicated results branch	2026-10-07T00:47:48.1390633Z  create mode 100644 docs/evidence/v6/remote-matrix/uncensored-matrix-1/8192-python-multifile-3/setup.stderr
report	Preserve the measured evidence in a dedicated results branch	2026-10-07T00:47:48.1391372Z  create mode 100644 docs/evidence/v6/remote-matrix/uncensored-matrix-1/8192-python-multifile-3/setup.stdout
report	Preserve the measured evidence in a dedicated results branch	2026-10-07T00:47:48.1392093Z  create mode 100644 docs/evidence/v6/remote-matrix/uncensored-matrix-1/8192-python-multifile-3/turn.jsonl
report	Preserve the measured evidence in a dedicated results branch	2026-10-07T00:47:48.1392970Z  create mode 100644 docs/evidence/v6/remote-matrix/uncensored-matrix-1/8192-python-multifile-3/turn.stderr
report	Preserve the measured evidence in a dedicated results branch	2026-10-07T00:47:48.1393692Z  create mode 100644 docs/evidence/v6/remote-matrix/uncensored-matrix-1/8192-python-multifile-4/assertion.py
report	Preserve the measured evidence in a dedicated results branch	2026-10-07T00:47:48.1394444Z  create mode 100644 docs/evidence/v6/remote-matrix/uncensored-matrix-1/8192-python-multifile-4/context-views.json
report	Preserve the measured evidence in a dedicated results branch	2026-10-07T00:47:48.1395201Z  create mode 100644 docs/evidence/v6/remote-matrix/uncensored-matrix-1/8192-python-multifile-4/fixture.json
report	Preserve the measured evidence in a dedicated results branch	2026-10-07T00:47:48.1395961Z  create mode 100644 docs/evidence/v6/remote-matrix/uncensored-matrix-1/8192-python-multifile-4/independent/check.py
report	Preserve the measured evidence in a dedicated results branch	2026-10-07T00:47:48.1396707Z  create mode 100644 docs/evidence/v6/remote-matrix/uncensored-matrix-1/8192-python-multifile-4/report.json
report	Preserve the measured evidence in a dedicated results branch	2026-10-07T00:47:48.1397454Z  create mode 100644 docs/evidence/v6/remote-matrix/uncensored-matrix-1/8192-python-multifile-4/setup.stderr
report	Preserve the measured evidence in a dedicated results branch	2026-10-07T00:47:48.1398177Z  create mode 100644 docs/evidence/v6/remote-matrix/uncensored-matrix-1/8192-python-multifile-4/setup.stdout
report	Preserve the measured evidence in a dedicated results branch	2026-10-07T00:47:48.1398970Z  create mode 100644 docs/evidence/v6/remote-matrix/uncensored-matrix-1/8192-python-multifile-4/turn.jsonl
report	Preserve the measured evidence in a dedicated results branch	2026-10-07T00:47:48.1399677Z  create mode 100644 docs/evidence/v6/remote-matrix/uncensored-matrix-1/8192-python-multifile-4/turn.stderr
report	Preserve the measured evidence in a dedicated results branch	2026-10-07T00:47:48.1400398Z  create mode 100644 docs/evidence/v6/remote-matrix/uncensored-matrix-1/8192-python-multifile-5/assertion.py
report	Preserve the measured evidence in a dedicated results branch	2026-10-07T00:47:48.1401156Z  create mode 100644 docs/evidence/v6/remote-matrix/uncensored-matrix-1/8192-python-multifile-5/context-views.json
report	Preserve the measured evidence in a dedicated results branch	2026-10-07T00:47:48.1401907Z  create mode 100644 docs/evidence/v6/remote-matrix/uncensored-matrix-1/8192-python-multifile-5/fixture.json
report	Preserve the measured evidence in a dedicated results branch	2026-10-07T00:47:48.1402824Z  create mode 100644 docs/evidence/v6/remote-matrix/uncensored-matrix-1/8192-python-multifile-5/independent/check.py
report	Preserve the measured evidence in a dedicated results branch	2026-10-07T00:47:48.1403580Z  create mode 100644 docs/evidence/v6/remote-matrix/uncensored-matrix-1/8192-python-multifile-5/report.json
report	Preserve the measured evidence in a dedicated results branch	2026-10-07T00:47:48.1404310Z  create mode 100644 docs/evidence/v6/remote-matrix/uncensored-matrix-1/8192-python-multifile-5/setup.stderr
report	Preserve the measured evidence in a dedicated results branch	2026-10-07T00:47:48.1405048Z  create mode 100644 docs/evidence/v6/remote-matrix/uncensored-matrix-1/8192-python-multifile-5/setup.stdout
report	Preserve the measured evidence in a dedicated results branch	2026-10-07T00:47:48.1405775Z  create mode 100644 docs/evidence/v6/remote-matrix/uncensored-matrix-1/8192-python-multifile-5/turn.jsonl
report	Preserve the measured evidence in a dedicated results branch	2026-10-07T00:47:48.1406487Z  create mode 100644 docs/evidence/v6/remote-matrix/uncensored-matrix-1/8192-python-multifile-5/turn.stderr
report	Preserve the measured evidence in a dedicated results branch	2026-10-07T00:47:48.1407188Z  create mode 100644 docs/evidence/v6/remote-matrix/uncensored-matrix-1/8192-python-setup-1/assertion.py
report	Preserve the measured evidence in a dedicated results branch	2026-10-07T00:47:48.1407980Z  create mode 100644 docs/evidence/v6/remote-matrix/uncensored-matrix-1/8192-python-setup-1/context-views.json
report	Preserve the measured evidence in a dedicated results branch	2026-10-07T00:47:48.1408696Z  create mode 100644 docs/evidence/v6/remote-matrix/uncensored-matrix-1/8192-python-setup-1/fixture.json
report	Preserve the measured evidence in a dedicated results branch	2026-10-07T00:47:48.1409413Z  create mode 100644 docs/evidence/v6/remote-matrix/uncensored-matrix-1/8192-python-setup-1/independent/check.py
report	Preserve the measured evidence in a dedicated results branch	2026-10-07T00:47:48.1410148Z  create mode 100644 docs/evidence/v6/remote-matrix/uncensored-matrix-1/8192-python-setup-1/report.json
report	Preserve the measured evidence in a dedicated results branch	2026-10-07T00:47:48.1410842Z  create mode 100644 docs/evidence/v6/remote-matrix/uncensored-matrix-1/8192-python-setup-1/setup.stderr
report	Preserve the measured evidence in a dedicated results branch	2026-10-07T00:47:48.1411547Z  create mode 100644 docs/evidence/v6/remote-matrix/uncensored-matrix-1/8192-python-setup-1/setup.stdout
report	Preserve the measured evidence in a dedicated results branch	2026-10-07T00:47:48.1412383Z  create mode 100644 docs/evidence/v6/remote-matrix/uncensored-matrix-1/8192-python-setup-1/turn.jsonl
report	Preserve the measured evidence in a dedicated results branch	2026-10-07T00:47:48.1413341Z  create mode 100644 docs/evidence/v6/remote-matrix/uncensored-matrix-1/8192-python-setup-1/turn.stderr
report	Preserve the measured evidence in a dedicated results branch	2026-10-07T00:47:48.1414148Z  create mode 100644 docs/evidence/v6/remote-matrix/uncensored-matrix-1/8192-python-setup-2/assertion.py
report	Preserve the measured evidence in a dedicated results branch	2026-10-07T00:47:48.1414876Z  create mode 100644 docs/evidence/v6/remote-matrix/uncensored-matrix-1/8192-python-setup-2/context-views.json
report	Preserve the measured evidence in a dedicated results branch	2026-10-07T00:47:48.1415611Z  create mode 100644 docs/evidence/v6/remote-matrix/uncensored-matrix-1/8192-python-setup-2/fixture.json
report	Preserve the measured evidence in a dedicated results branch	2026-10-07T00:47:48.1416345Z  create mode 100644 docs/evidence/v6/remote-matrix/uncensored-matrix-1/8192-python-setup-2/independent/check.py
report	Preserve the measured evidence in a dedicated results branch	2026-10-07T00:47:48.1417077Z  create mode 100644 docs/evidence/v6/remote-matrix/uncensored-matrix-1/8192-python-setup-2/report.json
report	Preserve the measured evidence in a dedicated results branch	2026-10-07T00:47:48.1417779Z  create mode 100644 docs/evidence/v6/remote-matrix/uncensored-matrix-1/8192-python-setup-2/setup.stderr
report	Preserve the measured evidence in a dedicated results branch	2026-10-07T00:47:48.1418472Z  create mode 100644 docs/evidence/v6/remote-matrix/uncensored-matrix-1/8192-python-setup-2/setup.stdout
report	Preserve the measured evidence in a dedicated results branch	2026-10-07T00:47:48.1419168Z  create mode 100644 docs/evidence/v6/remote-matrix/uncensored-matrix-1/8192-python-setup-2/turn.jsonl
report	Preserve the measured evidence in a dedicated results branch	2026-10-07T00:47:48.1419949Z  create mode 100644 docs/evidence/v6/remote-matrix/uncensored-matrix-1/8192-python-setup-2/turn.stderr
report	Preserve the measured evidence in a dedicated results branch	2026-10-07T00:47:48.1420750Z  create mode 100644 docs/evidence/v6/remote-matrix/uncensored-matrix-1/8192-python-setup-3/assertion.py
report	Preserve the measured evidence in a dedicated results branch	2026-10-07T00:47:48.1421469Z  create mode 100644 docs/evidence/v6/remote-matrix/uncensored-matrix-1/8192-python-setup-3/context-views.json
report	Preserve the measured evidence in a dedicated results branch	2026-10-07T00:47:48.1422331Z  create mode 100644 docs/evidence/v6/remote-matrix/uncensored-matrix-1/8192-python-setup-3/fixture.json
report	Preserve the measured evidence in a dedicated results branch	2026-10-07T00:47:48.1423236Z  create mode 100644 docs/evidence/v6/remote-matrix/uncensored-matrix-1/8192-python-setup-3/independent/check.py
report	Preserve the measured evidence in a dedicated results branch	2026-10-07T00:47:48.1423959Z  create mode 100644 docs/evidence/v6/remote-matrix/uncensored-matrix-1/8192-python-setup-3/report.json
report	Preserve the measured evidence in a dedicated results branch	2026-10-07T00:47:48.1424657Z  create mode 100644 docs/evidence/v6/remote-matrix/uncensored-matrix-1/8192-python-setup-3/setup.stderr
report	Preserve the measured evidence in a dedicated results branch	2026-10-07T00:47:48.1425358Z  create mode 100644 docs/evidence/v6/remote-matrix/uncensored-matrix-1/8192-python-setup-3/setup.stdout
report	Preserve the measured evidence in a dedicated results branch	2026-10-07T00:47:48.1426049Z  create mode 100644 docs/evidence/v6/remote-matrix/uncensored-matrix-1/8192-python-setup-3/turn.jsonl
report	Preserve the measured evidence in a dedicated results branch	2026-10-07T00:47:48.1426754Z  create mode 100644 docs/evidence/v6/remote-matrix/uncensored-matrix-1/8192-python-setup-3/turn.stderr
report	Preserve the measured evidence in a dedicated results branch	2026-10-07T00:47:48.1427457Z  create mode 100644 docs/evidence/v6/remote-matrix/uncensored-matrix-1/8192-python-setup-4/assertion.py
report	Preserve the measured evidence in a dedicated results branch	2026-10-07T00:47:48.1428183Z  create mode 100644 docs/evidence/v6/remote-matrix/uncensored-matrix-1/8192-python-setup-4/context-views.json
report	Preserve the measured evidence in a dedicated results branch	2026-10-07T00:47:48.1428899Z  create mode 100644 docs/evidence/v6/remote-matrix/uncensored-matrix-1/8192-python-setup-4/fixture.json
report	Preserve the measured evidence in a dedicated results branch	2026-10-07T00:47:48.1429631Z  create mode 100644 docs/evidence/v6/remote-matrix/uncensored-matrix-1/8192-python-setup-4/independent/check.py
report	Preserve the measured evidence in a dedicated results branch	2026-10-07T00:47:48.1430352Z  create mode 100644 docs/evidence/v6/remote-matrix/uncensored-matrix-1/8192-python-setup-4/report.json
report	Preserve the measured evidence in a dedicated results branch	2026-10-07T00:47:48.1431123Z  create mode 100644 docs/evidence/v6/remote-matrix/uncensored-matrix-1/8192-python-setup-4/setup.stderr
report	Preserve the measured evidence in a dedicated results branch	2026-10-07T00:47:48.1431823Z  create mode 100644 docs/evidence/v6/remote-matrix/uncensored-matrix-1/8192-python-setup-4/setup.stdout
report	Preserve the measured evidence in a dedicated results branch	2026-10-07T00:47:48.1432662Z  create mode 100644 docs/evidence/v6/remote-matrix/uncensored-matrix-1/8192-python-setup-4/turn.jsonl
report	Preserve the measured evidence in a dedicated results branch	2026-10-07T00:47:48.1433421Z  create mode 100644 docs/evidence/v6/remote-matrix/uncensored-matrix-1/8192-python-setup-4/turn.stderr
report	Preserve the measured evidence in a dedicated results branch	2026-10-07T00:47:48.1434123Z  create mode 100644 docs/evidence/v6/remote-matrix/uncensored-matrix-1/8192-python-setup-5/assertion.py
report	Preserve the measured evidence in a dedicated results branch	2026-10-07T00:47:48.1434842Z  create mode 100644 docs/evidence/v6/remote-matrix/uncensored-matrix-1/8192-python-setup-5/context-views.json
report	Preserve the measured evidence in a dedicated results branch	2026-10-07T00:47:48.1435575Z  create mode 100644 docs/evidence/v6/remote-matrix/uncensored-matrix-1/8192-python-setup-5/fixture.json
report	Preserve the measured evidence in a dedicated results branch	2026-10-07T00:47:48.1436305Z  create mode 100644 docs/evidence/v6/remote-matrix/uncensored-matrix-1/8192-python-setup-5/independent/check.py
report	Preserve the measured evidence in a dedicated results branch	2026-10-07T00:47:48.1437042Z  create mode 100644 docs/evidence/v6/remote-matrix/uncensored-matrix-1/8192-python-setup-5/report.json
report	Preserve the measured evidence in a dedicated results branch	2026-10-07T00:47:48.1437733Z  create mode 100644 docs/evidence/v6/remote-matrix/uncensored-matrix-1/8192-python-setup-5/setup.stderr
report	Preserve the measured evidence in a dedicated results branch	2026-10-07T00:47:48.1438423Z  create mode 100644 docs/evidence/v6/remote-matrix/uncensored-matrix-1/8192-python-setup-5/setup.stdout
report	Preserve the measured evidence in a dedicated results branch	2026-10-07T00:47:48.1439124Z  create mode 100644 docs/evidence/v6/remote-matrix/uncensored-matrix-1/8192-python-setup-5/turn.jsonl
report	Preserve the measured evidence in a dedicated results branch	2026-10-07T00:47:48.1439801Z  create mode 100644 docs/evidence/v6/remote-matrix/uncensored-matrix-1/8192-python-setup-5/turn.stderr
report	Preserve the measured evidence in a dedicated results branch	2026-10-07T00:47:48.1440430Z  create mode 100644 docs/evidence/v6/remote-matrix/uncensored-matrix-1/BUILD.json
report	Preserve the measured evidence in a dedicated results branch	2026-10-07T00:47:48.1441006Z  create mode 100644 docs/evidence/v6/remote-matrix/uncensored-matrix-1/RAW-SHA256.json
report	Preserve the measured evidence in a dedicated results branch	2026-10-07T00:47:48.1441591Z  create mode 100644 docs/evidence/v6/remote-matrix/uncensored-matrix-1/campaign.log
report	Preserve the measured evidence in a dedicated results branch	2026-10-07T00:47:48.1442192Z  create mode 100644 docs/evidence/v6/remote-matrix/uncensored-matrix-1/configuration.json
report	Preserve the measured evidence in a dedicated results branch	2026-10-07T00:47:48.1442928Z  create mode 100644 docs/evidence/v6/remote-matrix/uncensored-matrix-1/host.json
report	Preserve the measured evidence in a dedicated results branch	2026-10-07T00:47:48.1443494Z  create mode 100644 docs/evidence/v6/remote-matrix/uncensored-matrix-1/summary.json
report	Preserve the measured evidence in a dedicated results branch	2026-10-07T00:47:48.1444277Z  create mode 100644 docs/evidence/v6/remote-matrix/uncensored-matrix-2/8192-python-dependency-api-1/assertion.py
report	Preserve the measured evidence in a dedicated results branch	2026-10-07T00:47:48.1445078Z  create mode 100644 docs/evidence/v6/remote-matrix/uncensored-matrix-2/8192-python-dependency-api-1/context-views.json
report	Preserve the measured evidence in a dedicated results branch	2026-10-07T00:47:48.1445877Z  create mode 100644 docs/evidence/v6/remote-matrix/uncensored-matrix-2/8192-python-dependency-api-1/fixture.json
report	Preserve the measured evidence in a dedicated results branch	2026-10-07T00:47:48.1446680Z  create mode 100644 docs/evidence/v6/remote-matrix/uncensored-matrix-2/8192-python-dependency-api-1/independent/check.py
report	Preserve the measured evidence in a dedicated results branch	2026-10-07T00:47:48.1447480Z  create mode 100644 docs/evidence/v6/remote-matrix/uncensored-matrix-2/8192-python-dependency-api-1/report.json
report	Preserve the measured evidence in a dedicated results branch	2026-10-07T00:47:48.1448245Z  create mode 100644 docs/evidence/v6/remote-matrix/uncensored-matrix-2/8192-python-dependency-api-1/setup.stderr
report	Preserve the measured evidence in a dedicated results branch	2026-10-07T00:47:48.1449015Z  create mode 100644 docs/evidence/v6/remote-matrix/uncensored-matrix-2/8192-python-dependency-api-1/setup.stdout
report	Preserve the measured evidence in a dedicated results branch	2026-10-07T00:47:48.1449782Z  create mode 100644 docs/evidence/v6/remote-matrix/uncensored-matrix-2/8192-python-dependency-api-1/turn.jsonl
report	Preserve the measured evidence in a dedicated results branch	2026-10-07T00:47:48.1450534Z  create mode 100644 docs/evidence/v6/remote-matrix/uncensored-matrix-2/8192-python-dependency-api-1/turn.stderr
report	Preserve the measured evidence in a dedicated results branch	2026-10-07T00:47:48.1451295Z  create mode 100644 docs/evidence/v6/remote-matrix/uncensored-matrix-2/8192-python-dependency-api-2/assertion.py
report	Preserve the measured evidence in a dedicated results branch	2026-10-07T00:47:48.1452097Z  create mode 100644 docs/evidence/v6/remote-matrix/uncensored-matrix-2/8192-python-dependency-api-2/context-views.json
report	Preserve the measured evidence in a dedicated results branch	2026-10-07T00:47:48.1453004Z  create mode 100644 docs/evidence/v6/remote-matrix/uncensored-matrix-2/8192-python-dependency-api-2/fixture.json
report	Preserve the measured evidence in a dedicated results branch	2026-10-07T00:47:48.1453903Z  create mode 100644 docs/evidence/v6/remote-matrix/uncensored-matrix-2/8192-python-dependency-api-2/independent/check.py
report	Preserve the measured evidence in a dedicated results branch	2026-10-07T00:47:48.1454712Z  create mode 100644 docs/evidence/v6/remote-matrix/uncensored-matrix-2/8192-python-dependency-api-2/report.json
report	Preserve the measured evidence in a dedicated results branch	2026-10-07T00:47:48.1455487Z  create mode 100644 docs/evidence/v6/remote-matrix/uncensored-matrix-2/8192-python-dependency-api-2/setup.stderr
report	Preserve the measured evidence in a dedicated results branch	2026-10-07T00:47:48.1456270Z  create mode 100644 docs/evidence/v6/remote-matrix/uncensored-matrix-2/8192-python-dependency-api-2/setup.stdout
report	Preserve the measured evidence in a dedicated results branch	2026-10-07T00:47:48.1457040Z  create mode 100644 docs/evidence/v6/remote-matrix/uncensored-matrix-2/8192-python-dependency-api-2/turn.jsonl
report	Preserve the measured evidence in a dedicated results branch	2026-10-07T00:47:48.1457816Z  create mode 100644 docs/evidence/v6/remote-matrix/uncensored-matrix-2/8192-python-dependency-api-2/turn.stderr
report	Preserve the measured evidence in a dedicated results branch	2026-10-07T00:47:48.1458578Z  create mode 100644 docs/evidence/v6/remote-matrix/uncensored-matrix-2/8192-python-dependency-api-3/assertion.py
report	Preserve the measured evidence in a dedicated results branch	2026-10-07T00:47:48.1459374Z  create mode 100644 docs/evidence/v6/remote-matrix/uncensored-matrix-2/8192-python-dependency-api-3/context-views.json
report	Preserve the measured evidence in a dedicated results branch	2026-10-07T00:47:48.1460162Z  create mode 100644 docs/evidence/v6/remote-matrix/uncensored-matrix-2/8192-python-dependency-api-3/fixture.json
report	Preserve the measured evidence in a dedicated results branch	2026-10-07T00:47:48.1460963Z  create mode 100644 docs/evidence/v6/remote-matrix/uncensored-matrix-2/8192-python-dependency-api-3/independent/check.py
report	Preserve the measured evidence in a dedicated results branch	2026-10-07T00:47:48.1461761Z  create mode 100644 docs/evidence/v6/remote-matrix/uncensored-matrix-2/8192-python-dependency-api-3/report.json
report	Preserve the measured evidence in a dedicated results branch	2026-10-07T00:47:48.1462628Z  create mode 100644 docs/evidence/v6/remote-matrix/uncensored-matrix-2/8192-python-dependency-api-3/setup.stderr
report	Preserve the measured evidence in a dedicated results branch	2026-10-07T00:47:48.1463511Z  create mode 100644 docs/evidence/v6/remote-matrix/uncensored-matrix-2/8192-python-dependency-api-3/setup.stdout
report	Preserve the measured evidence in a dedicated results branch	2026-10-07T00:47:48.1464277Z  create mode 100644 docs/evidence/v6/remote-matrix/uncensored-matrix-2/8192-python-dependency-api-3/turn.jsonl
report	Preserve the measured evidence in a dedicated results branch	2026-10-07T00:47:48.1465037Z  create mode 100644 docs/evidence/v6/remote-matrix/uncensored-matrix-2/8192-python-dependency-api-3/turn.stderr
report	Preserve the measured evidence in a dedicated results branch	2026-10-07T00:47:48.1465814Z  create mode 100644 docs/evidence/v6/remote-matrix/uncensored-matrix-2/8192-python-dependency-api-4/assertion.py
report	Preserve the measured evidence in a dedicated results branch	2026-10-07T00:47:48.1466609Z  create mode 100644 docs/evidence/v6/remote-matrix/uncensored-matrix-2/8192-python-dependency-api-4/context-views.json
report	Preserve the measured evidence in a dedicated results branch	2026-10-07T00:47:48.1467484Z  create mode 100644 docs/evidence/v6/remote-matrix/uncensored-matrix-2/8192-python-dependency-api-4/fixture.json
report	Preserve the measured evidence in a dedicated results branch	2026-10-07T00:47:48.1468280Z  create mode 100644 docs/evidence/v6/remote-matrix/uncensored-matrix-2/8192-python-dependency-api-4/independent/check.py
report	Preserve the measured evidence in a dedicated results branch	2026-10-07T00:47:48.1469091Z  create mode 100644 docs/evidence/v6/remote-matrix/uncensored-matrix-2/8192-python-dependency-api-4/report.json
report	Preserve the measured evidence in a dedicated results branch	2026-10-07T00:47:48.1469860Z  create mode 100644 docs/evidence/v6/remote-matrix/uncensored-matrix-2/8192-python-dependency-api-4/setup.stderr
report	Preserve the measured evidence in a dedicated results branch	2026-10-07T00:47:48.1470639Z  create mode 100644 docs/evidence/v6/remote-matrix/uncensored-matrix-2/8192-python-dependency-api-4/setup.stdout
report	Preserve the measured evidence in a dedicated results branch	2026-10-07T00:47:48.1471408Z  create mode 100644 docs/evidence/v6/remote-matrix/uncensored-matrix-2/8192-python-dependency-api-4/turn.jsonl
report	Preserve the measured evidence in a dedicated results branch	2026-10-07T00:47:48.1472165Z  create mode 100644 docs/evidence/v6/remote-matrix/uncensored-matrix-2/8192-python-dependency-api-4/turn.stderr
report	Preserve the measured evidence in a dedicated results branch	2026-10-07T00:47:48.1473092Z  create mode 100644 docs/evidence/v6/remote-matrix/uncensored-matrix-2/8192-python-dependency-api-5/assertion.py
report	Preserve the measured evidence in a dedicated results branch	2026-10-07T00:47:48.1473885Z  create mode 100644 docs/evidence/v6/remote-matrix/uncensored-matrix-2/8192-python-dependency-api-5/context-views.json
report	Preserve the measured evidence in a dedicated results branch	2026-10-07T00:47:48.1474681Z  create mode 100644 docs/evidence/v6/remote-matrix/uncensored-matrix-2/8192-python-dependency-api-5/fixture.json
report	Preserve the measured evidence in a dedicated results branch	2026-10-07T00:47:48.1475504Z  create mode 100644 docs/evidence/v6/remote-matrix/uncensored-matrix-2/8192-python-dependency-api-5/independent/check.py
report	Preserve the measured evidence in a dedicated results branch	2026-10-07T00:47:48.1476399Z  create mode 100644 docs/evidence/v6/remote-matrix/uncensored-matrix-2/8192-python-dependency-api-5/report.json
report	Preserve the measured evidence in a dedicated results branch	2026-10-07T00:47:48.1477176Z  create mode 100644 docs/evidence/v6/remote-matrix/uncensored-matrix-2/8192-python-dependency-api-5/setup.stderr
report	Preserve the measured evidence in a dedicated results branch	2026-10-07T00:47:48.1477944Z  create mode 100644 docs/evidence/v6/remote-matrix/uncensored-matrix-2/8192-python-dependency-api-5/setup.stdout
report	Preserve the measured evidence in a dedicated results branch	2026-10-07T00:47:48.1478723Z  create mode 100644 docs/evidence/v6/remote-matrix/uncensored-matrix-2/8192-python-dependency-api-5/turn.jsonl
report	Preserve the measured evidence in a dedicated results branch	2026-10-07T00:47:48.1479479Z  create mode 100644 docs/evidence/v6/remote-matrix/uncensored-matrix-2/8192-python-dependency-api-5/turn.stderr
report	Preserve the measured evidence in a dedicated results branch	2026-10-07T00:47:48.1480245Z  create mode 100644 docs/evidence/v6/remote-matrix/uncensored-matrix-2/8192-python-transaction-1/assertion.py
report	Preserve the measured evidence in a dedicated results branch	2026-10-07T00:47:48.1481026Z  create mode 100644 docs/evidence/v6/remote-matrix/uncensored-matrix-2/8192-python-transaction-1/context-views.json
report	Preserve the measured evidence in a dedicated results branch	2026-10-07T00:47:48.1481797Z  create mode 100644 docs/evidence/v6/remote-matrix/uncensored-matrix-2/8192-python-transaction-1/fixture.json
report	Preserve the measured evidence in a dedicated results branch	2026-10-07T00:47:48.1482751Z  create mode 100644 docs/evidence/v6/remote-matrix/uncensored-matrix-2/8192-python-transaction-1/independent/check.py
report	Preserve the measured evidence in a dedicated results branch	2026-10-07T00:47:48.1483521Z  create mode 100644 docs/evidence/v6/remote-matrix/uncensored-matrix-2/8192-python-transaction-1/report.json
report	Preserve the measured evidence in a dedicated results branch	2026-10-07T00:47:48.1484262Z  create mode 100644 docs/evidence/v6/remote-matrix/uncensored-matrix-2/8192-python-transaction-1/setup.stderr
report	Preserve the measured evidence in a dedicated results branch	2026-10-07T00:47:48.1485013Z  create mode 100644 docs/evidence/v6/remote-matrix/uncensored-matrix-2/8192-python-transaction-1/setup.stdout
report	Preserve the measured evidence in a dedicated results branch	2026-10-07T00:47:48.1485762Z  create mode 100644 docs/evidence/v6/remote-matrix/uncensored-matrix-2/8192-python-transaction-1/turn.jsonl
report	Preserve the measured evidence in a dedicated results branch	2026-10-07T00:47:48.1486506Z  create mode 100644 docs/evidence/v6/remote-matrix/uncensored-matrix-2/8192-python-transaction-1/turn.stderr
report	Preserve the measured evidence in a dedicated results branch	2026-10-07T00:47:48.1487245Z  create mode 100644 docs/evidence/v6/remote-matrix/uncensored-matrix-2/8192-python-transaction-2/assertion.py
report	Preserve the measured evidence in a dedicated results branch	2026-10-07T00:47:48.1488024Z  create mode 100644 docs/evidence/v6/remote-matrix/uncensored-matrix-2/8192-python-transaction-2/context-views.json
report	Preserve the measured evidence in a dedicated results branch	2026-10-07T00:47:48.1488782Z  create mode 100644 docs/evidence/v6/remote-matrix/uncensored-matrix-2/8192-python-transaction-2/fixture.json
report	Preserve the measured evidence in a dedicated results branch	2026-10-07T00:47:48.1489550Z  create mode 100644 docs/evidence/v6/remote-matrix/uncensored-matrix-2/8192-python-transaction-2/independent/check.py
report	Preserve the measured evidence in a dedicated results branch	2026-10-07T00:47:48.1490395Z  create mode 100644 docs/evidence/v6/remote-matrix/uncensored-matrix-2/8192-python-transaction-2/report.json
report	Preserve the measured evidence in a dedicated results branch	2026-10-07T00:47:48.1491129Z  create mode 100644 docs/evidence/v6/remote-matrix/uncensored-matrix-2/8192-python-transaction-2/setup.stderr
report	Preserve the measured evidence in a dedicated results branch	2026-10-07T00:47:48.1491878Z  create mode 100644 docs/evidence/v6/remote-matrix/uncensored-matrix-2/8192-python-transaction-2/setup.stdout
report	Preserve the measured evidence in a dedicated results branch	2026-10-07T00:47:48.1492740Z  create mode 100644 docs/evidence/v6/remote-matrix/uncensored-matrix-2/8192-python-transaction-2/turn.jsonl
report	Preserve the measured evidence in a dedicated results branch	2026-10-07T00:47:48.1493489Z  create mode 100644 docs/evidence/v6/remote-matrix/uncensored-matrix-2/8192-python-transaction-2/turn.stderr
report	Preserve the measured evidence in a dedicated results branch	2026-10-07T00:47:48.1494243Z  create mode 100644 docs/evidence/v6/remote-matrix/uncensored-matrix-2/8192-python-transaction-3/assertion.py
report	Preserve the measured evidence in a dedicated results branch	2026-10-07T00:47:48.1495018Z  create mode 100644 docs/evidence/v6/remote-matrix/uncensored-matrix-2/8192-python-transaction-3/context-views.json
report	Preserve the measured evidence in a dedicated results branch	2026-10-07T00:47:48.1495793Z  create mode 100644 docs/evidence/v6/remote-matrix/uncensored-matrix-2/8192-python-transaction-3/fixture.json
report	Preserve the measured evidence in a dedicated results branch	2026-10-07T00:47:48.1496569Z  create mode 100644 docs/evidence/v6/remote-matrix/uncensored-matrix-2/8192-python-transaction-3/independent/check.py
report	Preserve the measured evidence in a dedicated results branch	2026-10-07T00:47:48.1497333Z  create mode 100644 docs/evidence/v6/remote-matrix/uncensored-matrix-2/8192-python-transaction-3/report.json
report	Preserve the measured evidence in a dedicated results branch	2026-10-07T00:47:48.1498105Z  create mode 100644 docs/evidence/v6/remote-matrix/uncensored-matrix-2/8192-python-transaction-3/setup.stderr
report	Preserve the measured evidence in a dedicated results branch	2026-10-07T00:47:48.1498928Z  create mode 100644 docs/evidence/v6/remote-matrix/uncensored-matrix-2/8192-python-transaction-3/setup.stdout
report	Preserve the measured evidence in a dedicated results branch	2026-10-07T00:47:48.1499667Z  create mode 100644 docs/evidence/v6/remote-matrix/uncensored-matrix-2/8192-python-transaction-3/turn.jsonl
report	Preserve the measured evidence in a dedicated results branch	2026-10-07T00:47:48.1500400Z  create mode 100644 docs/evidence/v6/remote-matrix/uncensored-matrix-2/8192-python-transaction-3/turn.stderr
report	Preserve the measured evidence in a dedicated results branch	2026-10-07T00:47:48.1501156Z  create mode 100644 docs/evidence/v6/remote-matrix/uncensored-matrix-2/8192-python-transaction-4/assertion.py
report	Preserve the measured evidence in a dedicated results branch	2026-10-07T00:47:48.1501923Z  create mode 100644 docs/evidence/v6/remote-matrix/uncensored-matrix-2/8192-python-transaction-4/context-views.json
report	Preserve the measured evidence in a dedicated results branch	2026-10-07T00:47:48.1502900Z  create mode 100644 docs/evidence/v6/remote-matrix/uncensored-matrix-2/8192-python-transaction-4/fixture.json
report	Preserve the measured evidence in a dedicated results branch	2026-10-07T00:47:48.1503679Z  create mode 100644 docs/evidence/v6/remote-matrix/uncensored-matrix-2/8192-python-transaction-4/independent/check.py
report	Preserve the measured evidence in a dedicated results branch	2026-10-07T00:47:48.1504440Z  create mode 100644 docs/evidence/v6/remote-matrix/uncensored-matrix-2/8192-python-transaction-4/report.json
report	Preserve the measured evidence in a dedicated results branch	2026-10-07T00:47:48.1505193Z  create mode 100644 docs/evidence/v6/remote-matrix/uncensored-matrix-2/8192-python-transaction-4/setup.stderr
report	Preserve the measured evidence in a dedicated results branch	2026-10-07T00:47:48.1505931Z  create mode 100644 docs/evidence/v6/remote-matrix/uncensored-matrix-2/8192-python-transaction-4/setup.stdout
report	Preserve the measured evidence in a dedicated results branch	2026-10-07T00:47:48.1506677Z  create mode 100644 docs/evidence/v6/remote-matrix/uncensored-matrix-2/8192-python-transaction-4/turn.jsonl
report	Preserve the measured evidence in a dedicated results branch	2026-10-07T00:47:48.1507422Z  create mode 100644 docs/evidence/v6/remote-matrix/uncensored-matrix-2/8192-python-transaction-4/turn.stderr
report	Preserve the measured evidence in a dedicated results branch	2026-10-07T00:47:48.1508162Z  create mode 100644 docs/evidence/v6/remote-matrix/uncensored-matrix-2/8192-python-transaction-5/assertion.py
report	Preserve the measured evidence in a dedicated results branch	2026-10-07T00:47:48.1508927Z  create mode 100644 docs/evidence/v6/remote-matrix/uncensored-matrix-2/8192-python-transaction-5/context-views.json
report	Preserve the measured evidence in a dedicated results branch	2026-10-07T00:47:48.1509682Z  create mode 100644 docs/evidence/v6/remote-matrix/uncensored-matrix-2/8192-python-transaction-5/fixture.json
report	Preserve the measured evidence in a dedicated results branch	2026-10-07T00:47:48.1510472Z  create mode 100644 docs/evidence/v6/remote-matrix/uncensored-matrix-2/8192-python-transaction-5/independent/check.py
report	Preserve the measured evidence in a dedicated results branch	2026-10-07T00:47:48.1511243Z  create mode 100644 docs/evidence/v6/remote-matrix/uncensored-matrix-2/8192-python-transaction-5/report.json
report	Preserve the measured evidence in a dedicated results branch	2026-10-07T00:47:48.1511986Z  create mode 100644 docs/evidence/v6/remote-matrix/uncensored-matrix-2/8192-python-transaction-5/setup.stderr
report	Preserve the measured evidence in a dedicated results branch	2026-10-07T00:47:48.1513072Z  create mode 100644 docs/evidence/v6/remote-matrix/uncensored-matrix-2/8192-python-transaction-5/setup.stdout
report	Preserve the measured evidence in a dedicated results branch	2026-10-07T00:47:48.1513820Z  create mode 100644 docs/evidence/v6/remote-matrix/uncensored-matrix-2/8192-python-transaction-5/turn.jsonl
report	Preserve the measured evidence in a dedicated results branch	2026-10-07T00:47:48.1514563Z  create mode 100644 docs/evidence/v6/remote-matrix/uncensored-matrix-2/8192-python-transaction-5/turn.stderr
report	Preserve the measured evidence in a dedicated results branch	2026-10-07T00:47:48.1515298Z  create mode 100644 docs/evidence/v6/remote-matrix/uncensored-matrix-2/8192-rust-feature-1/assertion.py
report	Preserve the measured evidence in a dedicated results branch	2026-10-07T00:47:48.1516014Z  create mode 100644 docs/evidence/v6/remote-matrix/uncensored-matrix-2/8192-rust-feature-1/fixture.json
report	Preserve the measured evidence in a dedicated results branch	2026-10-07T00:47:48.1516765Z  create mode 100644 docs/evidence/v6/remote-matrix/uncensored-matrix-2/8192-rust-feature-1/independent/Cargo.lock
report	Preserve the measured evidence in a dedicated results branch	2026-10-07T00:47:48.1517534Z  create mode 100644 docs/evidence/v6/remote-matrix/uncensored-matrix-2/8192-rust-feature-1/independent/Cargo.toml
report	Preserve the measured evidence in a dedicated results branch	2026-10-07T00:47:48.1518314Z  create mode 100644 docs/evidence/v6/remote-matrix/uncensored-matrix-2/8192-rust-feature-1/independent/src/lib.rs
report	Preserve the measured evidence in a dedicated results branch	2026-10-07T00:47:48.1519121Z  create mode 100644 docs/evidence/v6/remote-matrix/uncensored-matrix-2/8192-rust-feature-1/independent/target/CACHEDIR.TAG
report	Preserve the measured evidence in a dedicated results branch	2026-10-07T00:47:48.1520195Z  create mode 100644 docs/evidence/v6/remote-matrix/uncensored-matrix-2/8192-rust-feature-1/independent/target/debug/deps/fixture_stats-128423ece8991bbb.d
report	Preserve the measured evidence in a dedicated results branch	2026-10-07T00:47:48.1521353Z  create mode 100644 docs/evidence/v6/remote-matrix/uncensored-matrix-2/8192-rust-feature-1/independent/target/debug/deps/independent_oracle-42e7091694b74be9.d
report	Preserve the measured evidence in a dedicated results branch	2026-10-07T00:47:48.1522668Z  create mode 100644 docs/evidence/v6/remote-matrix/uncensored-matrix-2/8192-rust-feature-1/report.json
report	Preserve the measured evidence in a dedicated results branch	2026-10-07T00:47:48.1523563Z  create mode 100644 docs/evidence/v6/remote-matrix/uncensored-matrix-2/8192-rust-feature-1/setup.stderr
report	Preserve the measured evidence in a dedicated results branch	2026-10-07T00:47:48.1524341Z  create mode 100644 docs/evidence/v6/remote-matrix/uncensored-matrix-2/8192-rust-feature-1/setup.stdout
report	Preserve the measured evidence in a dedicated results branch	2026-10-07T00:47:48.1525113Z  create mode 100644 docs/evidence/v6/remote-matrix/uncensored-matrix-2/8192-rust-feature-1/turn.jsonl
report	Preserve the measured evidence in a dedicated results branch	2026-10-07T00:47:48.1525963Z  create mode 100644 docs/evidence/v6/remote-matrix/uncensored-matrix-2/8192-rust-feature-1/turn.stderr
report	Preserve the measured evidence in a dedicated results branch	2026-10-07T00:47:48.1526758Z  create mode 100644 docs/evidence/v6/remote-matrix/uncensored-matrix-2/campaign.log
report	Preserve the measured evidence in a dedicated results branch	2026-10-07T00:47:48.1527473Z  create mode 100644 docs/evidence/v6/remote-matrix/uncensored-matrix-2/configuration.json
report	Preserve the measured evidence in a dedicated results branch	2026-10-07T00:47:48.1528166Z  create mode 100644 docs/evidence/v6/remote-matrix/uncensored-matrix-2/summary.json
report	Preserve the measured evidence in a dedicated results branch	2026-10-07T00:47:48.1528832Z  create mode 100644 docs/evidence/v6/remote-matrix/uncensored-matrix-3/8192-javascript-config-1/assertion.py
report	Preserve the measured evidence in a dedicated results branch	2026-10-07T00:47:48.1529595Z  create mode 100644 docs/evidence/v6/remote-matrix/uncensored-matrix-3/8192-javascript-config-1/context-views.json
report	Preserve the measured evidence in a dedicated results branch	2026-10-07T00:47:48.1530356Z  create mode 100644 docs/evidence/v6/remote-matrix/uncensored-matrix-3/8192-javascript-config-1/fixture.json
report	Preserve the measured evidence in a dedicated results branch	2026-10-07T00:47:48.1531134Z  create mode 100644 docs/evidence/v6/remote-matrix/uncensored-matrix-3/8192-javascript-config-1/independent/check.mjs
report	Preserve the measured evidence in a dedicated results branch	2026-10-07T00:47:48.1531887Z  create mode 100644 docs/evidence/v6/remote-matrix/uncensored-matrix-3/8192-javascript-config-1/report.json
report	Preserve the measured evidence in a dedicated results branch	2026-10-07T00:47:48.1532728Z  create mode 100644 docs/evidence/v6/remote-matrix/uncensored-matrix-3/8192-javascript-config-1/setup.stderr
report	Preserve the measured evidence in a dedicated results branch	2026-10-07T00:47:48.1533465Z  create mode 100644 docs/evidence/v6/remote-matrix/uncensored-matrix-3/8192-javascript-config-1/setup.stdout
report	Preserve the measured evidence in a dedicated results branch	2026-10-07T00:47:48.1534215Z  create mode 100644 docs/evidence/v6/remote-matrix/uncensored-matrix-3/8192-javascript-config-1/turn.jsonl
report	Preserve the measured evidence in a dedicated results branch	2026-10-07T00:47:48.1534946Z  create mode 100644 docs/evidence/v6/remote-matrix/uncensored-matrix-3/8192-javascript-config-1/turn.stderr
report	Preserve the measured evidence in a dedicated results branch	2026-10-07T00:47:48.1535677Z  create mode 100644 docs/evidence/v6/remote-matrix/uncensored-matrix-3/8192-javascript-config-2/assertion.py
report	Preserve the measured evidence in a dedicated results branch	2026-10-07T00:47:48.1536538Z  create mode 100644 docs/evidence/v6/remote-matrix/uncensored-matrix-3/8192-javascript-config-2/context-views.json
report	Preserve the measured evidence in a dedicated results branch	2026-10-07T00:47:48.1537292Z  create mode 100644 docs/evidence/v6/remote-matrix/uncensored-matrix-3/8192-javascript-config-2/fixture.json
report	Preserve the measured evidence in a dedicated results branch	2026-10-07T00:47:48.1538073Z  create mode 100644 docs/evidence/v6/remote-matrix/uncensored-matrix-3/8192-javascript-config-2/independent/check.mjs
report	Preserve the measured evidence in a dedicated results branch	2026-10-07T00:47:48.1538832Z  create mode 100644 docs/evidence/v6/remote-matrix/uncensored-matrix-3/8192-javascript-config-2/report.json
report	Preserve the measured evidence in a dedicated results branch	2026-10-07T00:47:48.1539567Z  create mode 100644 docs/evidence/v6/remote-matrix/uncensored-matrix-3/8192-javascript-config-2/setup.stderr
report	Preserve the measured evidence in a dedicated results branch	2026-10-07T00:47:48.1540310Z  create mode 100644 docs/evidence/v6/remote-matrix/uncensored-matrix-3/8192-javascript-config-2/setup.stdout
report	Preserve the measured evidence in a dedicated results branch	2026-10-07T00:47:48.1541033Z  create mode 100644 docs/evidence/v6/remote-matrix/uncensored-matrix-3/8192-javascript-config-2/turn.jsonl
report	Preserve the measured evidence in a dedicated results branch	2026-10-07T00:47:48.1541762Z  create mode 100644 docs/evidence/v6/remote-matrix/uncensored-matrix-3/8192-javascript-config-2/turn.stderr
report	Preserve the measured evidence in a dedicated results branch	2026-10-07T00:47:48.1542558Z  create mode 100644 docs/evidence/v6/remote-matrix/uncensored-matrix-3/8192-javascript-config-3/assertion.py
report	Preserve the measured evidence in a dedicated results branch	2026-10-07T00:47:48.1543321Z  create mode 100644 docs/evidence/v6/remote-matrix/uncensored-matrix-3/8192-javascript-config-3/context-views.json
report	Preserve the measured evidence in a dedicated results branch	2026-10-07T00:47:48.1544100Z  create mode 100644 docs/evidence/v6/remote-matrix/uncensored-matrix-3/8192-javascript-config-3/fixture.json
report	Preserve the measured evidence in a dedicated results branch	2026-10-07T00:47:48.1544867Z  create mode 100644 docs/evidence/v6/remote-matrix/uncensored-matrix-3/8192-javascript-config-3/independent/check.mjs
report	Preserve the measured evidence in a dedicated results branch	2026-10-07T00:47:48.1545706Z  create mode 100644 docs/evidence/v6/remote-matrix/uncensored-matrix-3/8192-javascript-config-3/report.json
report	Preserve the measured evidence in a dedicated results branch	2026-10-07T00:47:48.1546432Z  create mode 100644 docs/evidence/v6/remote-matrix/uncensored-matrix-3/8192-javascript-config-3/setup.stderr
report	Preserve the measured evidence in a dedicated results branch	2026-10-07T00:47:48.1547167Z  create mode 100644 docs/evidence/v6/remote-matrix/uncensored-matrix-3/8192-javascript-config-3/setup.stdout
report	Preserve the measured evidence in a dedicated results branch	2026-10-07T00:47:48.1547889Z  create mode 100644 docs/evidence/v6/remote-matrix/uncensored-matrix-3/8192-javascript-config-3/turn.jsonl
report	Preserve the measured evidence in a dedicated results branch	2026-10-07T00:47:48.1548618Z  create mode 100644 docs/evidence/v6/remote-matrix/uncensored-matrix-3/8192-javascript-config-3/turn.stderr
report	Preserve the measured evidence in a dedicated results branch	2026-10-07T00:47:48.1549364Z  create mode 100644 docs/evidence/v6/remote-matrix/uncensored-matrix-3/8192-javascript-config-4/assertion.py
report	Preserve the measured evidence in a dedicated results branch	2026-10-07T00:47:48.1550116Z  create mode 100644 docs/evidence/v6/remote-matrix/uncensored-matrix-3/8192-javascript-config-4/context-views.json
report	Preserve the measured evidence in a dedicated results branch	2026-10-07T00:47:48.1550873Z  create mode 100644 docs/evidence/v6/remote-matrix/uncensored-matrix-3/8192-javascript-config-4/fixture.json
report	Preserve the measured evidence in a dedicated results branch	2026-10-07T00:47:48.1551633Z  create mode 100644 docs/evidence/v6/remote-matrix/uncensored-matrix-3/8192-javascript-config-4/independent/check.mjs
report	Preserve the measured evidence in a dedicated results branch	2026-10-07T00:47:48.1552389Z  create mode 100644 docs/evidence/v6/remote-matrix/uncensored-matrix-3/8192-javascript-config-4/report.json
report	Preserve the measured evidence in a dedicated results branch	2026-10-07T00:47:48.1553195Z  create mode 100644 docs/evidence/v6/remote-matrix/uncensored-matrix-3/8192-javascript-config-4/setup.stderr
report	Preserve the measured evidence in a dedicated results branch	2026-10-07T00:47:48.1553925Z  create mode 100644 docs/evidence/v6/remote-matrix/uncensored-matrix-3/8192-javascript-config-4/setup.stdout
report	Preserve the measured evidence in a dedicated results branch	2026-10-07T00:47:48.1554662Z  create mode 100644 docs/evidence/v6/remote-matrix/uncensored-matrix-3/8192-javascript-config-4/turn.jsonl
report	Preserve the measured evidence in a dedicated results branch	2026-10-07T00:47:48.1555378Z  create mode 100644 docs/evidence/v6/remote-matrix/uncensored-matrix-3/8192-javascript-config-4/turn.stderr
report	Preserve the measured evidence in a dedicated results branch	2026-10-07T00:47:48.1556119Z  create mode 100644 docs/evidence/v6/remote-matrix/uncensored-matrix-3/8192-javascript-config-5/assertion.py
report	Preserve the measured evidence in a dedicated results branch	2026-10-07T00:47:48.1556878Z  create mode 100644 docs/evidence/v6/remote-matrix/uncensored-matrix-3/8192-javascript-config-5/context-views.json
report	Preserve the measured evidence in a dedicated results branch	2026-10-07T00:47:48.1557643Z  create mode 100644 docs/evidence/v6/remote-matrix/uncensored-matrix-3/8192-javascript-config-5/fixture.json
report	Preserve the measured evidence in a dedicated results branch	2026-10-07T00:47:48.1558419Z  create mode 100644 docs/evidence/v6/remote-matrix/uncensored-matrix-3/8192-javascript-config-5/independent/check.mjs
report	Preserve the measured evidence in a dedicated results branch	2026-10-07T00:47:48.1559248Z  create mode 100644 docs/evidence/v6/remote-matrix/uncensored-matrix-3/8192-javascript-config-5/report.json
report	Preserve the measured evidence in a dedicated results branch	2026-10-07T00:47:48.1559984Z  create mode 100644 docs/evidence/v6/remote-matrix/uncensored-matrix-3/8192-javascript-config-5/setup.stderr
report	Preserve the measured evidence in a dedicated results branch	2026-10-07T00:47:48.1560719Z  create mode 100644 docs/evidence/v6/remote-matrix/uncensored-matrix-3/8192-javascript-config-5/setup.stdout
report	Preserve the measured evidence in a dedicated results branch	2026-10-07T00:47:48.1561452Z  create mode 100644 docs/evidence/v6/remote-matrix/uncensored-matrix-3/8192-javascript-config-5/turn.jsonl
report	Preserve the measured evidence in a dedicated results branch	2026-10-07T00:47:48.1562191Z  create mode 100644 docs/evidence/v6/remote-matrix/uncensored-matrix-3/8192-javascript-config-5/turn.stderr
report	Preserve the measured evidence in a dedicated results branch	2026-10-07T00:47:48.1562983Z  create mode 100644 docs/evidence/v6/remote-matrix/uncensored-matrix-3/8192-python-pagination-1/assertion.py
report	Preserve the measured evidence in a dedicated results branch	2026-10-07T00:47:48.1563758Z  create mode 100644 docs/evidence/v6/remote-matrix/uncensored-matrix-3/8192-python-pagination-1/context-views.json
report	Preserve the measured evidence in a dedicated results branch	2026-10-07T00:47:48.1564523Z  create mode 100644 docs/evidence/v6/remote-matrix/uncensored-matrix-3/8192-python-pagination-1/fixture.json
report	Preserve the measured evidence in a dedicated results branch	2026-10-07T00:47:48.1565296Z  create mode 100644 docs/evidence/v6/remote-matrix/uncensored-matrix-3/8192-python-pagination-1/independent/check.py
report	Preserve the measured evidence in a dedicated results branch	2026-10-07T00:47:48.1566071Z  create mode 100644 docs/evidence/v6/remote-matrix/uncensored-matrix-3/8192-python-pagination-1/report.json
report	Preserve the measured evidence in a dedicated results branch	2026-10-07T00:47:48.1566808Z  create mode 100644 docs/evidence/v6/remote-matrix/uncensored-matrix-3/8192-python-pagination-1/setup.stderr
report	Preserve the measured evidence in a dedicated results branch	2026-10-07T00:47:48.1567608Z  create mode 100644 docs/evidence/v6/remote-matrix/uncensored-matrix-3/8192-python-pagination-1/setup.stdout
report	Preserve the measured evidence in a dedicated results branch	2026-10-07T00:47:48.1568336Z  create mode 100644 docs/evidence/v6/remote-matrix/uncensored-matrix-3/8192-python-pagination-1/turn.jsonl
report	Preserve the measured evidence in a dedicated results branch	2026-10-07T00:47:48.1569068Z  create mode 100644 docs/evidence/v6/remote-matrix/uncensored-matrix-3/8192-python-pagination-1/turn.stderr
report	Preserve the measured evidence in a dedicated results branch	2026-10-07T00:47:48.1569799Z  create mode 100644 docs/evidence/v6/remote-matrix/uncensored-matrix-3/8192-python-pagination-2/assertion.py
report	Preserve the measured evidence in a dedicated results branch	2026-10-07T00:47:48.1570560Z  create mode 100644 docs/evidence/v6/remote-matrix/uncensored-matrix-3/8192-python-pagination-2/context-views.json
report	Preserve the measured evidence in a dedicated results branch	2026-10-07T00:47:48.1571329Z  create mode 100644 docs/evidence/v6/remote-matrix/uncensored-matrix-3/8192-python-pagination-2/fixture.json
report	Preserve the measured evidence in a dedicated results branch	2026-10-07T00:47:48.1572100Z  create mode 100644 docs/evidence/v6/remote-matrix/uncensored-matrix-3/8192-python-pagination-2/independent/check.py
report	Preserve the measured evidence in a dedicated results branch	2026-10-07T00:47:48.1572919Z  create mode 100644 docs/evidence/v6/remote-matrix/uncensored-matrix-3/8192-python-pagination-2/report.json
report	Preserve the measured evidence in a dedicated results branch	2026-10-07T00:47:48.1573657Z  create mode 100644 docs/evidence/v6/remote-matrix/uncensored-matrix-3/8192-python-pagination-2/setup.stderr
report	Preserve the measured evidence in a dedicated results branch	2026-10-07T00:47:48.1574394Z  create mode 100644 docs/evidence/v6/remote-matrix/uncensored-matrix-3/8192-python-pagination-2/setup.stdout
report	Preserve the measured evidence in a dedicated results branch	2026-10-07T00:47:48.1575133Z  create mode 100644 docs/evidence/v6/remote-matrix/uncensored-matrix-3/8192-python-pagination-2/turn.jsonl
report	Preserve the measured evidence in a dedicated results branch	2026-10-07T00:47:48.1575870Z  create mode 100644 docs/evidence/v6/remote-matrix/uncensored-matrix-3/8192-python-pagination-2/turn.stderr
report	Preserve the measured evidence in a dedicated results branch	2026-10-07T00:47:48.1576617Z  create mode 100644 docs/evidence/v6/remote-matrix/uncensored-matrix-3/8192-python-pagination-3/assertion.py
report	Preserve the measured evidence in a dedicated results branch	2026-10-07T00:47:48.1577374Z  create mode 100644 docs/evidence/v6/remote-matrix/uncensored-matrix-3/8192-python-pagination-3/context-views.json
report	Preserve the measured evidence in a dedicated results branch	2026-10-07T00:47:48.1578128Z  create mode 100644 docs/evidence/v6/remote-matrix/uncensored-matrix-3/8192-python-pagination-3/fixture.json
report	Preserve the measured evidence in a dedicated results branch	2026-10-07T00:47:48.1578918Z  create mode 100644 docs/evidence/v6/remote-matrix/uncensored-matrix-3/8192-python-pagination-3/independent/check.py
report	Preserve the measured evidence in a dedicated results branch	2026-10-07T00:47:48.1579679Z  create mode 100644 docs/evidence/v6/remote-matrix/uncensored-matrix-3/8192-python-pagination-3/report.json
report	Preserve the measured evidence in a dedicated results branch	2026-10-07T00:47:48.1580421Z  create mode 100644 docs/evidence/v6/remote-matrix/uncensored-matrix-3/8192-python-pagination-3/setup.stderr
report	Preserve the measured evidence in a dedicated results branch	2026-10-07T00:47:48.1581223Z  create mode 100644 docs/evidence/v6/remote-matrix/uncensored-matrix-3/8192-python-pagination-3/setup.stdout
report	Preserve the measured evidence in a dedicated results branch	2026-10-07T00:47:48.1581957Z  create mode 100644 docs/evidence/v6/remote-matrix/uncensored-matrix-3/8192-python-pagination-3/turn.jsonl
report	Preserve the measured evidence in a dedicated results branch	2026-10-07T00:47:48.1582754Z  create mode 100644 docs/evidence/v6/remote-matrix/uncensored-matrix-3/8192-python-pagination-3/turn.stderr
report	Preserve the measured evidence in a dedicated results branch	2026-10-07T00:47:48.1583508Z  create mode 100644 docs/evidence/v6/remote-matrix/uncensored-matrix-3/8192-python-pagination-4/assertion.py
report	Preserve the measured evidence in a dedicated results branch	2026-10-07T00:47:48.1584282Z  create mode 100644 docs/evidence/v6/remote-matrix/uncensored-matrix-3/8192-python-pagination-4/context-views.json
report	Preserve the measured evidence in a dedicated results branch	2026-10-07T00:47:48.1585040Z  create mode 100644 docs/evidence/v6/remote-matrix/uncensored-matrix-3/8192-python-pagination-4/fixture.json
report	Preserve the measured evidence in a dedicated results branch	2026-10-07T00:47:48.1585814Z  create mode 100644 docs/evidence/v6/remote-matrix/uncensored-matrix-3/8192-python-pagination-4/independent/check.py
report	Preserve the measured evidence in a dedicated results branch	2026-10-07T00:47:48.1586581Z  create mode 100644 docs/evidence/v6/remote-matrix/uncensored-matrix-3/8192-python-pagination-4/report.json
report	Preserve the measured evidence in a dedicated results branch	2026-10-07T00:47:48.1587325Z  create mode 100644 docs/evidence/v6/remote-matrix/uncensored-matrix-3/8192-python-pagination-4/setup.stderr
report	Preserve the measured evidence in a dedicated results branch	2026-10-07T00:47:48.1588076Z  create mode 100644 docs/evidence/v6/remote-matrix/uncensored-matrix-3/8192-python-pagination-4/setup.stdout
report	Preserve the measured evidence in a dedicated results branch	2026-10-07T00:47:48.1588806Z  create mode 100644 docs/evidence/v6/remote-matrix/uncensored-matrix-3/8192-python-pagination-4/turn.jsonl
report	Preserve the measured evidence in a dedicated results branch	2026-10-07T00:47:48.1589537Z  create mode 100644 docs/evidence/v6/remote-matrix/uncensored-matrix-3/8192-python-pagination-4/turn.stderr
report	Preserve the measured evidence in a dedicated results branch	2026-10-07T00:47:48.1590331Z  create mode 100644 docs/evidence/v6/remote-matrix/uncensored-matrix-3/8192-python-pagination-5/assertion.py
report	Preserve the measured evidence in a dedicated results branch	2026-10-07T00:47:48.1591095Z  create mode 100644 docs/evidence/v6/remote-matrix/uncensored-matrix-3/8192-python-pagination-5/context-views.json
report	Preserve the measured evidence in a dedicated results branch	2026-10-07T00:47:48.1591852Z  create mode 100644 docs/evidence/v6/remote-matrix/uncensored-matrix-3/8192-python-pagination-5/fixture.json
report	Preserve the measured evidence in a dedicated results branch	2026-10-07T00:47:48.1592684Z  create mode 100644 docs/evidence/v6/remote-matrix/uncensored-matrix-3/8192-python-pagination-5/independent/check.py
report	Preserve the measured evidence in a dedicated results branch	2026-10-07T00:47:48.1593453Z  create mode 100644 docs/evidence/v6/remote-matrix/uncensored-matrix-3/8192-python-pagination-5/report.json
report	Preserve the measured evidence in a dedicated results branch	2026-10-07T00:47:48.1594189Z  create mode 100644 docs/evidence/v6/remote-matrix/uncensored-matrix-3/8192-python-pagination-5/setup.stderr
report	Preserve the measured evidence in a dedicated results branch	2026-10-07T00:47:48.1594929Z  create mode 100644 docs/evidence/v6/remote-matrix/uncensored-matrix-3/8192-python-pagination-5/setup.stdout
report	Preserve the measured evidence in a dedicated results branch	2026-10-07T00:47:48.1595657Z  create mode 100644 docs/evidence/v6/remote-matrix/uncensored-matrix-3/8192-python-pagination-5/turn.jsonl
report	Preserve the measured evidence in a dedicated results branch	2026-10-07T00:47:48.1596383Z  create mode 100644 docs/evidence/v6/remote-matrix/uncensored-matrix-3/8192-python-pagination-5/turn.stderr
report	Preserve the measured evidence in a dedicated results branch	2026-10-07T00:47:48.1597145Z  create mode 100644 docs/evidence/v6/remote-matrix/uncensored-matrix-3/8192-python-service-config-1/assertion.py
report	Preserve the measured evidence in a dedicated results branch	2026-10-07T00:47:48.1597971Z  create mode 100644 docs/evidence/v6/remote-matrix/uncensored-matrix-3/8192-python-service-config-1/context-views.json
report	Preserve the measured evidence in a dedicated results branch	2026-10-07T00:47:48.1598763Z  create mode 100644 docs/evidence/v6/remote-matrix/uncensored-matrix-3/8192-python-service-config-1/fixture.json
report	Preserve the measured evidence in a dedicated results branch	2026-10-07T00:47:48.1599557Z  create mode 100644 docs/evidence/v6/remote-matrix/uncensored-matrix-3/8192-python-service-config-1/independent/check.py
report	Preserve the measured evidence in a dedicated results branch	2026-10-07T00:47:48.1600352Z  create mode 100644 docs/evidence/v6/remote-matrix/uncensored-matrix-3/8192-python-service-config-1/report.json
report	Preserve the measured evidence in a dedicated results branch	2026-10-07T00:47:48.1601131Z  create mode 100644 docs/evidence/v6/remote-matrix/uncensored-matrix-3/8192-python-service-config-1/setup.stderr
report	Preserve the measured evidence in a dedicated results branch	2026-10-07T00:47:48.1601897Z  create mode 100644 docs/evidence/v6/remote-matrix/uncensored-matrix-3/8192-python-service-config-1/setup.stdout
report	Preserve the measured evidence in a dedicated results branch	2026-10-07T00:47:48.1602722Z  create mode 100644 docs/evidence/v6/remote-matrix/uncensored-matrix-3/8192-python-service-config-1/turn.jsonl
report	Preserve the measured evidence in a dedicated results branch	2026-10-07T00:47:48.1603581Z  create mode 100644 docs/evidence/v6/remote-matrix/uncensored-matrix-3/8192-python-service-config-1/turn.stderr
report	Preserve the measured evidence in a dedicated results branch	2026-10-07T00:47:48.1604349Z  create mode 100644 docs/evidence/v6/remote-matrix/uncensored-matrix-3/8192-python-service-config-2/assertion.py
report	Preserve the measured evidence in a dedicated results branch	2026-10-07T00:47:48.1605138Z  create mode 100644 docs/evidence/v6/remote-matrix/uncensored-matrix-3/8192-python-service-config-2/context-views.json
report	Preserve the measured evidence in a dedicated results branch	2026-10-07T00:47:48.1605928Z  create mode 100644 docs/evidence/v6/remote-matrix/uncensored-matrix-3/8192-python-service-config-2/fixture.json
report	Preserve the measured evidence in a dedicated results branch	2026-10-07T00:47:48.1606729Z  create mode 100644 docs/evidence/v6/remote-matrix/uncensored-matrix-3/8192-python-service-config-2/independent/check.py
report	Preserve the measured evidence in a dedicated results branch	2026-10-07T00:47:48.1607523Z  create mode 100644 docs/evidence/v6/remote-matrix/uncensored-matrix-3/8192-python-service-config-2/report.json
report	Preserve the measured evidence in a dedicated results branch	2026-10-07T00:47:48.1608298Z  create mode 100644 docs/evidence/v6/remote-matrix/uncensored-matrix-3/8192-python-service-config-2/setup.stderr
report	Preserve the measured evidence in a dedicated results branch	2026-10-07T00:47:48.1609062Z  create mode 100644 docs/evidence/v6/remote-matrix/uncensored-matrix-3/8192-python-service-config-2/setup.stdout
report	Preserve the measured evidence in a dedicated results branch	2026-10-07T00:47:48.1609820Z  create mode 100644 docs/evidence/v6/remote-matrix/uncensored-matrix-3/8192-python-service-config-2/turn.jsonl
report	Preserve the measured evidence in a dedicated results branch	2026-10-07T00:47:48.1610585Z  create mode 100644 docs/evidence/v6/remote-matrix/uncensored-matrix-3/8192-python-service-config-2/turn.stderr
report	Preserve the measured evidence in a dedicated results branch	2026-10-07T00:47:48.1611382Z  create mode 100644 docs/evidence/v6/remote-matrix/uncensored-matrix-3/8192-python-service-config-3/assertion.py
report	Preserve the measured evidence in a dedicated results branch	2026-10-07T00:47:48.1612184Z  create mode 100644 docs/evidence/v6/remote-matrix/uncensored-matrix-3/8192-python-service-config-3/context-views.json
report	Preserve the measured evidence in a dedicated results branch	2026-10-07T00:47:48.1613099Z  create mode 100644 docs/evidence/v6/remote-matrix/uncensored-matrix-3/8192-python-service-config-3/fixture.json
report	Preserve the measured evidence in a dedicated results branch	2026-10-07T00:47:48.1613901Z  create mode 100644 docs/evidence/v6/remote-matrix/uncensored-matrix-3/8192-python-service-config-3/independent/check.py
report	Preserve the measured evidence in a dedicated results branch	2026-10-07T00:47:48.1614696Z  create mode 100644 docs/evidence/v6/remote-matrix/uncensored-matrix-3/8192-python-service-config-3/report.json
report	Preserve the measured evidence in a dedicated results branch	2026-10-07T00:47:48.1615456Z  create mode 100644 docs/evidence/v6/remote-matrix/uncensored-matrix-3/8192-python-service-config-3/setup.stderr
report	Preserve the measured evidence in a dedicated results branch	2026-10-07T00:47:48.1616232Z  create mode 100644 docs/evidence/v6/remote-matrix/uncensored-matrix-3/8192-python-service-config-3/setup.stdout
report	Preserve the measured evidence in a dedicated results branch	2026-10-07T00:47:48.1616992Z  create mode 100644 docs/evidence/v6/remote-matrix/uncensored-matrix-3/8192-python-service-config-3/turn.jsonl
report	Preserve the measured evidence in a dedicated results branch	2026-10-07T00:47:48.1617754Z  create mode 100644 docs/evidence/v6/remote-matrix/uncensored-matrix-3/8192-python-service-config-3/turn.stderr
report	Preserve the measured evidence in a dedicated results branch	2026-10-07T00:47:48.1618521Z  create mode 100644 docs/evidence/v6/remote-matrix/uncensored-matrix-3/8192-python-service-config-4/assertion.py
report	Preserve the measured evidence in a dedicated results branch	2026-10-07T00:47:48.1619303Z  create mode 100644 docs/evidence/v6/remote-matrix/uncensored-matrix-3/8192-python-service-config-4/context-views.json
report	Preserve the measured evidence in a dedicated results branch	2026-10-07T00:47:48.1620111Z  create mode 100644 docs/evidence/v6/remote-matrix/uncensored-matrix-3/8192-python-service-config-4/fixture.json
report	Preserve the measured evidence in a dedicated results branch	2026-10-07T00:47:48.1620909Z  create mode 100644 docs/evidence/v6/remote-matrix/uncensored-matrix-3/8192-python-service-config-4/independent/check.py
report	Preserve the measured evidence in a dedicated results branch	2026-10-07T00:47:48.1621701Z  create mode 100644 docs/evidence/v6/remote-matrix/uncensored-matrix-3/8192-python-service-config-4/report.json
report	Preserve the measured evidence in a dedicated results branch	2026-10-07T00:47:48.1622471Z  create mode 100644 docs/evidence/v6/remote-matrix/uncensored-matrix-3/8192-python-service-config-4/setup.stderr
report	Preserve the measured evidence in a dedicated results branch	2026-10-07T00:47:48.1623305Z  create mode 100644 docs/evidence/v6/remote-matrix/uncensored-matrix-3/8192-python-service-config-4/setup.stdout
report	Preserve the measured evidence in a dedicated results branch	2026-10-07T00:47:48.1624068Z  create mode 100644 docs/evidence/v6/remote-matrix/uncensored-matrix-3/8192-python-service-config-4/turn.jsonl
report	Preserve the measured evidence in a dedicated results branch	2026-10-07T00:47:48.1624822Z  create mode 100644 docs/evidence/v6/remote-matrix/uncensored-matrix-3/8192-python-service-config-4/turn.stderr
report	Preserve the measured evidence in a dedicated results branch	2026-10-07T00:47:48.1625600Z  create mode 100644 docs/evidence/v6/remote-matrix/uncensored-matrix-3/8192-python-service-config-5/assertion.py
report	Preserve the measured evidence in a dedicated results branch	2026-10-07T00:47:48.1626466Z  create mode 100644 docs/evidence/v6/remote-matrix/uncensored-matrix-3/8192-python-service-config-5/context-views.json
report	Preserve the measured evidence in a dedicated results branch	2026-10-07T00:47:48.1627262Z  create mode 100644 docs/evidence/v6/remote-matrix/uncensored-matrix-3/8192-python-service-config-5/fixture.json
report	Preserve the measured evidence in a dedicated results branch	2026-10-07T00:47:48.1628057Z  create mode 100644 docs/evidence/v6/remote-matrix/uncensored-matrix-3/8192-python-service-config-5/independent/check.py
report	Preserve the measured evidence in a dedicated results branch	2026-10-07T00:47:48.1628848Z  create mode 100644 docs/evidence/v6/remote-matrix/uncensored-matrix-3/8192-python-service-config-5/report.json
report	Preserve the measured evidence in a dedicated results branch	2026-10-07T00:47:48.1629624Z  create mode 100644 docs/evidence/v6/remote-matrix/uncensored-matrix-3/8192-python-service-config-5/setup.stderr
report	Preserve the measured evidence in a dedicated results branch	2026-10-07T00:47:48.1630405Z  create mode 100644 docs/evidence/v6/remote-matrix/uncensored-matrix-3/8192-python-service-config-5/setup.stdout
report	Preserve the measured evidence in a dedicated results branch	2026-10-07T00:47:48.1631178Z  create mode 100644 docs/evidence/v6/remote-matrix/uncensored-matrix-3/8192-python-service-config-5/turn.jsonl
report	Preserve the measured evidence in a dedicated results branch	2026-10-07T00:47:48.1631947Z  create mode 100644 docs/evidence/v6/remote-matrix/uncensored-matrix-3/8192-python-service-config-5/turn.stderr
report	Preserve the measured evidence in a dedicated results branch	2026-10-07T00:47:48.1632695Z  create mode 100644 docs/evidence/v6/remote-matrix/uncensored-matrix-3/BUILD.json
report	Preserve the measured evidence in a dedicated results branch	2026-10-07T00:47:48.1633274Z  create mode 100644 docs/evidence/v6/remote-matrix/uncensored-matrix-3/RAW-SHA256.json
report	Preserve the measured evidence in a dedicated results branch	2026-10-07T00:47:48.1633853Z  create mode 100644 docs/evidence/v6/remote-matrix/uncensored-matrix-3/campaign.log
report	Preserve the measured evidence in a dedicated results branch	2026-10-07T00:47:48.1634461Z  create mode 100644 docs/evidence/v6/remote-matrix/uncensored-matrix-3/configuration.json
report	Preserve the measured evidence in a dedicated results branch	2026-10-07T00:47:48.1635121Z  create mode 100644 docs/evidence/v6/remote-matrix/uncensored-matrix-3/host.json
report	Preserve the measured evidence in a dedicated results branch	2026-10-07T00:47:48.1635683Z  create mode 100644 docs/evidence/v6/remote-matrix/uncensored-matrix-3/summary.json
report	Preserve the measured evidence in a dedicated results branch	2026-10-07T00:47:48.1636348Z  create mode 100644 docs/evidence/v6/remote-matrix/uncensored-matrix-4/8192-heldout-deduplicate-1/assertion.py
report	Preserve the measured evidence in a dedicated results branch	2026-10-07T00:47:48.1637124Z  create mode 100644 docs/evidence/v6/remote-matrix/uncensored-matrix-4/8192-heldout-deduplicate-1/context-views.json
report	Preserve the measured evidence in a dedicated results branch	2026-10-07T00:47:48.1637905Z  create mode 100644 docs/evidence/v6/remote-matrix/uncensored-matrix-4/8192-heldout-deduplicate-1/fixture.json
report	Preserve the measured evidence in a dedicated results branch	2026-10-07T00:47:48.1638684Z  create mode 100644 docs/evidence/v6/remote-matrix/uncensored-matrix-4/8192-heldout-deduplicate-1/independent/check.py
report	Preserve the measured evidence in a dedicated results branch	2026-10-07T00:47:48.1639472Z  create mode 100644 docs/evidence/v6/remote-matrix/uncensored-matrix-4/8192-heldout-deduplicate-1/report.json
report	Preserve the measured evidence in a dedicated results branch	2026-10-07T00:47:48.1640222Z  create mode 100644 docs/evidence/v6/remote-matrix/uncensored-matrix-4/8192-heldout-deduplicate-1/setup.stderr
report	Preserve the measured evidence in a dedicated results branch	2026-10-07T00:47:48.1640972Z  create mode 100644 docs/evidence/v6/remote-matrix/uncensored-matrix-4/8192-heldout-deduplicate-1/setup.stdout
report	Preserve the measured evidence in a dedicated results branch	2026-10-07T00:47:48.1641719Z  create mode 100644 docs/evidence/v6/remote-matrix/uncensored-matrix-4/8192-heldout-deduplicate-1/turn.jsonl
report	Preserve the measured evidence in a dedicated results branch	2026-10-07T00:47:48.1642455Z  create mode 100644 docs/evidence/v6/remote-matrix/uncensored-matrix-4/8192-heldout-deduplicate-1/turn.stderr
report	Preserve the measured evidence in a dedicated results branch	2026-10-07T00:47:48.1643282Z  create mode 100644 docs/evidence/v6/remote-matrix/uncensored-matrix-4/8192-heldout-deduplicate-2/assertion.py
report	Preserve the measured evidence in a dedicated results branch	2026-10-07T00:47:48.1644060Z  create mode 100644 docs/evidence/v6/remote-matrix/uncensored-matrix-4/8192-heldout-deduplicate-2/context-views.json
report	Preserve the measured evidence in a dedicated results branch	2026-10-07T00:47:48.1644850Z  create mode 100644 docs/evidence/v6/remote-matrix/uncensored-matrix-4/8192-heldout-deduplicate-2/fixture.json
report	Preserve the measured evidence in a dedicated results branch	2026-10-07T00:47:48.1645635Z  create mode 100644 docs/evidence/v6/remote-matrix/uncensored-matrix-4/8192-heldout-deduplicate-2/independent/check.py
report	Preserve the measured evidence in a dedicated results branch	2026-10-07T00:47:48.1646421Z  create mode 100644 docs/evidence/v6/remote-matrix/uncensored-matrix-4/8192-heldout-deduplicate-2/report.json
report	Preserve the measured evidence in a dedicated results branch	2026-10-07T00:47:48.1647183Z  create mode 100644 docs/evidence/v6/remote-matrix/uncensored-matrix-4/8192-heldout-deduplicate-2/setup.stderr
report	Preserve the measured evidence in a dedicated results branch	2026-10-07T00:47:48.1647943Z  create mode 100644 docs/evidence/v6/remote-matrix/uncensored-matrix-4/8192-heldout-deduplicate-2/setup.stdout
report	Preserve the measured evidence in a dedicated results branch	2026-10-07T00:47:48.1648773Z  create mode 100644 docs/evidence/v6/remote-matrix/uncensored-matrix-4/8192-heldout-deduplicate-2/turn.jsonl
report	Preserve the measured evidence in a dedicated results branch	2026-10-07T00:47:48.1649521Z  create mode 100644 docs/evidence/v6/remote-matrix/uncensored-matrix-4/8192-heldout-deduplicate-2/turn.stderr
report	Preserve the measured evidence in a dedicated results branch	2026-10-07T00:47:48.1650275Z  create mode 100644 docs/evidence/v6/remote-matrix/uncensored-matrix-4/8192-heldout-deduplicate-3/assertion.py
report	Preserve the measured evidence in a dedicated results branch	2026-10-07T00:47:48.1651064Z  create mode 100644 docs/evidence/v6/remote-matrix/uncensored-matrix-4/8192-heldout-deduplicate-3/context-views.json
report	Preserve the measured evidence in a dedicated results branch	2026-10-07T00:47:48.1651838Z  create mode 100644 docs/evidence/v6/remote-matrix/uncensored-matrix-4/8192-heldout-deduplicate-3/fixture.json
report	Preserve the measured evidence in a dedicated results branch	2026-10-07T00:47:48.1652697Z  create mode 100644 docs/evidence/v6/remote-matrix/uncensored-matrix-4/8192-heldout-deduplicate-3/independent/check.py
report	Preserve the measured evidence in a dedicated results branch	2026-10-07T00:47:48.1653472Z  create mode 100644 docs/evidence/v6/remote-matrix/uncensored-matrix-4/8192-heldout-deduplicate-3/report.json
report	Preserve the measured evidence in a dedicated results branch	2026-10-07T00:47:48.1654230Z  create mode 100644 docs/evidence/v6/remote-matrix/uncensored-matrix-4/8192-heldout-deduplicate-3/setup.stderr
report	Preserve the measured evidence in a dedicated results branch	2026-10-07T00:47:48.1654990Z  create mode 100644 docs/evidence/v6/remote-matrix/uncensored-matrix-4/8192-heldout-deduplicate-3/setup.stdout
report	Preserve the measured evidence in a dedicated results branch	2026-10-07T00:47:48.1655739Z  create mode 100644 docs/evidence/v6/remote-matrix/uncensored-matrix-4/8192-heldout-deduplicate-3/turn.jsonl
report	Preserve the measured evidence in a dedicated results branch	2026-10-07T00:47:48.1656502Z  create mode 100644 docs/evidence/v6/remote-matrix/uncensored-matrix-4/8192-heldout-deduplicate-3/turn.stderr
report	Preserve the measured evidence in a dedicated results branch	2026-10-07T00:47:48.1657254Z  create mode 100644 docs/evidence/v6/remote-matrix/uncensored-matrix-4/8192-heldout-deduplicate-4/assertion.py
report	Preserve the measured evidence in a dedicated results branch	2026-10-07T00:47:48.1658104Z  create mode 100644 docs/evidence/v6/remote-matrix/uncensored-matrix-4/8192-heldout-deduplicate-4/context-views.json
report	Preserve the measured evidence in a dedicated results branch	2026-10-07T00:47:48.1658871Z  create mode 100644 docs/evidence/v6/remote-matrix/uncensored-matrix-4/8192-heldout-deduplicate-4/fixture.json
report	Preserve the measured evidence in a dedicated results branch	2026-10-07T00:47:48.1659648Z  create mode 100644 docs/evidence/v6/remote-matrix/uncensored-matrix-4/8192-heldout-deduplicate-4/independent/check.py
report	Preserve the measured evidence in a dedicated results branch	2026-10-07T00:47:48.1660426Z  create mode 100644 docs/evidence/v6/remote-matrix/uncensored-matrix-4/8192-heldout-deduplicate-4/report.json
report	Preserve the measured evidence in a dedicated results branch	2026-10-07T00:47:48.1661172Z  create mode 100644 docs/evidence/v6/remote-matrix/uncensored-matrix-4/8192-heldout-deduplicate-4/setup.stderr
report	Preserve the measured evidence in a dedicated results branch	2026-10-07T00:47:48.1661933Z  create mode 100644 docs/evidence/v6/remote-matrix/uncensored-matrix-4/8192-heldout-deduplicate-4/setup.stdout
report	Preserve the measured evidence in a dedicated results branch	2026-10-07T00:47:48.1662730Z  create mode 100644 docs/evidence/v6/remote-matrix/uncensored-matrix-4/8192-heldout-deduplicate-4/turn.jsonl
report	Preserve the measured evidence in a dedicated results branch	2026-10-07T00:47:48.1663627Z  create mode 100644 docs/evidence/v6/remote-matrix/uncensored-matrix-4/8192-heldout-deduplicate-4/turn.stderr
report	Preserve the measured evidence in a dedicated results branch	2026-10-07T00:47:48.1664376Z  create mode 100644 docs/evidence/v6/remote-matrix/uncensored-matrix-4/8192-heldout-deduplicate-5/assertion.py
report	Preserve the measured evidence in a dedicated results branch	2026-10-07T00:47:48.1665148Z  create mode 100644 docs/evidence/v6/remote-matrix/uncensored-matrix-4/8192-heldout-deduplicate-5/context-views.json
report	Preserve the measured evidence in a dedicated results branch	2026-10-07T00:47:48.1665929Z  create mode 100644 docs/evidence/v6/remote-matrix/uncensored-matrix-4/8192-heldout-deduplicate-5/fixture.json
report	Preserve the measured evidence in a dedicated results branch	2026-10-07T00:47:48.1666709Z  create mode 100644 docs/evidence/v6/remote-matrix/uncensored-matrix-4/8192-heldout-deduplicate-5/independent/check.py
report	Preserve the measured evidence in a dedicated results branch	2026-10-07T00:47:48.1667486Z  create mode 100644 docs/evidence/v6/remote-matrix/uncensored-matrix-4/8192-heldout-deduplicate-5/report.json
report	Preserve the measured evidence in a dedicated results branch	2026-10-07T00:47:48.1668234Z  create mode 100644 docs/evidence/v6/remote-matrix/uncensored-matrix-4/8192-heldout-deduplicate-5/setup.stderr
report	Preserve the measured evidence in a dedicated results branch	2026-10-07T00:47:48.1668989Z  create mode 100644 docs/evidence/v6/remote-matrix/uncensored-matrix-4/8192-heldout-deduplicate-5/setup.stdout
report	Preserve the measured evidence in a dedicated results branch	2026-10-07T00:47:48.1669744Z  create mode 100644 docs/evidence/v6/remote-matrix/uncensored-matrix-4/8192-heldout-deduplicate-5/turn.jsonl
report	Preserve the measured evidence in a dedicated results branch	2026-10-07T00:47:48.1670489Z  create mode 100644 docs/evidence/v6/remote-matrix/uncensored-matrix-4/8192-heldout-deduplicate-5/turn.stderr
report	Preserve the measured evidence in a dedicated results branch	2026-10-07T00:47:48.1671408Z  create mode 100644 docs/evidence/v6/remote-matrix/uncensored-matrix-4/8192-python-dependency-1/assertion.py
report	Preserve the measured evidence in a dedicated results branch	2026-10-07T00:47:48.1672170Z  create mode 100644 docs/evidence/v6/remote-matrix/uncensored-matrix-4/8192-python-dependency-1/context-views.json
report	Preserve the measured evidence in a dedicated results branch	2026-10-07T00:47:48.1673001Z  create mode 100644 docs/evidence/v6/remote-matrix/uncensored-matrix-4/8192-python-dependency-1/fixture.json
report	Preserve the measured evidence in a dedicated results branch	2026-10-07T00:47:48.1673773Z  create mode 100644 docs/evidence/v6/remote-matrix/uncensored-matrix-4/8192-python-dependency-1/independent/check.py
report	Preserve the measured evidence in a dedicated results branch	2026-10-07T00:47:48.1674546Z  create mode 100644 docs/evidence/v6/remote-matrix/uncensored-matrix-4/8192-python-dependency-1/report.json
report	Preserve the measured evidence in a dedicated results branch	2026-10-07T00:47:48.1675289Z  create mode 100644 docs/evidence/v6/remote-matrix/uncensored-matrix-4/8192-python-dependency-1/setup.stderr
report	Preserve the measured evidence in a dedicated results branch	2026-10-07T00:47:48.1676036Z  create mode 100644 docs/evidence/v6/remote-matrix/uncensored-matrix-4/8192-python-dependency-1/setup.stdout
report	Preserve the measured evidence in a dedicated results branch	2026-10-07T00:47:48.1676796Z  create mode 100644 docs/evidence/v6/remote-matrix/uncensored-matrix-4/8192-python-dependency-1/turn.jsonl
report	Preserve the measured evidence in a dedicated results branch	2026-10-07T00:47:48.1677526Z  create mode 100644 docs/evidence/v6/remote-matrix/uncensored-matrix-4/8192-python-dependency-1/turn.stderr
report	Preserve the measured evidence in a dedicated results branch	2026-10-07T00:47:48.1678261Z  create mode 100644 docs/evidence/v6/remote-matrix/uncensored-matrix-4/8192-python-dependency-2/assertion.py
report	Preserve the measured evidence in a dedicated results branch	2026-10-07T00:47:48.1679031Z  create mode 100644 docs/evidence/v6/remote-matrix/uncensored-matrix-4/8192-python-dependency-2/context-views.json
report	Preserve the measured evidence in a dedicated results branch	2026-10-07T00:47:48.1679790Z  create mode 100644 docs/evidence/v6/remote-matrix/uncensored-matrix-4/8192-python-dependency-2/fixture.json
report	Preserve the measured evidence in a dedicated results branch	2026-10-07T00:47:48.1680634Z  create mode 100644 docs/evidence/v6/remote-matrix/uncensored-matrix-4/8192-python-dependency-2/independent/check.py
report	Preserve the measured evidence in a dedicated results branch	2026-10-07T00:47:48.1681397Z  create mode 100644 docs/evidence/v6/remote-matrix/uncensored-matrix-4/8192-python-dependency-2/report.json
report	Preserve the measured evidence in a dedicated results branch	2026-10-07T00:47:48.1682131Z  create mode 100644 docs/evidence/v6/remote-matrix/uncensored-matrix-4/8192-python-dependency-2/setup.stderr
report	Preserve the measured evidence in a dedicated results branch	2026-10-07T00:47:48.1682942Z  create mode 100644 docs/evidence/v6/remote-matrix/uncensored-matrix-4/8192-python-dependency-2/setup.stdout
report	Preserve the measured evidence in a dedicated results branch	2026-10-07T00:47:48.1683674Z  create mode 100644 docs/evidence/v6/remote-matrix/uncensored-matrix-4/8192-python-dependency-2/turn.jsonl
report	Preserve the measured evidence in a dedicated results branch	2026-10-07T00:47:48.1684399Z  create mode 100644 docs/evidence/v6/remote-matrix/uncensored-matrix-4/8192-python-dependency-2/turn.stderr
report	Preserve the measured evidence in a dedicated results branch	2026-10-07T00:47:48.1685138Z  create mode 100644 docs/evidence/v6/remote-matrix/uncensored-matrix-4/8192-python-dependency-3/assertion.py
report	Preserve the measured evidence in a dedicated results branch	2026-10-07T00:47:48.1685904Z  create mode 100644 docs/evidence/v6/remote-matrix/uncensored-matrix-4/8192-python-dependency-3/context-views.json
report	Preserve the measured evidence in a dedicated results branch	2026-10-07T00:47:48.1686660Z  create mode 100644 docs/evidence/v6/remote-matrix/uncensored-matrix-4/8192-python-dependency-3/fixture.json
report	Preserve the measured evidence in a dedicated results branch	2026-10-07T00:47:48.1687418Z  create mode 100644 docs/evidence/v6/remote-matrix/uncensored-matrix-4/8192-python-dependency-3/independent/check.py
report	Preserve the measured evidence in a dedicated results branch	2026-10-07T00:47:48.1688194Z  create mode 100644 docs/evidence/v6/remote-matrix/uncensored-matrix-4/8192-python-dependency-3/report.json
report	Preserve the measured evidence in a dedicated results branch	2026-10-07T00:47:48.1688925Z  create mode 100644 docs/evidence/v6/remote-matrix/uncensored-matrix-4/8192-python-dependency-3/setup.stderr
report	Preserve the measured evidence in a dedicated results branch	2026-10-07T00:47:48.1689670Z  create mode 100644 docs/evidence/v6/remote-matrix/uncensored-matrix-4/8192-python-dependency-3/setup.stdout
report	Preserve the measured evidence in a dedicated results branch	2026-10-07T00:47:48.1690408Z  create mode 100644 docs/evidence/v6/remote-matrix/uncensored-matrix-4/8192-python-dependency-3/turn.jsonl
report	Preserve the measured evidence in a dedicated results branch	2026-10-07T00:47:48.1691132Z  create mode 100644 docs/evidence/v6/remote-matrix/uncensored-matrix-4/8192-python-dependency-3/turn.stderr
report	Preserve the measured evidence in a dedicated results branch	2026-10-07T00:47:48.1691876Z  create mode 100644 docs/evidence/v6/remote-matrix/uncensored-matrix-4/8192-python-dependency-4/assertion.py
report	Preserve the measured evidence in a dedicated results branch	2026-10-07T00:47:48.1692692Z  create mode 100644 docs/evidence/v6/remote-matrix/uncensored-matrix-4/8192-python-dependency-4/context-views.json
report	Preserve the measured evidence in a dedicated results branch	2026-10-07T00:47:48.1693457Z  create mode 100644 docs/evidence/v6/remote-matrix/uncensored-matrix-4/8192-python-dependency-4/fixture.json
report	Preserve the measured evidence in a dedicated results branch	2026-10-07T00:47:48.1694285Z  create mode 100644 docs/evidence/v6/remote-matrix/uncensored-matrix-4/8192-python-dependency-4/independent/check.py
report	Preserve the measured evidence in a dedicated results branch	2026-10-07T00:47:48.1695046Z  create mode 100644 docs/evidence/v6/remote-matrix/uncensored-matrix-4/8192-python-dependency-4/report.json
report	Preserve the measured evidence in a dedicated results branch	2026-10-07T00:47:48.1695789Z  create mode 100644 docs/evidence/v6/remote-matrix/uncensored-matrix-4/8192-python-dependency-4/setup.stderr
report	Preserve the measured evidence in a dedicated results branch	2026-10-07T00:47:48.1696528Z  create mode 100644 docs/evidence/v6/remote-matrix/uncensored-matrix-4/8192-python-dependency-4/setup.stdout
report	Preserve the measured evidence in a dedicated results branch	2026-10-07T00:47:48.1697276Z  create mode 100644 docs/evidence/v6/remote-matrix/uncensored-matrix-4/8192-python-dependency-4/turn.jsonl
report	Preserve the measured evidence in a dedicated results branch	2026-10-07T00:47:48.1698028Z  create mode 100644 docs/evidence/v6/remote-matrix/uncensored-matrix-4/8192-python-dependency-4/turn.stderr
report	Preserve the measured evidence in a dedicated results branch	2026-10-07T00:47:48.1698768Z  create mode 100644 docs/evidence/v6/remote-matrix/uncensored-matrix-4/8192-python-dependency-5/assertion.py
report	Preserve the measured evidence in a dedicated results branch	2026-10-07T00:47:48.1699538Z  create mode 100644 docs/evidence/v6/remote-matrix/uncensored-matrix-4/8192-python-dependency-5/context-views.json
report	Preserve the measured evidence in a dedicated results branch	2026-10-07T00:47:48.1700293Z  create mode 100644 docs/evidence/v6/remote-matrix/uncensored-matrix-4/8192-python-dependency-5/fixture.json
report	Preserve the measured evidence in a dedicated results branch	2026-10-07T00:47:48.1701062Z  create mode 100644 docs/evidence/v6/remote-matrix/uncensored-matrix-4/8192-python-dependency-5/independent/check.py
report	Preserve the measured evidence in a dedicated results branch	2026-10-07T00:47:48.1701833Z  create mode 100644 docs/evidence/v6/remote-matrix/uncensored-matrix-4/8192-python-dependency-5/report.json
report	Preserve the measured evidence in a dedicated results branch	2026-10-07T00:47:48.1702749Z  create mode 100644 docs/evidence/v6/remote-matrix/uncensored-matrix-4/8192-python-dependency-5/setup.stderr
report	Preserve the measured evidence in a dedicated results branch	2026-10-07T00:47:48.1703486Z  create mode 100644 docs/evidence/v6/remote-matrix/uncensored-matrix-4/8192-python-dependency-5/setup.stdout
report	Preserve the measured evidence in a dedicated results branch	2026-10-07T00:47:48.1704208Z  create mode 100644 docs/evidence/v6/remote-matrix/uncensored-matrix-4/8192-python-dependency-5/turn.jsonl
report	Preserve the measured evidence in a dedicated results branch	2026-10-07T00:47:48.1704950Z  create mode 100644 docs/evidence/v6/remote-matrix/uncensored-matrix-4/8192-python-dependency-5/turn.stderr
report	Preserve the measured evidence in a dedicated results branch	2026-10-07T00:47:48.1705676Z  create mode 100644 docs/evidence/v6/remote-matrix/uncensored-matrix-4/8192-python-paths-1/assertion.py
report	Preserve the measured evidence in a dedicated results branch	2026-10-07T00:47:48.1706406Z  create mode 100644 docs/evidence/v6/remote-matrix/uncensored-matrix-4/8192-python-paths-1/context-views.json
report	Preserve the measured evidence in a dedicated results branch	2026-10-07T00:47:48.1707126Z  create mode 100644 docs/evidence/v6/remote-matrix/uncensored-matrix-4/8192-python-paths-1/fixture.json
report	Preserve the measured evidence in a dedicated results branch	2026-10-07T00:47:48.1707861Z  create mode 100644 docs/evidence/v6/remote-matrix/uncensored-matrix-4/8192-python-paths-1/independent/check.py
report	Preserve the measured evidence in a dedicated results branch	2026-10-07T00:47:48.1708591Z  create mode 100644 docs/evidence/v6/remote-matrix/uncensored-matrix-4/8192-python-paths-1/report.json
report	Preserve the measured evidence in a dedicated results branch	2026-10-07T00:47:48.1709287Z  create mode 100644 docs/evidence/v6/remote-matrix/uncensored-matrix-4/8192-python-paths-1/setup.stderr
report	Preserve the measured evidence in a dedicated results branch	2026-10-07T00:47:48.1709995Z  create mode 100644 docs/evidence/v6/remote-matrix/uncensored-matrix-4/8192-python-paths-1/setup.stdout
report	Preserve the measured evidence in a dedicated results branch	2026-10-07T00:47:48.1710690Z  create mode 100644 docs/evidence/v6/remote-matrix/uncensored-matrix-4/8192-python-paths-1/turn.jsonl
report	Preserve the measured evidence in a dedicated results branch	2026-10-07T00:47:48.1711382Z  create mode 100644 docs/evidence/v6/remote-matrix/uncensored-matrix-4/8192-python-paths-1/turn.stderr
report	Preserve the measured evidence in a dedicated results branch	2026-10-07T00:47:48.1712073Z  create mode 100644 docs/evidence/v6/remote-matrix/uncensored-matrix-4/8192-python-paths-2/assertion.py
report	Preserve the measured evidence in a dedicated results branch	2026-10-07T00:47:48.1712859Z  create mode 100644 docs/evidence/v6/remote-matrix/uncensored-matrix-4/8192-python-paths-2/context-views.json
report	Preserve the measured evidence in a dedicated results branch	2026-10-07T00:47:48.1713597Z  create mode 100644 docs/evidence/v6/remote-matrix/uncensored-matrix-4/8192-python-paths-2/fixture.json
report	Preserve the measured evidence in a dedicated results branch	2026-10-07T00:47:48.1714328Z  create mode 100644 docs/evidence/v6/remote-matrix/uncensored-matrix-4/8192-python-paths-2/independent/check.py
report	Preserve the measured evidence in a dedicated results branch	2026-10-07T00:47:48.1715080Z  create mode 100644 docs/evidence/v6/remote-matrix/uncensored-matrix-4/8192-python-paths-2/report.json
report	Preserve the measured evidence in a dedicated results branch	2026-10-07T00:47:48.1715851Z  create mode 100644 docs/evidence/v6/remote-matrix/uncensored-matrix-4/8192-python-paths-2/setup.stderr
report	Preserve the measured evidence in a dedicated results branch	2026-10-07T00:47:48.1716561Z  create mode 100644 docs/evidence/v6/remote-matrix/uncensored-matrix-4/8192-python-paths-2/setup.stdout
report	Preserve the measured evidence in a dedicated results branch	2026-10-07T00:47:48.1717264Z  create mode 100644 docs/evidence/v6/remote-matrix/uncensored-matrix-4/8192-python-paths-2/turn.jsonl
report	Preserve the measured evidence in a dedicated results branch	2026-10-07T00:47:48.1717954Z  create mode 100644 docs/evidence/v6/remote-matrix/uncensored-matrix-4/8192-python-paths-2/turn.stderr
report	Preserve the measured evidence in a dedicated results branch	2026-10-07T00:47:48.1718676Z  create mode 100644 docs/evidence/v6/remote-matrix/uncensored-matrix-4/8192-python-paths-3/assertion.py
report	Preserve the measured evidence in a dedicated results branch	2026-10-07T00:47:48.1719425Z  create mode 100644 docs/evidence/v6/remote-matrix/uncensored-matrix-4/8192-python-paths-3/context-views.json
report	Preserve the measured evidence in a dedicated results branch	2026-10-07T00:47:48.1720154Z  create mode 100644 docs/evidence/v6/remote-matrix/uncensored-matrix-4/8192-python-paths-3/fixture.json
report	Preserve the measured evidence in a dedicated results branch	2026-10-07T00:47:48.1720891Z  create mode 100644 docs/evidence/v6/remote-matrix/uncensored-matrix-4/8192-python-paths-3/independent/check.py
report	Preserve the measured evidence in a dedicated results branch	2026-10-07T00:47:48.1721619Z  create mode 100644 docs/evidence/v6/remote-matrix/uncensored-matrix-4/8192-python-paths-3/report.json
report	Preserve the measured evidence in a dedicated results branch	2026-10-07T00:47:48.1722626Z  create mode 100644 docs/evidence/v6/remote-matrix/uncensored-matrix-4/8192-python-paths-3/setup.stderr
report	Preserve the measured evidence in a dedicated results branch	2026-10-07T00:47:48.1723425Z  create mode 100644 docs/evidence/v6/remote-matrix/uncensored-matrix-4/8192-python-paths-3/setup.stdout
report	Preserve the measured evidence in a dedicated results branch	2026-10-07T00:47:48.1724126Z  create mode 100644 docs/evidence/v6/remote-matrix/uncensored-matrix-4/8192-python-paths-3/turn.jsonl
report	Preserve the measured evidence in a dedicated results branch	2026-10-07T00:47:48.1724809Z  create mode 100644 docs/evidence/v6/remote-matrix/uncensored-matrix-4/8192-python-paths-3/turn.stderr
report	Preserve the measured evidence in a dedicated results branch	2026-10-07T00:47:48.1725582Z  create mode 100644 docs/evidence/v6/remote-matrix/uncensored-matrix-4/8192-python-paths-4/assertion.py
report	Preserve the measured evidence in a dedicated results branch	2026-10-07T00:47:48.1726306Z  create mode 100644 docs/evidence/v6/remote-matrix/uncensored-matrix-4/8192-python-paths-4/context-views.json
report	Preserve the measured evidence in a dedicated results branch	2026-10-07T00:47:48.1727024Z  create mode 100644 docs/evidence/v6/remote-matrix/uncensored-matrix-4/8192-python-paths-4/fixture.json
report	Preserve the measured evidence in a dedicated results branch	2026-10-07T00:47:48.1727771Z  create mode 100644 docs/evidence/v6/remote-matrix/uncensored-matrix-4/8192-python-paths-4/independent/check.py
report	Preserve the measured evidence in a dedicated results branch	2026-10-07T00:47:48.1728495Z  create mode 100644 docs/evidence/v6/remote-matrix/uncensored-matrix-4/8192-python-paths-4/report.json
report	Preserve the measured evidence in a dedicated results branch	2026-10-07T00:47:48.1729186Z  create mode 100644 docs/evidence/v6/remote-matrix/uncensored-matrix-4/8192-python-paths-4/setup.stderr
report	Preserve the measured evidence in a dedicated results branch	2026-10-07T00:47:48.1729885Z  create mode 100644 docs/evidence/v6/remote-matrix/uncensored-matrix-4/8192-python-paths-4/setup.stdout
report	Preserve the measured evidence in a dedicated results branch	2026-10-07T00:47:48.1730575Z  create mode 100644 docs/evidence/v6/remote-matrix/uncensored-matrix-4/8192-python-paths-4/turn.jsonl
report	Preserve the measured evidence in a dedicated results branch	2026-10-07T00:47:48.1731272Z  create mode 100644 docs/evidence/v6/remote-matrix/uncensored-matrix-4/8192-python-paths-4/turn.stderr
report	Preserve the measured evidence in a dedicated results branch	2026-10-07T00:47:48.1731966Z  create mode 100644 docs/evidence/v6/remote-matrix/uncensored-matrix-4/8192-python-paths-5/assertion.py
report	Preserve the measured evidence in a dedicated results branch	2026-10-07T00:47:48.1732755Z  create mode 100644 docs/evidence/v6/remote-matrix/uncensored-matrix-4/8192-python-paths-5/context-views.json
report	Preserve the measured evidence in a dedicated results branch	2026-10-07T00:47:48.1733491Z  create mode 100644 docs/evidence/v6/remote-matrix/uncensored-matrix-4/8192-python-paths-5/fixture.json
report	Preserve the measured evidence in a dedicated results branch	2026-10-07T00:47:48.1734222Z  create mode 100644 docs/evidence/v6/remote-matrix/uncensored-matrix-4/8192-python-paths-5/independent/check.py
report	Preserve the measured evidence in a dedicated results branch	2026-10-07T00:47:48.1734951Z  create mode 100644 docs/evidence/v6/remote-matrix/uncensored-matrix-4/8192-python-paths-5/report.json
report	Preserve the measured evidence in a dedicated results branch	2026-10-07T00:47:48.1735651Z  create mode 100644 docs/evidence/v6/remote-matrix/uncensored-matrix-4/8192-python-paths-5/setup.stderr
report	Preserve the measured evidence in a dedicated results branch	2026-10-07T00:47:48.1736349Z  create mode 100644 docs/evidence/v6/remote-matrix/uncensored-matrix-4/8192-python-paths-5/setup.stdout
report	Preserve the measured evidence in a dedicated results branch	2026-10-07T00:47:48.1737066Z  create mode 100644 docs/evidence/v6/remote-matrix/uncensored-matrix-4/8192-python-paths-5/turn.jsonl
report	Preserve the measured evidence in a dedicated results branch	2026-10-07T00:47:48.1737754Z  create mode 100644 docs/evidence/v6/remote-matrix/uncensored-matrix-4/8192-python-paths-5/turn.stderr
report	Preserve the measured evidence in a dedicated results branch	2026-10-07T00:47:48.1738462Z  create mode 100644 docs/evidence/v6/remote-matrix/uncensored-matrix-4/BUILD.json
report	Preserve the measured evidence in a dedicated results branch	2026-10-07T00:47:48.1739033Z  create mode 100644 docs/evidence/v6/remote-matrix/uncensored-matrix-4/RAW-SHA256.json
report	Preserve the measured evidence in a dedicated results branch	2026-10-07T00:47:48.1739619Z  create mode 100644 docs/evidence/v6/remote-matrix/uncensored-matrix-4/campaign.log
report	Preserve the measured evidence in a dedicated results branch	2026-10-07T00:47:48.1740229Z  create mode 100644 docs/evidence/v6/remote-matrix/uncensored-matrix-4/configuration.json
report	Preserve the measured evidence in a dedicated results branch	2026-10-07T00:47:48.1740824Z  create mode 100644 docs/evidence/v6/remote-matrix/uncensored-matrix-4/host.json
report	Preserve the measured evidence in a dedicated results branch	2026-10-07T00:47:48.1741400Z  create mode 100644 docs/evidence/v6/remote-matrix/uncensored-matrix-4/summary.json
report	Preserve the measured evidence in a dedicated results branch	2026-10-07T00:47:48.1742059Z  create mode 100644 docs/evidence/v6/remote-matrix/uncensored-matrix-5/8192-heldout-atomic-save-1/assertion.py
report	Preserve the measured evidence in a dedicated results branch	2026-10-07T00:47:48.1742899Z  create mode 100644 docs/evidence/v6/remote-matrix/uncensored-matrix-5/8192-heldout-atomic-save-1/context-views.json
report	Preserve the measured evidence in a dedicated results branch	2026-10-07T00:47:48.1743682Z  create mode 100644 docs/evidence/v6/remote-matrix/uncensored-matrix-5/8192-heldout-atomic-save-1/fixture.json
report	Preserve the measured evidence in a dedicated results branch	2026-10-07T00:47:48.1744458Z  create mode 100644 docs/evidence/v6/remote-matrix/uncensored-matrix-5/8192-heldout-atomic-save-1/independent/check.py
report	Preserve the measured evidence in a dedicated results branch	2026-10-07T00:47:48.1745235Z  create mode 100644 docs/evidence/v6/remote-matrix/uncensored-matrix-5/8192-heldout-atomic-save-1/report.json
report	Preserve the measured evidence in a dedicated results branch	2026-10-07T00:47:48.1745986Z  create mode 100644 docs/evidence/v6/remote-matrix/uncensored-matrix-5/8192-heldout-atomic-save-1/setup.stderr
report	Preserve the measured evidence in a dedicated results branch	2026-10-07T00:47:48.1746747Z  create mode 100644 docs/evidence/v6/remote-matrix/uncensored-matrix-5/8192-heldout-atomic-save-1/setup.stdout
report	Preserve the measured evidence in a dedicated results branch	2026-10-07T00:47:48.1747548Z  create mode 100644 docs/evidence/v6/remote-matrix/uncensored-matrix-5/8192-heldout-atomic-save-1/turn.jsonl
report	Preserve the measured evidence in a dedicated results branch	2026-10-07T00:47:48.1748294Z  create mode 100644 docs/evidence/v6/remote-matrix/uncensored-matrix-5/8192-heldout-atomic-save-1/turn.stderr
report	Preserve the measured evidence in a dedicated results branch	2026-10-07T00:47:48.1749050Z  create mode 100644 docs/evidence/v6/remote-matrix/uncensored-matrix-5/8192-heldout-atomic-save-2/assertion.py
report	Preserve the measured evidence in a dedicated results branch	2026-10-07T00:47:48.1749821Z  create mode 100644 docs/evidence/v6/remote-matrix/uncensored-matrix-5/8192-heldout-atomic-save-2/context-views.json
report	Preserve the measured evidence in a dedicated results branch	2026-10-07T00:47:48.1750852Z  create mode 100644 docs/evidence/v6/remote-matrix/uncensored-matrix-5/8192-heldout-atomic-save-2/fixture.json
report	Preserve the measured evidence in a dedicated results branch	2026-10-07T00:47:48.1751634Z  create mode 100644 docs/evidence/v6/remote-matrix/uncensored-matrix-5/8192-heldout-atomic-save-2/independent/check.py
report	Preserve the measured evidence in a dedicated results branch	2026-10-07T00:47:48.1752405Z  create mode 100644 docs/evidence/v6/remote-matrix/uncensored-matrix-5/8192-heldout-atomic-save-2/report.json
report	Preserve the measured evidence in a dedicated results branch	2026-10-07T00:47:48.1753633Z  create mode 100644 docs/evidence/v6/remote-matrix/uncensored-matrix-5/8192-heldout-atomic-save-2/setup.stderr
report	Preserve the measured evidence in a dedicated results branch	2026-10-07T00:47:48.1754383Z  create mode 100644 docs/evidence/v6/remote-matrix/uncensored-matrix-5/8192-heldout-atomic-save-2/setup.stdout
report	Preserve the measured evidence in a dedicated results branch	2026-10-07T00:47:48.1755136Z  create mode 100644 docs/evidence/v6/remote-matrix/uncensored-matrix-5/8192-heldout-atomic-save-2/turn.jsonl
report	Preserve the measured evidence in a dedicated results branch	2026-10-07T00:47:48.1755880Z  create mode 100644 docs/evidence/v6/remote-matrix/uncensored-matrix-5/8192-heldout-atomic-save-2/turn.stderr
report	Preserve the measured evidence in a dedicated results branch	2026-10-07T00:47:48.1756642Z  create mode 100644 docs/evidence/v6/remote-matrix/uncensored-matrix-5/8192-heldout-atomic-save-3/assertion.py
report	Preserve the measured evidence in a dedicated results branch	2026-10-07T00:47:48.1757416Z  create mode 100644 docs/evidence/v6/remote-matrix/uncensored-matrix-5/8192-heldout-atomic-save-3/context-views.json
report	Preserve the measured evidence in a dedicated results branch	2026-10-07T00:47:48.1758192Z  create mode 100644 docs/evidence/v6/remote-matrix/uncensored-matrix-5/8192-heldout-atomic-save-3/fixture.json
report	Preserve the measured evidence in a dedicated results branch	2026-10-07T00:47:48.1758982Z  create mode 100644 docs/evidence/v6/remote-matrix/uncensored-matrix-5/8192-heldout-atomic-save-3/independent/check.py
report	Preserve the measured evidence in a dedicated results branch	2026-10-07T00:47:48.1759757Z  create mode 100644 docs/evidence/v6/remote-matrix/uncensored-matrix-5/8192-heldout-atomic-save-3/report.json
report	Preserve the measured evidence in a dedicated results branch	2026-10-07T00:47:48.1760515Z  create mode 100644 docs/evidence/v6/remote-matrix/uncensored-matrix-5/8192-heldout-atomic-save-3/setup.stderr
report	Preserve the measured evidence in a dedicated results branch	2026-10-07T00:47:48.1761363Z  create mode 100644 docs/evidence/v6/remote-matrix/uncensored-matrix-5/8192-heldout-atomic-save-3/setup.stdout
report	Preserve the measured evidence in a dedicated results branch	2026-10-07T00:47:48.1762106Z  create mode 100644 docs/evidence/v6/remote-matrix/uncensored-matrix-5/8192-heldout-atomic-save-3/turn.jsonl
report	Preserve the measured evidence in a dedicated results branch	2026-10-07T00:47:48.1762937Z  create mode 100644 docs/evidence/v6/remote-matrix/uncensored-matrix-5/8192-heldout-atomic-save-3/turn.stderr
report	Preserve the measured evidence in a dedicated results branch	2026-10-07T00:47:48.1763683Z  create mode 100644 docs/evidence/v6/remote-matrix/uncensored-matrix-5/8192-heldout-atomic-save-4/assertion.py
report	Preserve the measured evidence in a dedicated results branch	2026-10-07T00:47:48.1764457Z  create mode 100644 docs/evidence/v6/remote-matrix/uncensored-matrix-5/8192-heldout-atomic-save-4/context-views.json
report	Preserve the measured evidence in a dedicated results branch	2026-10-07T00:47:48.1765277Z  create mode 100644 docs/evidence/v6/remote-matrix/uncensored-matrix-5/8192-heldout-atomic-save-4/fixture.json
report	Preserve the measured evidence in a dedicated results branch	2026-10-07T00:47:48.1766169Z  create mode 100644 docs/evidence/v6/remote-matrix/uncensored-matrix-5/8192-heldout-atomic-save-4/independent/check.py
report	Preserve the measured evidence in a dedicated results branch	2026-10-07T00:47:48.1766945Z  create mode 100644 docs/evidence/v6/remote-matrix/uncensored-matrix-5/8192-heldout-atomic-save-4/report.json
report	Preserve the measured evidence in a dedicated results branch	2026-10-07T00:47:48.1767689Z  create mode 100644 docs/evidence/v6/remote-matrix/uncensored-matrix-5/8192-heldout-atomic-save-4/setup.stderr
report	Preserve the measured evidence in a dedicated results branch	2026-10-07T00:47:48.1768435Z  create mode 100644 docs/evidence/v6/remote-matrix/uncensored-matrix-5/8192-heldout-atomic-save-4/setup.stdout
report	Preserve the measured evidence in a dedicated results branch	2026-10-07T00:47:48.1769176Z  create mode 100644 docs/evidence/v6/remote-matrix/uncensored-matrix-5/8192-heldout-atomic-save-4/turn.jsonl
report	Preserve the measured evidence in a dedicated results branch	2026-10-07T00:47:48.1769912Z  create mode 100644 docs/evidence/v6/remote-matrix/uncensored-matrix-5/8192-heldout-atomic-save-4/turn.stderr
report	Preserve the measured evidence in a dedicated results branch	2026-10-07T00:47:48.1770771Z  create mode 100644 docs/evidence/v6/remote-matrix/uncensored-matrix-5/8192-heldout-atomic-save-5/assertion.py
report	Preserve the measured evidence in a dedicated results branch	2026-10-07T00:47:48.1771536Z  create mode 100644 docs/evidence/v6/remote-matrix/uncensored-matrix-5/8192-heldout-atomic-save-5/context-views.json
report	Preserve the measured evidence in a dedicated results branch	2026-10-07T00:47:48.1772309Z  create mode 100644 docs/evidence/v6/remote-matrix/uncensored-matrix-5/8192-heldout-atomic-save-5/fixture.json
report	Preserve the measured evidence in a dedicated results branch	2026-10-07T00:47:48.1773182Z  create mode 100644 docs/evidence/v6/remote-matrix/uncensored-matrix-5/8192-heldout-atomic-save-5/independent/check.py
report	Preserve the measured evidence in a dedicated results branch	2026-10-07T00:47:48.1773970Z  create mode 100644 docs/evidence/v6/remote-matrix/uncensored-matrix-5/8192-heldout-atomic-save-5/report.json
report	Preserve the measured evidence in a dedicated results branch	2026-10-07T00:47:48.1774713Z  create mode 100644 docs/evidence/v6/remote-matrix/uncensored-matrix-5/8192-heldout-atomic-save-5/setup.stderr
report	Preserve the measured evidence in a dedicated results branch	2026-10-07T00:47:48.1775468Z  create mode 100644 docs/evidence/v6/remote-matrix/uncensored-matrix-5/8192-heldout-atomic-save-5/setup.stdout
report	Preserve the measured evidence in a dedicated results branch	2026-10-07T00:47:48.1776217Z  create mode 100644 docs/evidence/v6/remote-matrix/uncensored-matrix-5/8192-heldout-atomic-save-5/turn.jsonl
report	Preserve the measured evidence in a dedicated results branch	2026-10-07T00:47:48.1776968Z  create mode 100644 docs/evidence/v6/remote-matrix/uncensored-matrix-5/8192-heldout-atomic-save-5/turn.stderr
report	Preserve the measured evidence in a dedicated results branch	2026-10-07T00:47:48.1777707Z  create mode 100644 docs/evidence/v6/remote-matrix/uncensored-matrix-5/8192-python-cache-1/assertion.py
report	Preserve the measured evidence in a dedicated results branch	2026-10-07T00:47:48.1778440Z  create mode 100644 docs/evidence/v6/remote-matrix/uncensored-matrix-5/8192-python-cache-1/context-views.json
report	Preserve the measured evidence in a dedicated results branch	2026-10-07T00:47:48.1779168Z  create mode 100644 docs/evidence/v6/remote-matrix/uncensored-matrix-5/8192-python-cache-1/fixture.json
report	Preserve the measured evidence in a dedicated results branch	2026-10-07T00:47:48.1779901Z  create mode 100644 docs/evidence/v6/remote-matrix/uncensored-matrix-5/8192-python-cache-1/independent/check.py
report	Preserve the measured evidence in a dedicated results branch	2026-10-07T00:47:48.1780622Z  create mode 100644 docs/evidence/v6/remote-matrix/uncensored-matrix-5/8192-python-cache-1/report.json
report	Preserve the measured evidence in a dedicated results branch	2026-10-07T00:47:48.1781327Z  create mode 100644 docs/evidence/v6/remote-matrix/uncensored-matrix-5/8192-python-cache-1/setup.stderr
report	Preserve the measured evidence in a dedicated results branch	2026-10-07T00:47:48.1782041Z  create mode 100644 docs/evidence/v6/remote-matrix/uncensored-matrix-5/8192-python-cache-1/setup.stdout
report	Preserve the measured evidence in a dedicated results branch	2026-10-07T00:47:48.1782807Z  create mode 100644 docs/evidence/v6/remote-matrix/uncensored-matrix-5/8192-python-cache-1/turn.jsonl
report	Preserve the measured evidence in a dedicated results branch	2026-10-07T00:47:48.1783498Z  create mode 100644 docs/evidence/v6/remote-matrix/uncensored-matrix-5/8192-python-cache-1/turn.stderr
report	Preserve the measured evidence in a dedicated results branch	2026-10-07T00:47:48.1784271Z  create mode 100644 docs/evidence/v6/remote-matrix/uncensored-matrix-5/8192-python-cache-2/assertion.py
report	Preserve the measured evidence in a dedicated results branch	2026-10-07T00:47:48.1785008Z  create mode 100644 docs/evidence/v6/remote-matrix/uncensored-matrix-5/8192-python-cache-2/context-views.json
report	Preserve the measured evidence in a dedicated results branch	2026-10-07T00:47:48.1785734Z  create mode 100644 docs/evidence/v6/remote-matrix/uncensored-matrix-5/8192-python-cache-2/fixture.json
report	Preserve the measured evidence in a dedicated results branch	2026-10-07T00:47:48.1786489Z  create mode 100644 docs/evidence/v6/remote-matrix/uncensored-matrix-5/8192-python-cache-2/independent/check.py
report	Preserve the measured evidence in a dedicated results branch	2026-10-07T00:47:48.1787230Z  create mode 100644 docs/evidence/v6/remote-matrix/uncensored-matrix-5/8192-python-cache-2/report.json
report	Preserve the measured evidence in a dedicated results branch	2026-10-07T00:47:48.1787933Z  create mode 100644 docs/evidence/v6/remote-matrix/uncensored-matrix-5/8192-python-cache-2/setup.stderr
report	Preserve the measured evidence in a dedicated results branch	2026-10-07T00:47:48.1788644Z  create mode 100644 docs/evidence/v6/remote-matrix/uncensored-matrix-5/8192-python-cache-2/setup.stdout
report	Preserve the measured evidence in a dedicated results branch	2026-10-07T00:47:48.1789335Z  create mode 100644 docs/evidence/v6/remote-matrix/uncensored-matrix-5/8192-python-cache-2/turn.jsonl
report	Preserve the measured evidence in a dedicated results branch	2026-10-07T00:47:48.1790031Z  create mode 100644 docs/evidence/v6/remote-matrix/uncensored-matrix-5/8192-python-cache-2/turn.stderr
report	Preserve the measured evidence in a dedicated results branch	2026-10-07T00:47:48.1790728Z  create mode 100644 docs/evidence/v6/remote-matrix/uncensored-matrix-5/8192-python-cache-3/assertion.py
report	Preserve the measured evidence in a dedicated results branch	2026-10-07T00:47:48.1791459Z  create mode 100644 docs/evidence/v6/remote-matrix/uncensored-matrix-5/8192-python-cache-3/context-views.json
report	Preserve the measured evidence in a dedicated results branch	2026-10-07T00:47:48.1792172Z  create mode 100644 docs/evidence/v6/remote-matrix/uncensored-matrix-5/8192-python-cache-3/fixture.json
report	Preserve the measured evidence in a dedicated results branch	2026-10-07T00:47:48.1793018Z  create mode 100644 docs/evidence/v6/remote-matrix/uncensored-matrix-5/8192-python-cache-3/independent/check.py
report	Preserve the measured evidence in a dedicated results branch	2026-10-07T00:47:48.1793750Z  create mode 100644 docs/evidence/v6/remote-matrix/uncensored-matrix-5/8192-python-cache-3/report.json
report	Preserve the measured evidence in a dedicated results branch	2026-10-07T00:47:48.1794445Z  create mode 100644 docs/evidence/v6/remote-matrix/uncensored-matrix-5/8192-python-cache-3/setup.stderr
report	Preserve the measured evidence in a dedicated results branch	2026-10-07T00:47:48.1795147Z  create mode 100644 docs/evidence/v6/remote-matrix/uncensored-matrix-5/8192-python-cache-3/setup.stdout
report	Preserve the measured evidence in a dedicated results branch	2026-10-07T00:47:48.1795839Z  create mode 100644 docs/evidence/v6/remote-matrix/uncensored-matrix-5/8192-python-cache-3/turn.jsonl
report	Preserve the measured evidence in a dedicated results branch	2026-10-07T00:47:48.1796526Z  create mode 100644 docs/evidence/v6/remote-matrix/uncensored-matrix-5/8192-python-cache-3/turn.stderr
report	Preserve the measured evidence in a dedicated results branch	2026-10-07T00:47:48.1797226Z  create mode 100644 docs/evidence/v6/remote-matrix/uncensored-matrix-5/8192-python-cache-4/assertion.py
report	Preserve the measured evidence in a dedicated results branch	2026-10-07T00:47:48.1797984Z  create mode 100644 docs/evidence/v6/remote-matrix/uncensored-matrix-5/8192-python-cache-4/context-views.json
report	Preserve the measured evidence in a dedicated results branch	2026-10-07T00:47:48.1798717Z  create mode 100644 docs/evidence/v6/remote-matrix/uncensored-matrix-5/8192-python-cache-4/fixture.json
report	Preserve the measured evidence in a dedicated results branch	2026-10-07T00:47:48.1799443Z  create mode 100644 docs/evidence/v6/remote-matrix/uncensored-matrix-5/8192-python-cache-4/independent/check.py
report	Preserve the measured evidence in a dedicated results branch	2026-10-07T00:47:48.1800177Z  create mode 100644 docs/evidence/v6/remote-matrix/uncensored-matrix-5/8192-python-cache-4/report.json
report	Preserve the measured evidence in a dedicated results branch	2026-10-07T00:47:48.1800884Z  create mode 100644 docs/evidence/v6/remote-matrix/uncensored-matrix-5/8192-python-cache-4/setup.stderr
report	Preserve the measured evidence in a dedicated results branch	2026-10-07T00:47:48.1801595Z  create mode 100644 docs/evidence/v6/remote-matrix/uncensored-matrix-5/8192-python-cache-4/setup.stdout
report	Preserve the measured evidence in a dedicated results branch	2026-10-07T00:47:48.1802295Z  create mode 100644 docs/evidence/v6/remote-matrix/uncensored-matrix-5/8192-python-cache-4/turn.jsonl
report	Preserve the measured evidence in a dedicated results branch	2026-10-07T00:47:48.1803096Z  create mode 100644 docs/evidence/v6/remote-matrix/uncensored-matrix-5/8192-python-cache-4/turn.stderr
report	Preserve the measured evidence in a dedicated results branch	2026-10-07T00:47:48.1803796Z  create mode 100644 docs/evidence/v6/remote-matrix/uncensored-matrix-5/8192-python-cache-5/assertion.py
report	Preserve the measured evidence in a dedicated results branch	2026-10-07T00:47:48.1804525Z  create mode 100644 docs/evidence/v6/remote-matrix/uncensored-matrix-5/8192-python-cache-5/context-views.json
report	Preserve the measured evidence in a dedicated results branch	2026-10-07T00:47:48.1805255Z  create mode 100644 docs/evidence/v6/remote-matrix/uncensored-matrix-5/8192-python-cache-5/fixture.json
report	Preserve the measured evidence in a dedicated results branch	2026-10-07T00:47:48.1824451Z  create mode 100644 docs/evidence/v6/remote-matrix/uncensored-matrix-5/8192-python-cache-5/independent/check.py
report	Preserve the measured evidence in a dedicated results branch	2026-10-07T00:47:48.1825440Z  create mode 100644 docs/evidence/v6/remote-matrix/uncensored-matrix-5/8192-python-cache-5/report.json
report	Preserve the measured evidence in a dedicated results branch	2026-10-07T00:47:48.1826177Z  create mode 100644 docs/evidence/v6/remote-matrix/uncensored-matrix-5/8192-python-cache-5/setup.stderr
report	Preserve the measured evidence in a dedicated results branch	2026-10-07T00:47:48.1826903Z  create mode 100644 docs/evidence/v6/remote-matrix/uncensored-matrix-5/8192-python-cache-5/setup.stdout
report	Preserve the measured evidence in a dedicated results branch	2026-10-07T00:47:48.1827617Z  create mode 100644 docs/evidence/v6/remote-matrix/uncensored-matrix-5/8192-python-cache-5/turn.jsonl
report	Preserve the measured evidence in a dedicated results branch	2026-10-07T00:47:48.1828341Z  create mode 100644 docs/evidence/v6/remote-matrix/uncensored-matrix-5/8192-python-cache-5/turn.stderr
report	Preserve the measured evidence in a dedicated results branch	2026-10-07T00:47:48.1829078Z  create mode 100644 docs/evidence/v6/remote-matrix/uncensored-matrix-5/8192-python-http-security-1/assertion.py
report	Preserve the measured evidence in a dedicated results branch	2026-10-07T00:47:48.1829880Z  create mode 100644 docs/evidence/v6/remote-matrix/uncensored-matrix-5/8192-python-http-security-1/context-views.json
report	Preserve the measured evidence in a dedicated results branch	2026-10-07T00:47:48.1830687Z  create mode 100644 docs/evidence/v6/remote-matrix/uncensored-matrix-5/8192-python-http-security-1/fixture.json
report	Preserve the measured evidence in a dedicated results branch	2026-10-07T00:47:48.1831490Z  create mode 100644 docs/evidence/v6/remote-matrix/uncensored-matrix-5/8192-python-http-security-1/independent/check.py
report	Preserve the measured evidence in a dedicated results branch	2026-10-07T00:47:48.1832301Z  create mode 100644 docs/evidence/v6/remote-matrix/uncensored-matrix-5/8192-python-http-security-1/report.json
report	Preserve the measured evidence in a dedicated results branch	2026-10-07T00:47:48.1833186Z  create mode 100644 docs/evidence/v6/remote-matrix/uncensored-matrix-5/8192-python-http-security-1/setup.stderr
report	Preserve the measured evidence in a dedicated results branch	2026-10-07T00:47:48.1834152Z  create mode 100644 docs/evidence/v6/remote-matrix/uncensored-matrix-5/8192-python-http-security-1/setup.stdout
report	Preserve the measured evidence in a dedicated results branch	2026-10-07T00:47:48.1834915Z  create mode 100644 docs/evidence/v6/remote-matrix/uncensored-matrix-5/8192-python-http-security-1/turn.jsonl
report	Preserve the measured evidence in a dedicated results branch	2026-10-07T00:47:48.1835672Z  create mode 100644 docs/evidence/v6/remote-matrix/uncensored-matrix-5/8192-python-http-security-1/turn.stderr
report	Preserve the measured evidence in a dedicated results branch	2026-10-07T00:47:48.1836454Z  create mode 100644 docs/evidence/v6/remote-matrix/uncensored-matrix-5/8192-python-http-security-2/assertion.py
report	Preserve the measured evidence in a dedicated results branch	2026-10-07T00:47:48.1837239Z  create mode 100644 docs/evidence/v6/remote-matrix/uncensored-matrix-5/8192-python-http-security-2/context-views.json
report	Preserve the measured evidence in a dedicated results branch	2026-10-07T00:47:48.1838032Z  create mode 100644 docs/evidence/v6/remote-matrix/uncensored-matrix-5/8192-python-http-security-2/fixture.json
report	Preserve the measured evidence in a dedicated results branch	2026-10-07T00:47:48.1838822Z  create mode 100644 docs/evidence/v6/remote-matrix/uncensored-matrix-5/8192-python-http-security-2/independent/check.py
report	Preserve the measured evidence in a dedicated results branch	2026-10-07T00:47:48.1839619Z  create mode 100644 docs/evidence/v6/remote-matrix/uncensored-matrix-5/8192-python-http-security-2/report.json
report	Preserve the measured evidence in a dedicated results branch	2026-10-07T00:47:48.1840389Z  create mode 100644 docs/evidence/v6/remote-matrix/uncensored-matrix-5/8192-python-http-security-2/setup.stderr
report	Preserve the measured evidence in a dedicated results branch	2026-10-07T00:47:48.1841158Z  create mode 100644 docs/evidence/v6/remote-matrix/uncensored-matrix-5/8192-python-http-security-2/setup.stdout
report	Preserve the measured evidence in a dedicated results branch	2026-10-07T00:47:48.1841931Z  create mode 100644 docs/evidence/v6/remote-matrix/uncensored-matrix-5/8192-python-http-security-2/turn.jsonl
report	Preserve the measured evidence in a dedicated results branch	2026-10-07T00:47:48.1842805Z  create mode 100644 docs/evidence/v6/remote-matrix/uncensored-matrix-5/8192-python-http-security-2/turn.stderr
report	Preserve the measured evidence in a dedicated results branch	2026-10-07T00:47:48.1843576Z  create mode 100644 docs/evidence/v6/remote-matrix/uncensored-matrix-5/8192-python-http-security-3/assertion.py
report	Preserve the measured evidence in a dedicated results branch	2026-10-07T00:47:48.1844375Z  create mode 100644 docs/evidence/v6/remote-matrix/uncensored-matrix-5/8192-python-http-security-3/context-views.json
report	Preserve the measured evidence in a dedicated results branch	2026-10-07T00:47:48.1845174Z  create mode 100644 docs/evidence/v6/remote-matrix/uncensored-matrix-5/8192-python-http-security-3/fixture.json
report	Preserve the measured evidence in a dedicated results branch	2026-10-07T00:47:48.1845987Z  create mode 100644 docs/evidence/v6/remote-matrix/uncensored-matrix-5/8192-python-http-security-3/independent/check.py
report	Preserve the measured evidence in a dedicated results branch	2026-10-07T00:47:48.1846782Z  create mode 100644 docs/evidence/v6/remote-matrix/uncensored-matrix-5/8192-python-http-security-3/report.json
report	Preserve the measured evidence in a dedicated results branch	2026-10-07T00:47:48.1847597Z  create mode 100644 docs/evidence/v6/remote-matrix/uncensored-matrix-5/8192-python-http-security-3/setup.stderr
report	Preserve the measured evidence in a dedicated results branch	2026-10-07T00:47:48.1848361Z  create mode 100644 docs/evidence/v6/remote-matrix/uncensored-matrix-5/8192-python-http-security-3/setup.stdout
report	Preserve the measured evidence in a dedicated results branch	2026-10-07T00:47:48.1849111Z  create mode 100644 docs/evidence/v6/remote-matrix/uncensored-matrix-5/8192-python-http-security-3/turn.jsonl
report	Preserve the measured evidence in a dedicated results branch	2026-10-07T00:47:48.1849869Z  create mode 100644 docs/evidence/v6/remote-matrix/uncensored-matrix-5/8192-python-http-security-3/turn.stderr
report	Preserve the measured evidence in a dedicated results branch	2026-10-07T00:47:48.1850625Z  create mode 100644 docs/evidence/v6/remote-matrix/uncensored-matrix-5/8192-python-http-security-4/assertion.py
report	Preserve the measured evidence in a dedicated results branch	2026-10-07T00:47:48.1851409Z  create mode 100644 docs/evidence/v6/remote-matrix/uncensored-matrix-5/8192-python-http-security-4/context-views.json
report	Preserve the measured evidence in a dedicated results branch	2026-10-07T00:47:48.1852186Z  create mode 100644 docs/evidence/v6/remote-matrix/uncensored-matrix-5/8192-python-http-security-4/fixture.json
report	Preserve the measured evidence in a dedicated results branch	2026-10-07T00:47:48.1853060Z  create mode 100644 docs/evidence/v6/remote-matrix/uncensored-matrix-5/8192-python-http-security-4/independent/check.py
report	Preserve the measured evidence in a dedicated results branch	2026-10-07T00:47:48.1853860Z  create mode 100644 docs/evidence/v6/remote-matrix/uncensored-matrix-5/8192-python-http-security-4/report.json
report	Preserve the measured evidence in a dedicated results branch	2026-10-07T00:47:48.1854824Z  create mode 100644 docs/evidence/v6/remote-matrix/uncensored-matrix-5/8192-python-http-security-4/setup.stderr
report	Preserve the measured evidence in a dedicated results branch	2026-10-07T00:47:48.1855596Z  create mode 100644 docs/evidence/v6/remote-matrix/uncensored-matrix-5/8192-python-http-security-4/setup.stdout
report	Preserve the measured evidence in a dedicated results branch	2026-10-07T00:47:48.1856343Z  create mode 100644 docs/evidence/v6/remote-matrix/uncensored-matrix-5/8192-python-http-security-4/turn.jsonl
report	Preserve the measured evidence in a dedicated results branch	2026-10-07T00:47:48.1857170Z  create mode 100644 docs/evidence/v6/remote-matrix/uncensored-matrix-5/8192-python-http-security-4/turn.stderr
report	Preserve the measured evidence in a dedicated results branch	2026-10-07T00:47:48.1857933Z  create mode 100644 docs/evidence/v6/remote-matrix/uncensored-matrix-5/8192-python-http-security-5/assertion.py
report	Preserve the measured evidence in a dedicated results branch	2026-10-07T00:47:48.1858711Z  create mode 100644 docs/evidence/v6/remote-matrix/uncensored-matrix-5/8192-python-http-security-5/context-views.json
report	Preserve the measured evidence in a dedicated results branch	2026-10-07T00:47:48.1859506Z  create mode 100644 docs/evidence/v6/remote-matrix/uncensored-matrix-5/8192-python-http-security-5/fixture.json
report	Preserve the measured evidence in a dedicated results branch	2026-10-07T00:47:48.1860293Z  create mode 100644 docs/evidence/v6/remote-matrix/uncensored-matrix-5/8192-python-http-security-5/independent/check.py
report	Preserve the measured evidence in a dedicated results branch	2026-10-07T00:47:48.1861077Z  create mode 100644 docs/evidence/v6/remote-matrix/uncensored-matrix-5/8192-python-http-security-5/report.json
report	Preserve the measured evidence in a dedicated results branch	2026-10-07T00:47:48.1861840Z  create mode 100644 docs/evidence/v6/remote-matrix/uncensored-matrix-5/8192-python-http-security-5/setup.stderr
report	Preserve the measured evidence in a dedicated results branch	2026-10-07T00:47:48.1862872Z  create mode 100644 docs/evidence/v6/remote-matrix/uncensored-matrix-5/8192-python-http-security-5/setup.stdout
report	Preserve the measured evidence in a dedicated results branch	2026-10-07T00:47:48.1863639Z  create mode 100644 docs/evidence/v6/remote-matrix/uncensored-matrix-5/8192-python-http-security-5/turn.jsonl
report	Preserve the measured evidence in a dedicated results branch	2026-10-07T00:47:48.1864389Z  create mode 100644 docs/evidence/v6/remote-matrix/uncensored-matrix-5/8192-python-http-security-5/turn.stderr
report	Preserve the measured evidence in a dedicated results branch	2026-10-07T00:47:48.1865218Z  create mode 100644 docs/evidence/v6/remote-matrix/uncensored-matrix-5/BUILD.json
report	Preserve the measured evidence in a dedicated results branch	2026-10-07T00:47:48.1865866Z  create mode 100644 docs/evidence/v6/remote-matrix/uncensored-matrix-5/RAW-SHA256.json
report	Preserve the measured evidence in a dedicated results branch	2026-10-07T00:47:48.1866453Z  create mode 100644 docs/evidence/v6/remote-matrix/uncensored-matrix-5/campaign.log
report	Preserve the measured evidence in a dedicated results branch	2026-10-07T00:47:48.1867057Z  create mode 100644 docs/evidence/v6/remote-matrix/uncensored-matrix-5/configuration.json
report	Preserve the measured evidence in a dedicated results branch	2026-10-07T00:47:48.1867648Z  create mode 100644 docs/evidence/v6/remote-matrix/uncensored-matrix-5/host.json
report	Preserve the measured evidence in a dedicated results branch	2026-10-07T00:47:48.1868215Z  create mode 100644 docs/evidence/v6/remote-matrix/uncensored-matrix-5/summary.json
report	Preserve the measured evidence in a dedicated results branch	2026-10-07T00:47:48.1868871Z  create mode 100644 docs/evidence/v6/remote-matrix/uncensored-matrix-6/8192-heldout-toposort-1/assertion.py
report	Preserve the measured evidence in a dedicated results branch	2026-10-07T00:47:48.1869626Z  create mode 100644 docs/evidence/v6/remote-matrix/uncensored-matrix-6/8192-heldout-toposort-1/context-views.json
report	Preserve the measured evidence in a dedicated results branch	2026-10-07T00:47:48.1870475Z  create mode 100644 docs/evidence/v6/remote-matrix/uncensored-matrix-6/8192-heldout-toposort-1/fixture.json
report	Preserve the measured evidence in a dedicated results branch	2026-10-07T00:47:48.1871236Z  create mode 100644 docs/evidence/v6/remote-matrix/uncensored-matrix-6/8192-heldout-toposort-1/independent/check.py
report	Preserve the measured evidence in a dedicated results branch	2026-10-07T00:47:48.1872014Z  create mode 100644 docs/evidence/v6/remote-matrix/uncensored-matrix-6/8192-heldout-toposort-1/report.json
report	Preserve the measured evidence in a dedicated results branch	2026-10-07T00:47:48.1872823Z  create mode 100644 docs/evidence/v6/remote-matrix/uncensored-matrix-6/8192-heldout-toposort-1/setup.stderr
report	Preserve the measured evidence in a dedicated results branch	2026-10-07T00:47:48.1873551Z  create mode 100644 docs/evidence/v6/remote-matrix/uncensored-matrix-6/8192-heldout-toposort-1/setup.stdout
report	Preserve the measured evidence in a dedicated results branch	2026-10-07T00:47:48.1874288Z  create mode 100644 docs/evidence/v6/remote-matrix/uncensored-matrix-6/8192-heldout-toposort-1/turn.jsonl
report	Preserve the measured evidence in a dedicated results branch	2026-10-07T00:47:48.1875014Z  create mode 100644 docs/evidence/v6/remote-matrix/uncensored-matrix-6/8192-heldout-toposort-1/turn.stderr
report	Preserve the measured evidence in a dedicated results branch	2026-10-07T00:47:48.1875751Z  create mode 100644 docs/evidence/v6/remote-matrix/uncensored-matrix-6/8192-heldout-toposort-2/assertion.py
report	Preserve the measured evidence in a dedicated results branch	2026-10-07T00:47:48.1876505Z  create mode 100644 docs/evidence/v6/remote-matrix/uncensored-matrix-6/8192-heldout-toposort-2/context-views.json
report	Preserve the measured evidence in a dedicated results branch	2026-10-07T00:47:48.1877255Z  create mode 100644 docs/evidence/v6/remote-matrix/uncensored-matrix-6/8192-heldout-toposort-2/fixture.json
report	Preserve the measured evidence in a dedicated results branch	2026-10-07T00:47:48.1878013Z  create mode 100644 docs/evidence/v6/remote-matrix/uncensored-matrix-6/8192-heldout-toposort-2/independent/check.py
report	Preserve the measured evidence in a dedicated results branch	2026-10-07T00:47:48.1878765Z  create mode 100644 docs/evidence/v6/remote-matrix/uncensored-matrix-6/8192-heldout-toposort-2/report.json
report	Preserve the measured evidence in a dedicated results branch	2026-10-07T00:47:48.1879558Z  create mode 100644 docs/evidence/v6/remote-matrix/uncensored-matrix-6/8192-heldout-toposort-2/setup.stderr
report	Preserve the measured evidence in a dedicated results branch	2026-10-07T00:47:48.1880291Z  create mode 100644 docs/evidence/v6/remote-matrix/uncensored-matrix-6/8192-heldout-toposort-2/setup.stdout
report	Preserve the measured evidence in a dedicated results branch	2026-10-07T00:47:48.1881018Z  create mode 100644 docs/evidence/v6/remote-matrix/uncensored-matrix-6/8192-heldout-toposort-2/turn.jsonl
report	Preserve the measured evidence in a dedicated results branch	2026-10-07T00:47:48.1881734Z  create mode 100644 docs/evidence/v6/remote-matrix/uncensored-matrix-6/8192-heldout-toposort-2/turn.stderr
report	Preserve the measured evidence in a dedicated results branch	2026-10-07T00:47:48.1882460Z  create mode 100644 docs/evidence/v6/remote-matrix/uncensored-matrix-6/8192-heldout-toposort-3/assertion.py
report	Preserve the measured evidence in a dedicated results branch	2026-10-07T00:47:48.1883324Z  create mode 100644 docs/evidence/v6/remote-matrix/uncensored-matrix-6/8192-heldout-toposort-3/context-views.json
report	Preserve the measured evidence in a dedicated results branch	2026-10-07T00:47:48.1884296Z  create mode 100644 docs/evidence/v6/remote-matrix/uncensored-matrix-6/8192-heldout-toposort-3/fixture.json
report	Preserve the measured evidence in a dedicated results branch	2026-10-07T00:47:48.1885067Z  create mode 100644 docs/evidence/v6/remote-matrix/uncensored-matrix-6/8192-heldout-toposort-3/independent/check.py
report	Preserve the measured evidence in a dedicated results branch	2026-10-07T00:47:48.1886183Z  create mode 100644 docs/evidence/v6/remote-matrix/uncensored-matrix-6/8192-heldout-toposort-3/report.json
report	Preserve the measured evidence in a dedicated results branch	2026-10-07T00:47:48.1886907Z  create mode 100644 docs/evidence/v6/remote-matrix/uncensored-matrix-6/8192-heldout-toposort-3/setup.stderr
report	Preserve the measured evidence in a dedicated results branch	2026-10-07T00:47:48.1887963Z  create mode 100644 docs/evidence/v6/remote-matrix/uncensored-matrix-6/8192-heldout-toposort-3/setup.stdout
report	Preserve the measured evidence in a dedicated results branch	2026-10-07T00:47:48.1889403Z  create mode 100644 docs/evidence/v6/remote-matrix/uncensored-matrix-6/8192-heldout-toposort-3/turn.jsonl
report	Preserve the measured evidence in a dedicated results branch	2026-10-07T00:47:48.1890758Z  create mode 100644 docs/evidence/v6/remote-matrix/uncensored-matrix-6/8192-heldout-toposort-3/turn.stderr
report	Preserve the measured evidence in a dedicated results branch	2026-10-07T00:47:48.1892159Z  create mode 100644 docs/evidence/v6/remote-matrix/uncensored-matrix-6/8192-heldout-toposort-4/assertion.py
report	Preserve the measured evidence in a dedicated results branch	2026-10-07T00:47:48.1892998Z  create mode 100644 docs/evidence/v6/remote-matrix/uncensored-matrix-6/8192-heldout-toposort-4/context-views.json
report	Preserve the measured evidence in a dedicated results branch	2026-10-07T00:47:48.1893754Z  create mode 100644 docs/evidence/v6/remote-matrix/uncensored-matrix-6/8192-heldout-toposort-4/fixture.json
report	Preserve the measured evidence in a dedicated results branch	2026-10-07T00:47:48.1894506Z  create mode 100644 docs/evidence/v6/remote-matrix/uncensored-matrix-6/8192-heldout-toposort-4/independent/check.py
report	Preserve the measured evidence in a dedicated results branch	2026-10-07T00:47:48.1895267Z  create mode 100644 docs/evidence/v6/remote-matrix/uncensored-matrix-6/8192-heldout-toposort-4/report.json
report	Preserve the measured evidence in a dedicated results branch	2026-10-07T00:47:48.1896064Z  create mode 100644 docs/evidence/v6/remote-matrix/uncensored-matrix-6/8192-heldout-toposort-4/setup.stderr
report	Preserve the measured evidence in a dedicated results branch	2026-10-07T00:47:48.1896798Z  create mode 100644 docs/evidence/v6/remote-matrix/uncensored-matrix-6/8192-heldout-toposort-4/setup.stdout
report	Preserve the measured evidence in a dedicated results branch	2026-10-07T00:47:48.1897555Z  create mode 100644 docs/evidence/v6/remote-matrix/uncensored-matrix-6/8192-heldout-toposort-4/turn.jsonl
report	Preserve the measured evidence in a dedicated results branch	2026-10-07T00:47:48.1898264Z  create mode 100644 docs/evidence/v6/remote-matrix/uncensored-matrix-6/8192-heldout-toposort-4/turn.stderr
report	Preserve the measured evidence in a dedicated results branch	2026-10-07T00:47:48.1898990Z  create mode 100644 docs/evidence/v6/remote-matrix/uncensored-matrix-6/8192-heldout-toposort-5/assertion.py
report	Preserve the measured evidence in a dedicated results branch	2026-10-07T00:47:48.1899739Z  create mode 100644 docs/evidence/v6/remote-matrix/uncensored-matrix-6/8192-heldout-toposort-5/context-views.json
report	Preserve the measured evidence in a dedicated results branch	2026-10-07T00:47:48.1900494Z  create mode 100644 docs/evidence/v6/remote-matrix/uncensored-matrix-6/8192-heldout-toposort-5/fixture.json
report	Preserve the measured evidence in a dedicated results branch	2026-10-07T00:47:48.1901250Z  create mode 100644 docs/evidence/v6/remote-matrix/uncensored-matrix-6/8192-heldout-toposort-5/independent/check.py
report	Preserve the measured evidence in a dedicated results branch	2026-10-07T00:47:48.1902001Z  create mode 100644 docs/evidence/v6/remote-matrix/uncensored-matrix-6/8192-heldout-toposort-5/report.json
report	Preserve the measured evidence in a dedicated results branch	2026-10-07T00:47:48.1902792Z  create mode 100644 docs/evidence/v6/remote-matrix/uncensored-matrix-6/8192-heldout-toposort-5/setup.stderr
report	Preserve the measured evidence in a dedicated results branch	2026-10-07T00:47:48.1903517Z  create mode 100644 docs/evidence/v6/remote-matrix/uncensored-matrix-6/8192-heldout-toposort-5/setup.stdout
report	Preserve the measured evidence in a dedicated results branch	2026-10-07T00:47:48.1904245Z  create mode 100644 docs/evidence/v6/remote-matrix/uncensored-matrix-6/8192-heldout-toposort-5/turn.jsonl
report	Preserve the measured evidence in a dedicated results branch	2026-10-07T00:47:48.1905018Z  create mode 100644 docs/evidence/v6/remote-matrix/uncensored-matrix-6/8192-heldout-toposort-5/turn.stderr
report	Preserve the measured evidence in a dedicated results branch	2026-10-07T00:47:48.1905732Z  create mode 100644 docs/evidence/v6/remote-matrix/uncensored-matrix-6/8192-python-cli-1/assertion.py
report	Preserve the measured evidence in a dedicated results branch	2026-10-07T00:47:48.1906451Z  create mode 100644 docs/evidence/v6/remote-matrix/uncensored-matrix-6/8192-python-cli-1/context-views.json
report	Preserve the measured evidence in a dedicated results branch	2026-10-07T00:47:48.1907159Z  create mode 100644 docs/evidence/v6/remote-matrix/uncensored-matrix-6/8192-python-cli-1/fixture.json
report	Preserve the measured evidence in a dedicated results branch	2026-10-07T00:47:48.1907909Z  create mode 100644 docs/evidence/v6/remote-matrix/uncensored-matrix-6/8192-python-cli-1/independent/check.py
report	Preserve the measured evidence in a dedicated results branch	2026-10-07T00:47:48.1908632Z  create mode 100644 docs/evidence/v6/remote-matrix/uncensored-matrix-6/8192-python-cli-1/report.json
report	Preserve the measured evidence in a dedicated results branch	2026-10-07T00:47:48.1909324Z  create mode 100644 docs/evidence/v6/remote-matrix/uncensored-matrix-6/8192-python-cli-1/setup.stderr
report	Preserve the measured evidence in a dedicated results branch	2026-10-07T00:47:48.1910011Z  create mode 100644 docs/evidence/v6/remote-matrix/uncensored-matrix-6/8192-python-cli-1/setup.stdout
report	Preserve the measured evidence in a dedicated results branch	2026-10-07T00:47:48.1910696Z  create mode 100644 docs/evidence/v6/remote-matrix/uncensored-matrix-6/8192-python-cli-1/turn.jsonl
report	Preserve the measured evidence in a dedicated results branch	2026-10-07T00:47:48.1911393Z  create mode 100644 docs/evidence/v6/remote-matrix/uncensored-matrix-6/8192-python-cli-1/turn.stderr
report	Preserve the measured evidence in a dedicated results branch	2026-10-07T00:47:48.1912081Z  create mode 100644 docs/evidence/v6/remote-matrix/uncensored-matrix-6/8192-python-cli-2/assertion.py
report	Preserve the measured evidence in a dedicated results branch	2026-10-07T00:47:48.1912865Z  create mode 100644 docs/evidence/v6/remote-matrix/uncensored-matrix-6/8192-python-cli-2/context-views.json
report	Preserve the measured evidence in a dedicated results branch	2026-10-07T00:47:48.1913563Z  create mode 100644 docs/evidence/v6/remote-matrix/uncensored-matrix-6/8192-python-cli-2/fixture.json
report	Preserve the measured evidence in a dedicated results branch	2026-10-07T00:47:48.1914270Z  create mode 100644 docs/evidence/v6/remote-matrix/uncensored-matrix-6/8192-python-cli-2/independent/check.py
report	Preserve the measured evidence in a dedicated results branch	2026-10-07T00:47:48.1914984Z  create mode 100644 docs/evidence/v6/remote-matrix/uncensored-matrix-6/8192-python-cli-2/report.json
report	Preserve the measured evidence in a dedicated results branch	2026-10-07T00:47:48.1915670Z  create mode 100644 docs/evidence/v6/remote-matrix/uncensored-matrix-6/8192-python-cli-2/setup.stderr
report	Preserve the measured evidence in a dedicated results branch	2026-10-07T00:47:48.1916364Z  create mode 100644 docs/evidence/v6/remote-matrix/uncensored-matrix-6/8192-python-cli-2/setup.stdout
report	Preserve the measured evidence in a dedicated results branch	2026-10-07T00:47:48.1917047Z  create mode 100644 docs/evidence/v6/remote-matrix/uncensored-matrix-6/8192-python-cli-2/turn.jsonl
report	Preserve the measured evidence in a dedicated results branch	2026-10-07T00:47:48.1917720Z  create mode 100644 docs/evidence/v6/remote-matrix/uncensored-matrix-6/8192-python-cli-2/turn.stderr
report	Preserve the measured evidence in a dedicated results branch	2026-10-07T00:47:48.1918469Z  create mode 100644 docs/evidence/v6/remote-matrix/uncensored-matrix-6/8192-python-cli-3/assertion.py
report	Preserve the measured evidence in a dedicated results branch	2026-10-07T00:47:48.1919173Z  create mode 100644 docs/evidence/v6/remote-matrix/uncensored-matrix-6/8192-python-cli-3/context-views.json
report	Preserve the measured evidence in a dedicated results branch	2026-10-07T00:47:48.1919881Z  create mode 100644 docs/evidence/v6/remote-matrix/uncensored-matrix-6/8192-python-cli-3/fixture.json
report	Preserve the measured evidence in a dedicated results branch	2026-10-07T00:47:48.1920591Z  create mode 100644 docs/evidence/v6/remote-matrix/uncensored-matrix-6/8192-python-cli-3/independent/check.py
report	Preserve the measured evidence in a dedicated results branch	2026-10-07T00:47:48.1921306Z  create mode 100644 docs/evidence/v6/remote-matrix/uncensored-matrix-6/8192-python-cli-3/report.json
report	Preserve the measured evidence in a dedicated results branch	2026-10-07T00:47:48.1921993Z  create mode 100644 docs/evidence/v6/remote-matrix/uncensored-matrix-6/8192-python-cli-3/setup.stderr
report	Preserve the measured evidence in a dedicated results branch	2026-10-07T00:47:48.1922771Z  create mode 100644 docs/evidence/v6/remote-matrix/uncensored-matrix-6/8192-python-cli-3/setup.stdout
report	Preserve the measured evidence in a dedicated results branch	2026-10-07T00:47:48.1923458Z  create mode 100644 docs/evidence/v6/remote-matrix/uncensored-matrix-6/8192-python-cli-3/turn.jsonl
report	Preserve the measured evidence in a dedicated results branch	2026-10-07T00:47:48.1924133Z  create mode 100644 docs/evidence/v6/remote-matrix/uncensored-matrix-6/8192-python-cli-3/turn.stderr
report	Preserve the measured evidence in a dedicated results branch	2026-10-07T00:47:48.1924821Z  create mode 100644 docs/evidence/v6/remote-matrix/uncensored-matrix-6/8192-python-cli-4/assertion.py
report	Preserve the measured evidence in a dedicated results branch	2026-10-07T00:47:48.1925527Z  create mode 100644 docs/evidence/v6/remote-matrix/uncensored-matrix-6/8192-python-cli-4/context-views.json
report	Preserve the measured evidence in a dedicated results branch	2026-10-07T00:47:48.1926234Z  create mode 100644 docs/evidence/v6/remote-matrix/uncensored-matrix-6/8192-python-cli-4/fixture.json
report	Preserve the measured evidence in a dedicated results branch	2026-10-07T00:47:48.1927013Z  create mode 100644 docs/evidence/v6/remote-matrix/uncensored-matrix-6/8192-python-cli-4/independent/check.py
report	Preserve the measured evidence in a dedicated results branch	2026-10-07T00:47:48.1927718Z  create mode 100644 docs/evidence/v6/remote-matrix/uncensored-matrix-6/8192-python-cli-4/report.json
report	Preserve the measured evidence in a dedicated results branch	2026-10-07T00:47:48.1928408Z  create mode 100644 docs/evidence/v6/remote-matrix/uncensored-matrix-6/8192-python-cli-4/setup.stderr
report	Preserve the measured evidence in a dedicated results branch	2026-10-07T00:47:48.1929096Z  create mode 100644 docs/evidence/v6/remote-matrix/uncensored-matrix-6/8192-python-cli-4/setup.stdout
report	Preserve the measured evidence in a dedicated results branch	2026-10-07T00:47:48.1929785Z  create mode 100644 docs/evidence/v6/remote-matrix/uncensored-matrix-6/8192-python-cli-4/turn.jsonl
report	Preserve the measured evidence in a dedicated results branch	2026-10-07T00:47:48.1930462Z  create mode 100644 docs/evidence/v6/remote-matrix/uncensored-matrix-6/8192-python-cli-4/turn.stderr
report	Preserve the measured evidence in a dedicated results branch	2026-10-07T00:47:48.1931139Z  create mode 100644 docs/evidence/v6/remote-matrix/uncensored-matrix-6/8192-python-cli-5/assertion.py
report	Preserve the measured evidence in a dedicated results branch	2026-10-07T00:47:48.1931842Z  create mode 100644 docs/evidence/v6/remote-matrix/uncensored-matrix-6/8192-python-cli-5/context-views.json
report	Preserve the measured evidence in a dedicated results branch	2026-10-07T00:47:48.1932626Z  create mode 100644 docs/evidence/v6/remote-matrix/uncensored-matrix-6/8192-python-cli-5/fixture.json
report	Preserve the measured evidence in a dedicated results branch	2026-10-07T00:47:48.1933335Z  create mode 100644 docs/evidence/v6/remote-matrix/uncensored-matrix-6/8192-python-cli-5/independent/check.py
report	Preserve the measured evidence in a dedicated results branch	2026-10-07T00:47:48.1934048Z  create mode 100644 docs/evidence/v6/remote-matrix/uncensored-matrix-6/8192-python-cli-5/report.json
report	Preserve the measured evidence in a dedicated results branch	2026-10-07T00:47:48.1934732Z  create mode 100644 docs/evidence/v6/remote-matrix/uncensored-matrix-6/8192-python-cli-5/setup.stderr
report	Preserve the measured evidence in a dedicated results branch	2026-10-07T00:47:48.1935417Z  create mode 100644 docs/evidence/v6/remote-matrix/uncensored-matrix-6/8192-python-cli-5/setup.stdout
report	Preserve the measured evidence in a dedicated results branch	2026-10-07T00:47:48.1936097Z  create mode 100644 docs/evidence/v6/remote-matrix/uncensored-matrix-6/8192-python-cli-5/turn.jsonl
report	Preserve the measured evidence in a dedicated results branch	2026-10-07T00:47:48.1936777Z  create mode 100644 docs/evidence/v6/remote-matrix/uncensored-matrix-6/8192-python-cli-5/turn.stderr
report	Preserve the measured evidence in a dedicated results branch	2026-10-07T00:47:48.1937481Z  create mode 100644 docs/evidence/v6/remote-matrix/uncensored-matrix-6/8192-python-retry-1/assertion.py
report	Preserve the measured evidence in a dedicated results branch	2026-10-07T00:47:48.1938203Z  create mode 100644 docs/evidence/v6/remote-matrix/uncensored-matrix-6/8192-python-retry-1/context-views.json
report	Preserve the measured evidence in a dedicated results branch	2026-10-07T00:47:48.1938932Z  create mode 100644 docs/evidence/v6/remote-matrix/uncensored-matrix-6/8192-python-retry-1/fixture.json
report	Preserve the measured evidence in a dedicated results branch	2026-10-07T00:47:48.1939657Z  create mode 100644 docs/evidence/v6/remote-matrix/uncensored-matrix-6/8192-python-retry-1/independent/check.py
report	Preserve the measured evidence in a dedicated results branch	2026-10-07T00:47:48.1940487Z  create mode 100644 docs/evidence/v6/remote-matrix/uncensored-matrix-6/8192-python-retry-1/report.json
report	Preserve the measured evidence in a dedicated results branch	2026-10-07T00:47:48.1941203Z  create mode 100644 docs/evidence/v6/remote-matrix/uncensored-matrix-6/8192-python-retry-1/setup.stderr
report	Preserve the measured evidence in a dedicated results branch	2026-10-07T00:47:48.1941919Z  create mode 100644 docs/evidence/v6/remote-matrix/uncensored-matrix-6/8192-python-retry-1/setup.stdout
report	Preserve the measured evidence in a dedicated results branch	2026-10-07T00:47:48.1942695Z  create mode 100644 docs/evidence/v6/remote-matrix/uncensored-matrix-6/8192-python-retry-1/turn.jsonl
report	Preserve the measured evidence in a dedicated results branch	2026-10-07T00:47:48.1943390Z  create mode 100644 docs/evidence/v6/remote-matrix/uncensored-matrix-6/8192-python-retry-1/turn.stderr
report	Preserve the measured evidence in a dedicated results branch	2026-10-07T00:47:48.1944081Z  create mode 100644 docs/evidence/v6/remote-matrix/uncensored-matrix-6/8192-python-retry-2/assertion.py
report	Preserve the measured evidence in a dedicated results branch	2026-10-07T00:47:48.1944814Z  create mode 100644 docs/evidence/v6/remote-matrix/uncensored-matrix-6/8192-python-retry-2/context-views.json
report	Preserve the measured evidence in a dedicated results branch	2026-10-07T00:47:48.1945544Z  create mode 100644 docs/evidence/v6/remote-matrix/uncensored-matrix-6/8192-python-retry-2/fixture.json
report	Preserve the measured evidence in a dedicated results branch	2026-10-07T00:47:48.1946297Z  create mode 100644 docs/evidence/v6/remote-matrix/uncensored-matrix-6/8192-python-retry-2/independent/check.py
report	Preserve the measured evidence in a dedicated results branch	2026-10-07T00:47:48.1947034Z  create mode 100644 docs/evidence/v6/remote-matrix/uncensored-matrix-6/8192-python-retry-2/report.json
report	Preserve the measured evidence in a dedicated results branch	2026-10-07T00:47:48.1947738Z  create mode 100644 docs/evidence/v6/remote-matrix/uncensored-matrix-6/8192-python-retry-2/setup.stderr
report	Preserve the measured evidence in a dedicated results branch	2026-10-07T00:47:48.1948426Z  create mode 100644 docs/evidence/v6/remote-matrix/uncensored-matrix-6/8192-python-retry-2/setup.stdout
report	Preserve the measured evidence in a dedicated results branch	2026-10-07T00:47:48.1949207Z  create mode 100644 docs/evidence/v6/remote-matrix/uncensored-matrix-6/8192-python-retry-2/turn.jsonl
report	Preserve the measured evidence in a dedicated results branch	2026-10-07T00:47:48.1949897Z  create mode 100644 docs/evidence/v6/remote-matrix/uncensored-matrix-6/8192-python-retry-2/turn.stderr
report	Preserve the measured evidence in a dedicated results branch	2026-10-07T00:47:48.1950587Z  create mode 100644 docs/evidence/v6/remote-matrix/uncensored-matrix-6/8192-python-retry-3/assertion.py
report	Preserve the measured evidence in a dedicated results branch	2026-10-07T00:47:48.1951318Z  create mode 100644 docs/evidence/v6/remote-matrix/uncensored-matrix-6/8192-python-retry-3/context-views.json
report	Preserve the measured evidence in a dedicated results branch	2026-10-07T00:47:48.1952031Z  create mode 100644 docs/evidence/v6/remote-matrix/uncensored-matrix-6/8192-python-retry-3/fixture.json
report	Preserve the measured evidence in a dedicated results branch	2026-10-07T00:47:48.1952810Z  create mode 100644 docs/evidence/v6/remote-matrix/uncensored-matrix-6/8192-python-retry-3/independent/check.py
report	Preserve the measured evidence in a dedicated results branch	2026-10-07T00:47:48.1953535Z  create mode 100644 docs/evidence/v6/remote-matrix/uncensored-matrix-6/8192-python-retry-3/report.json
report	Preserve the measured evidence in a dedicated results branch	2026-10-07T00:47:48.1954227Z  create mode 100644 docs/evidence/v6/remote-matrix/uncensored-matrix-6/8192-python-retry-3/setup.stderr
report	Preserve the measured evidence in a dedicated results branch	2026-10-07T00:47:48.1954924Z  create mode 100644 docs/evidence/v6/remote-matrix/uncensored-matrix-6/8192-python-retry-3/setup.stdout
report	Preserve the measured evidence in a dedicated results branch	2026-10-07T00:47:48.1955612Z  create mode 100644 docs/evidence/v6/remote-matrix/uncensored-matrix-6/8192-python-retry-3/turn.jsonl
report	Preserve the measured evidence in a dedicated results branch	2026-10-07T00:47:48.1956293Z  create mode 100644 docs/evidence/v6/remote-matrix/uncensored-matrix-6/8192-python-retry-3/turn.stderr
report	Preserve the measured evidence in a dedicated results branch	2026-10-07T00:47:48.1956991Z  create mode 100644 docs/evidence/v6/remote-matrix/uncensored-matrix-6/8192-python-retry-4/assertion.py
report	Preserve the measured evidence in a dedicated results branch	2026-10-07T00:47:48.1957712Z  create mode 100644 docs/evidence/v6/remote-matrix/uncensored-matrix-6/8192-python-retry-4/context-views.json
report	Preserve the measured evidence in a dedicated results branch	2026-10-07T00:47:48.1958436Z  create mode 100644 docs/evidence/v6/remote-matrix/uncensored-matrix-6/8192-python-retry-4/fixture.json
report	Preserve the measured evidence in a dedicated results branch	2026-10-07T00:47:48.1959160Z  create mode 100644 docs/evidence/v6/remote-matrix/uncensored-matrix-6/8192-python-retry-4/independent/check.py
report	Preserve the measured evidence in a dedicated results branch	2026-10-07T00:47:48.1959891Z  create mode 100644 docs/evidence/v6/remote-matrix/uncensored-matrix-6/8192-python-retry-4/report.json
report	Preserve the measured evidence in a dedicated results branch	2026-10-07T00:47:48.1960584Z  create mode 100644 docs/evidence/v6/remote-matrix/uncensored-matrix-6/8192-python-retry-4/setup.stderr
report	Preserve the measured evidence in a dedicated results branch	2026-10-07T00:47:48.1961280Z  create mode 100644 docs/evidence/v6/remote-matrix/uncensored-matrix-6/8192-python-retry-4/setup.stdout
report	Preserve the measured evidence in a dedicated results branch	2026-10-07T00:47:48.1962037Z  create mode 100644 docs/evidence/v6/remote-matrix/uncensored-matrix-6/8192-python-retry-4/turn.jsonl
report	Preserve the measured evidence in a dedicated results branch	2026-10-07T00:47:48.1962926Z  create mode 100644 docs/evidence/v6/remote-matrix/uncensored-matrix-6/8192-python-retry-4/turn.stderr
report	Preserve the measured evidence in a dedicated results branch	2026-10-07T00:47:48.1963722Z  create mode 100644 docs/evidence/v6/remote-matrix/uncensored-matrix-6/8192-python-retry-5/assertion.py
report	Preserve the measured evidence in a dedicated results branch	2026-10-07T00:47:48.1964443Z  create mode 100644 docs/evidence/v6/remote-matrix/uncensored-matrix-6/8192-python-retry-5/context-views.json
report	Preserve the measured evidence in a dedicated results branch	2026-10-07T00:47:48.1965161Z  create mode 100644 docs/evidence/v6/remote-matrix/uncensored-matrix-6/8192-python-retry-5/fixture.json
report	Preserve the measured evidence in a dedicated results branch	2026-10-07T00:47:48.1965903Z  create mode 100644 docs/evidence/v6/remote-matrix/uncensored-matrix-6/8192-python-retry-5/independent/check.py
report	Preserve the measured evidence in a dedicated results branch	2026-10-07T00:47:48.1966633Z  create mode 100644 docs/evidence/v6/remote-matrix/uncensored-matrix-6/8192-python-retry-5/report.json
report	Preserve the measured evidence in a dedicated results branch	2026-10-07T00:47:48.1967332Z  create mode 100644 docs/evidence/v6/remote-matrix/uncensored-matrix-6/8192-python-retry-5/setup.stderr
report	Preserve the measured evidence in a dedicated results branch	2026-10-07T00:47:48.1968032Z  create mode 100644 docs/evidence/v6/remote-matrix/uncensored-matrix-6/8192-python-retry-5/setup.stdout
report	Preserve the measured evidence in a dedicated results branch	2026-10-07T00:47:48.1968721Z  create mode 100644 docs/evidence/v6/remote-matrix/uncensored-matrix-6/8192-python-retry-5/turn.jsonl
report	Preserve the measured evidence in a dedicated results branch	2026-10-07T00:47:48.1969410Z  create mode 100644 docs/evidence/v6/remote-matrix/uncensored-matrix-6/8192-python-retry-5/turn.stderr
report	Preserve the measured evidence in a dedicated results branch	2026-10-07T00:47:48.1970035Z  create mode 100644 docs/evidence/v6/remote-matrix/uncensored-matrix-6/BUILD.json
report	Preserve the measured evidence in a dedicated results branch	2026-10-07T00:47:48.1970684Z  create mode 100644 docs/evidence/v6/remote-matrix/uncensored-matrix-6/RAW-SHA256.json
report	Preserve the measured evidence in a dedicated results branch	2026-10-07T00:47:48.1971262Z  create mode 100644 docs/evidence/v6/remote-matrix/uncensored-matrix-6/campaign.log
report	Preserve the measured evidence in a dedicated results branch	2026-10-07T00:47:48.1971846Z  create mode 100644 docs/evidence/v6/remote-matrix/uncensored-matrix-6/configuration.json
report	Preserve the measured evidence in a dedicated results branch	2026-10-07T00:47:48.1972429Z  create mode 100644 docs/evidence/v6/remote-matrix/uncensored-matrix-6/host.json
report	Preserve the measured evidence in a dedicated results branch	2026-10-07T00:47:48.1973080Z  create mode 100644 docs/evidence/v6/remote-matrix/uncensored-matrix-6/summary.json
report	Preserve the measured evidence in a dedicated results branch	2026-10-07T00:47:48.1973723Z  create mode 100644 docs/evidence/v6/remote-matrix/uncensored-matrix-7/8192-heldout-date-1/assertion.py
report	Preserve the measured evidence in a dedicated results branch	2026-10-07T00:47:48.1974438Z  create mode 100644 docs/evidence/v6/remote-matrix/uncensored-matrix-7/8192-heldout-date-1/context-views.json
report	Preserve the measured evidence in a dedicated results branch	2026-10-07T00:47:48.1975157Z  create mode 100644 docs/evidence/v6/remote-matrix/uncensored-matrix-7/8192-heldout-date-1/fixture.json
report	Preserve the measured evidence in a dedicated results branch	2026-10-07T00:47:48.1975889Z  create mode 100644 docs/evidence/v6/remote-matrix/uncensored-matrix-7/8192-heldout-date-1/independent/check.py
report	Preserve the measured evidence in a dedicated results branch	2026-10-07T00:47:48.1976610Z  create mode 100644 docs/evidence/v6/remote-matrix/uncensored-matrix-7/8192-heldout-date-1/report.json
report	Preserve the measured evidence in a dedicated results branch	2026-10-07T00:47:48.1977314Z  create mode 100644 docs/evidence/v6/remote-matrix/uncensored-matrix-7/8192-heldout-date-1/setup.stderr
report	Preserve the measured evidence in a dedicated results branch	2026-10-07T00:47:48.1978007Z  create mode 100644 docs/evidence/v6/remote-matrix/uncensored-matrix-7/8192-heldout-date-1/setup.stdout
report	Preserve the measured evidence in a dedicated results branch	2026-10-07T00:47:48.1978695Z  create mode 100644 docs/evidence/v6/remote-matrix/uncensored-matrix-7/8192-heldout-date-1/turn.jsonl
report	Preserve the measured evidence in a dedicated results branch	2026-10-07T00:47:48.1979383Z  create mode 100644 docs/evidence/v6/remote-matrix/uncensored-matrix-7/8192-heldout-date-1/turn.stderr
report	Preserve the measured evidence in a dedicated results branch	2026-10-07T00:47:48.1980083Z  create mode 100644 docs/evidence/v6/remote-matrix/uncensored-matrix-7/8192-heldout-date-2/assertion.py
report	Preserve the measured evidence in a dedicated results branch	2026-10-07T00:47:48.1980805Z  create mode 100644 docs/evidence/v6/remote-matrix/uncensored-matrix-7/8192-heldout-date-2/context-views.json
report	Preserve the measured evidence in a dedicated results branch	2026-10-07T00:47:48.1981525Z  create mode 100644 docs/evidence/v6/remote-matrix/uncensored-matrix-7/8192-heldout-date-2/fixture.json
report	Preserve the measured evidence in a dedicated results branch	2026-10-07T00:47:48.1982264Z  create mode 100644 docs/evidence/v6/remote-matrix/uncensored-matrix-7/8192-heldout-date-2/independent/check.py
report	Preserve the measured evidence in a dedicated results branch	2026-10-07T00:47:48.1983047Z  create mode 100644 docs/evidence/v6/remote-matrix/uncensored-matrix-7/8192-heldout-date-2/report.json
report	Preserve the measured evidence in a dedicated results branch	2026-10-07T00:47:48.1983807Z  create mode 100644 docs/evidence/v6/remote-matrix/uncensored-matrix-7/8192-heldout-date-2/setup.stderr
report	Preserve the measured evidence in a dedicated results branch	2026-10-07T00:47:48.1984510Z  create mode 100644 docs/evidence/v6/remote-matrix/uncensored-matrix-7/8192-heldout-date-2/setup.stdout
report	Preserve the measured evidence in a dedicated results branch	2026-10-07T00:47:48.1985193Z  create mode 100644 docs/evidence/v6/remote-matrix/uncensored-matrix-7/8192-heldout-date-2/turn.jsonl
report	Preserve the measured evidence in a dedicated results branch	2026-10-07T00:47:48.1985882Z  create mode 100644 docs/evidence/v6/remote-matrix/uncensored-matrix-7/8192-heldout-date-2/turn.stderr
report	Preserve the measured evidence in a dedicated results branch	2026-10-07T00:47:48.1986581Z  create mode 100644 docs/evidence/v6/remote-matrix/uncensored-matrix-7/8192-heldout-date-3/assertion.py
report	Preserve the measured evidence in a dedicated results branch	2026-10-07T00:47:48.1987316Z  create mode 100644 docs/evidence/v6/remote-matrix/uncensored-matrix-7/8192-heldout-date-3/context-views.json
report	Preserve the measured evidence in a dedicated results branch	2026-10-07T00:47:48.1988050Z  create mode 100644 docs/evidence/v6/remote-matrix/uncensored-matrix-7/8192-heldout-date-3/fixture.json
report	Preserve the measured evidence in a dedicated results branch	2026-10-07T00:47:48.1988779Z  create mode 100644 docs/evidence/v6/remote-matrix/uncensored-matrix-7/8192-heldout-date-3/independent/check.py
report	Preserve the measured evidence in a dedicated results branch	2026-10-07T00:47:48.1989512Z  create mode 100644 docs/evidence/v6/remote-matrix/uncensored-matrix-7/8192-heldout-date-3/report.json
report	Preserve the measured evidence in a dedicated results branch	2026-10-07T00:47:48.1990196Z  create mode 100644 docs/evidence/v6/remote-matrix/uncensored-matrix-7/8192-heldout-date-3/setup.stderr
report	Preserve the measured evidence in a dedicated results branch	2026-10-07T00:47:48.1990889Z  create mode 100644 docs/evidence/v6/remote-matrix/uncensored-matrix-7/8192-heldout-date-3/setup.stdout
report	Preserve the measured evidence in a dedicated results branch	2026-10-07T00:47:48.1991582Z  create mode 100644 docs/evidence/v6/remote-matrix/uncensored-matrix-7/8192-heldout-date-3/turn.jsonl
report	Preserve the measured evidence in a dedicated results branch	2026-10-07T00:47:48.1992263Z  create mode 100644 docs/evidence/v6/remote-matrix/uncensored-matrix-7/8192-heldout-date-3/turn.stderr
report	Preserve the measured evidence in a dedicated results branch	2026-10-07T00:47:48.1993079Z  create mode 100644 docs/evidence/v6/remote-matrix/uncensored-matrix-7/8192-heldout-date-4/assertion.py
report	Preserve the measured evidence in a dedicated results branch	2026-10-07T00:47:48.1993792Z  create mode 100644 docs/evidence/v6/remote-matrix/uncensored-matrix-7/8192-heldout-date-4/context-views.json
report	Preserve the measured evidence in a dedicated results branch	2026-10-07T00:47:48.1994502Z  create mode 100644 docs/evidence/v6/remote-matrix/uncensored-matrix-7/8192-heldout-date-4/fixture.json
report	Preserve the measured evidence in a dedicated results branch	2026-10-07T00:47:48.1995230Z  create mode 100644 docs/evidence/v6/remote-matrix/uncensored-matrix-7/8192-heldout-date-4/independent/check.py
report	Preserve the measured evidence in a dedicated results branch	2026-10-07T00:47:48.1995966Z  create mode 100644 docs/evidence/v6/remote-matrix/uncensored-matrix-7/8192-heldout-date-4/report.json
report	Preserve the measured evidence in a dedicated results branch	2026-10-07T00:47:48.1996670Z  create mode 100644 docs/evidence/v6/remote-matrix/uncensored-matrix-7/8192-heldout-date-4/setup.stderr
report	Preserve the measured evidence in a dedicated results branch	2026-10-07T00:47:48.1997366Z  create mode 100644 docs/evidence/v6/remote-matrix/uncensored-matrix-7/8192-heldout-date-4/setup.stdout
report	Preserve the measured evidence in a dedicated results branch	2026-10-07T00:47:48.1998090Z  create mode 100644 docs/evidence/v6/remote-matrix/uncensored-matrix-7/8192-heldout-date-4/turn.jsonl
report	Preserve the measured evidence in a dedicated results branch	2026-10-07T00:47:48.1998770Z  create mode 100644 docs/evidence/v6/remote-matrix/uncensored-matrix-7/8192-heldout-date-4/turn.stderr
report	Preserve the measured evidence in a dedicated results branch	2026-10-07T00:47:48.1999467Z  create mode 100644 docs/evidence/v6/remote-matrix/uncensored-matrix-7/8192-heldout-date-5/assertion.py
report	Preserve the measured evidence in a dedicated results branch	2026-10-07T00:47:48.2000185Z  create mode 100644 docs/evidence/v6/remote-matrix/uncensored-matrix-7/8192-heldout-date-5/context-views.json
report	Preserve the measured evidence in a dedicated results branch	2026-10-07T00:47:48.2000901Z  create mode 100644 docs/evidence/v6/remote-matrix/uncensored-matrix-7/8192-heldout-date-5/fixture.json
report	Preserve the measured evidence in a dedicated results branch	2026-10-07T00:47:48.2001635Z  create mode 100644 docs/evidence/v6/remote-matrix/uncensored-matrix-7/8192-heldout-date-5/independent/check.py
report	Preserve the measured evidence in a dedicated results branch	2026-10-07T00:47:48.2002355Z  create mode 100644 docs/evidence/v6/remote-matrix/uncensored-matrix-7/8192-heldout-date-5/report.json
report	Preserve the measured evidence in a dedicated results branch	2026-10-07T00:47:48.2003153Z  create mode 100644 docs/evidence/v6/remote-matrix/uncensored-matrix-7/8192-heldout-date-5/setup.stderr
report	Preserve the measured evidence in a dedicated results branch	2026-10-07T00:47:48.2003854Z  create mode 100644 docs/evidence/v6/remote-matrix/uncensored-matrix-7/8192-heldout-date-5/setup.stdout
report	Preserve the measured evidence in a dedicated results branch	2026-10-07T00:47:48.2004537Z  create mode 100644 docs/evidence/v6/remote-matrix/uncensored-matrix-7/8192-heldout-date-5/turn.jsonl
report	Preserve the measured evidence in a dedicated results branch	2026-10-07T00:47:48.2005229Z  create mode 100644 docs/evidence/v6/remote-matrix/uncensored-matrix-7/8192-heldout-date-5/turn.stderr
report	Preserve the measured evidence in a dedicated results branch	2026-10-07T00:47:48.2005988Z  create mode 100644 docs/evidence/v6/remote-matrix/uncensored-matrix-7/8192-python-async-1/assertion.py
report	Preserve the measured evidence in a dedicated results branch	2026-10-07T00:47:48.2006707Z  create mode 100644 docs/evidence/v6/remote-matrix/uncensored-matrix-7/8192-python-async-1/context-views.json
report	Preserve the measured evidence in a dedicated results branch	2026-10-07T00:47:48.2007423Z  create mode 100644 docs/evidence/v6/remote-matrix/uncensored-matrix-7/8192-python-async-1/fixture.json
report	Preserve the measured evidence in a dedicated results branch	2026-10-07T00:47:48.2008159Z  create mode 100644 docs/evidence/v6/remote-matrix/uncensored-matrix-7/8192-python-async-1/independent/check.py
report	Preserve the measured evidence in a dedicated results branch	2026-10-07T00:47:48.2008880Z  create mode 100644 docs/evidence/v6/remote-matrix/uncensored-matrix-7/8192-python-async-1/report.json
report	Preserve the measured evidence in a dedicated results branch	2026-10-07T00:47:48.2009578Z  create mode 100644 docs/evidence/v6/remote-matrix/uncensored-matrix-7/8192-python-async-1/setup.stderr
report	Preserve the measured evidence in a dedicated results branch	2026-10-07T00:47:48.2010283Z  create mode 100644 docs/evidence/v6/remote-matrix/uncensored-matrix-7/8192-python-async-1/setup.stdout
report	Preserve the measured evidence in a dedicated results branch	2026-10-07T00:47:48.2010974Z  create mode 100644 docs/evidence/v6/remote-matrix/uncensored-matrix-7/8192-python-async-1/turn.jsonl
report	Preserve the measured evidence in a dedicated results branch	2026-10-07T00:47:48.2011670Z  create mode 100644 docs/evidence/v6/remote-matrix/uncensored-matrix-7/8192-python-async-1/turn.stderr
report	Preserve the measured evidence in a dedicated results branch	2026-10-07T00:47:48.2012362Z  create mode 100644 docs/evidence/v6/remote-matrix/uncensored-matrix-7/8192-python-async-2/assertion.py
report	Preserve the measured evidence in a dedicated results branch	2026-10-07T00:47:48.2013193Z  create mode 100644 docs/evidence/v6/remote-matrix/uncensored-matrix-7/8192-python-async-2/context-views.json
report	Preserve the measured evidence in a dedicated results branch	2026-10-07T00:47:48.2013976Z  create mode 100644 docs/evidence/v6/remote-matrix/uncensored-matrix-7/8192-python-async-2/fixture.json
report	Preserve the measured evidence in a dedicated results branch	2026-10-07T00:47:48.2014767Z  create mode 100644 docs/evidence/v6/remote-matrix/uncensored-matrix-7/8192-python-async-2/independent/check.py
report	Preserve the measured evidence in a dedicated results branch	2026-10-07T00:47:48.2015498Z  create mode 100644 docs/evidence/v6/remote-matrix/uncensored-matrix-7/8192-python-async-2/report.json
report	Preserve the measured evidence in a dedicated results branch	2026-10-07T00:47:48.2016209Z  create mode 100644 docs/evidence/v6/remote-matrix/uncensored-matrix-7/8192-python-async-2/setup.stderr
report	Preserve the measured evidence in a dedicated results branch	2026-10-07T00:47:48.2016917Z  create mode 100644 docs/evidence/v6/remote-matrix/uncensored-matrix-7/8192-python-async-2/setup.stdout
report	Preserve the measured evidence in a dedicated results branch	2026-10-07T00:47:48.2017639Z  create mode 100644 docs/evidence/v6/remote-matrix/uncensored-matrix-7/8192-python-async-2/turn.jsonl
report	Preserve the measured evidence in a dedicated results branch	2026-10-07T00:47:48.2018341Z  create mode 100644 docs/evidence/v6/remote-matrix/uncensored-matrix-7/8192-python-async-2/turn.stderr
report	Preserve the measured evidence in a dedicated results branch	2026-10-07T00:47:48.2019036Z  create mode 100644 docs/evidence/v6/remote-matrix/uncensored-matrix-7/8192-python-async-3/assertion.py
report	Preserve the measured evidence in a dedicated results branch	2026-10-07T00:47:48.2019758Z  create mode 100644 docs/evidence/v6/remote-matrix/uncensored-matrix-7/8192-python-async-3/context-views.json
report	Preserve the measured evidence in a dedicated results branch	2026-10-07T00:47:48.2020487Z  create mode 100644 docs/evidence/v6/remote-matrix/uncensored-matrix-7/8192-python-async-3/fixture.json
report	Preserve the measured evidence in a dedicated results branch	2026-10-07T00:47:48.2021220Z  create mode 100644 docs/evidence/v6/remote-matrix/uncensored-matrix-7/8192-python-async-3/independent/check.py
report	Preserve the measured evidence in a dedicated results branch	2026-10-07T00:47:48.2021940Z  create mode 100644 docs/evidence/v6/remote-matrix/uncensored-matrix-7/8192-python-async-3/report.json
report	Preserve the measured evidence in a dedicated results branch	2026-10-07T00:47:48.2022709Z  create mode 100644 docs/evidence/v6/remote-matrix/uncensored-matrix-7/8192-python-async-3/setup.stderr
report	Preserve the measured evidence in a dedicated results branch	2026-10-07T00:47:48.2023405Z  create mode 100644 docs/evidence/v6/remote-matrix/uncensored-matrix-7/8192-python-async-3/setup.stdout
report	Preserve the measured evidence in a dedicated results branch	2026-10-07T00:47:48.2024101Z  create mode 100644 docs/evidence/v6/remote-matrix/uncensored-matrix-7/8192-python-async-3/turn.jsonl
report	Preserve the measured evidence in a dedicated results branch	2026-10-07T00:47:48.2024785Z  create mode 100644 docs/evidence/v6/remote-matrix/uncensored-matrix-7/8192-python-async-3/turn.stderr
report	Preserve the measured evidence in a dedicated results branch	2026-10-07T00:47:48.2025479Z  create mode 100644 docs/evidence/v6/remote-matrix/uncensored-matrix-7/8192-python-async-4/assertion.py
report	Preserve the measured evidence in a dedicated results branch	2026-10-07T00:47:48.2026201Z  create mode 100644 docs/evidence/v6/remote-matrix/uncensored-matrix-7/8192-python-async-4/context-views.json
report	Preserve the measured evidence in a dedicated results branch	2026-10-07T00:47:48.2026926Z  create mode 100644 docs/evidence/v6/remote-matrix/uncensored-matrix-7/8192-python-async-4/fixture.json
report	Preserve the measured evidence in a dedicated results branch	2026-10-07T00:47:48.2027655Z  create mode 100644 docs/evidence/v6/remote-matrix/uncensored-matrix-7/8192-python-async-4/independent/check.py
report	Preserve the measured evidence in a dedicated results branch	2026-10-07T00:47:48.2028441Z  create mode 100644 docs/evidence/v6/remote-matrix/uncensored-matrix-7/8192-python-async-4/report.json
report	Preserve the measured evidence in a dedicated results branch	2026-10-07T00:47:48.2029131Z  create mode 100644 docs/evidence/v6/remote-matrix/uncensored-matrix-7/8192-python-async-4/setup.stderr
report	Preserve the measured evidence in a dedicated results branch	2026-10-07T00:47:48.2029830Z  create mode 100644 docs/evidence/v6/remote-matrix/uncensored-matrix-7/8192-python-async-4/setup.stdout
report	Preserve the measured evidence in a dedicated results branch	2026-10-07T00:47:48.2030516Z  create mode 100644 docs/evidence/v6/remote-matrix/uncensored-matrix-7/8192-python-async-4/turn.jsonl
report	Preserve the measured evidence in a dedicated results branch	2026-10-07T00:47:48.2031210Z  create mode 100644 docs/evidence/v6/remote-matrix/uncensored-matrix-7/8192-python-async-4/turn.stderr
report	Preserve the measured evidence in a dedicated results branch	2026-10-07T00:47:48.2031906Z  create mode 100644 docs/evidence/v6/remote-matrix/uncensored-matrix-7/8192-python-async-5/assertion.py
report	Preserve the measured evidence in a dedicated results branch	2026-10-07T00:47:48.2032685Z  create mode 100644 docs/evidence/v6/remote-matrix/uncensored-matrix-7/8192-python-async-5/context-views.json
report	Preserve the measured evidence in a dedicated results branch	2026-10-07T00:47:48.2033422Z  create mode 100644 docs/evidence/v6/remote-matrix/uncensored-matrix-7/8192-python-async-5/fixture.json
report	Preserve the measured evidence in a dedicated results branch	2026-10-07T00:47:48.2034151Z  create mode 100644 docs/evidence/v6/remote-matrix/uncensored-matrix-7/8192-python-async-5/independent/check.py
report	Preserve the measured evidence in a dedicated results branch	2026-10-07T00:47:48.2034881Z  create mode 100644 docs/evidence/v6/remote-matrix/uncensored-matrix-7/8192-python-async-5/report.json
report	Preserve the measured evidence in a dedicated results branch	2026-10-07T00:47:48.2035577Z  create mode 100644 docs/evidence/v6/remote-matrix/uncensored-matrix-7/8192-python-async-5/setup.stderr
report	Preserve the measured evidence in a dedicated results branch	2026-10-07T00:47:48.2036286Z  create mode 100644 docs/evidence/v6/remote-matrix/uncensored-matrix-7/8192-python-async-5/setup.stdout
report	Preserve the measured evidence in a dedicated results branch	2026-10-07T00:47:48.2037035Z  create mode 100644 docs/evidence/v6/remote-matrix/uncensored-matrix-7/8192-python-async-5/turn.jsonl
report	Preserve the measured evidence in a dedicated results branch	2026-10-07T00:47:48.2037724Z  create mode 100644 docs/evidence/v6/remote-matrix/uncensored-matrix-7/8192-python-async-5/turn.stderr
report	Preserve the measured evidence in a dedicated results branch	2026-10-07T00:47:48.2038432Z  create mode 100644 docs/evidence/v6/remote-matrix/uncensored-matrix-7/8192-python-config-1/assertion.py
report	Preserve the measured evidence in a dedicated results branch	2026-10-07T00:47:48.2039161Z  create mode 100644 docs/evidence/v6/remote-matrix/uncensored-matrix-7/8192-python-config-1/context-views.json
report	Preserve the measured evidence in a dedicated results branch	2026-10-07T00:47:48.2039895Z  create mode 100644 docs/evidence/v6/remote-matrix/uncensored-matrix-7/8192-python-config-1/fixture.json
report	Preserve the measured evidence in a dedicated results branch	2026-10-07T00:47:48.2040633Z  create mode 100644 docs/evidence/v6/remote-matrix/uncensored-matrix-7/8192-python-config-1/independent/check.py
report	Preserve the measured evidence in a dedicated results branch	2026-10-07T00:47:48.2041357Z  create mode 100644 docs/evidence/v6/remote-matrix/uncensored-matrix-7/8192-python-config-1/report.json
report	Preserve the measured evidence in a dedicated results branch	2026-10-07T00:47:48.2042071Z  create mode 100644 docs/evidence/v6/remote-matrix/uncensored-matrix-7/8192-python-config-1/setup.stderr
report	Preserve the measured evidence in a dedicated results branch	2026-10-07T00:47:48.2042881Z  create mode 100644 docs/evidence/v6/remote-matrix/uncensored-matrix-7/8192-python-config-1/setup.stdout
report	Preserve the measured evidence in a dedicated results branch	2026-10-07T00:47:48.2043592Z  create mode 100644 docs/evidence/v6/remote-matrix/uncensored-matrix-7/8192-python-config-1/turn.jsonl
report	Preserve the measured evidence in a dedicated results branch	2026-10-07T00:47:48.2044291Z  create mode 100644 docs/evidence/v6/remote-matrix/uncensored-matrix-7/8192-python-config-1/turn.stderr
report	Preserve the measured evidence in a dedicated results branch	2026-10-07T00:47:48.2044997Z  create mode 100644 docs/evidence/v6/remote-matrix/uncensored-matrix-7/8192-python-config-2/assertion.py
report	Preserve the measured evidence in a dedicated results branch	2026-10-07T00:47:48.2045734Z  create mode 100644 docs/evidence/v6/remote-matrix/uncensored-matrix-7/8192-python-config-2/context-views.json
report	Preserve the measured evidence in a dedicated results branch	2026-10-07T00:47:48.2046466Z  create mode 100644 docs/evidence/v6/remote-matrix/uncensored-matrix-7/8192-python-config-2/fixture.json
report	Preserve the measured evidence in a dedicated results branch	2026-10-07T00:47:48.2047207Z  create mode 100644 docs/evidence/v6/remote-matrix/uncensored-matrix-7/8192-python-config-2/independent/check.py
report	Preserve the measured evidence in a dedicated results branch	2026-10-07T00:47:48.2047937Z  create mode 100644 docs/evidence/v6/remote-matrix/uncensored-matrix-7/8192-python-config-2/report.json
report	Preserve the measured evidence in a dedicated results branch	2026-10-07T00:47:48.2048639Z  create mode 100644 docs/evidence/v6/remote-matrix/uncensored-matrix-7/8192-python-config-2/setup.stderr
report	Preserve the measured evidence in a dedicated results branch	2026-10-07T00:47:48.2049353Z  create mode 100644 docs/evidence/v6/remote-matrix/uncensored-matrix-7/8192-python-config-2/setup.stdout
report	Preserve the measured evidence in a dedicated results branch	2026-10-07T00:47:48.2050130Z  create mode 100644 docs/evidence/v6/remote-matrix/uncensored-matrix-7/8192-python-config-2/turn.jsonl
report	Preserve the measured evidence in a dedicated results branch	2026-10-07T00:47:48.2050832Z  create mode 100644 docs/evidence/v6/remote-matrix/uncensored-matrix-7/8192-python-config-2/turn.stderr
report	Preserve the measured evidence in a dedicated results branch	2026-10-07T00:47:48.2051535Z  create mode 100644 docs/evidence/v6/remote-matrix/uncensored-matrix-7/8192-python-config-3/assertion.py
report	Preserve the measured evidence in a dedicated results branch	2026-10-07T00:47:48.2052276Z  create mode 100644 docs/evidence/v6/remote-matrix/uncensored-matrix-7/8192-python-config-3/context-views.json
report	Preserve the measured evidence in a dedicated results branch	2026-10-07T00:47:48.2053110Z  create mode 100644 docs/evidence/v6/remote-matrix/uncensored-matrix-7/8192-python-config-3/fixture.json
report	Preserve the measured evidence in a dedicated results branch	2026-10-07T00:47:48.2053849Z  create mode 100644 docs/evidence/v6/remote-matrix/uncensored-matrix-7/8192-python-config-3/independent/check.py
report	Preserve the measured evidence in a dedicated results branch	2026-10-07T00:47:48.2054594Z  create mode 100644 docs/evidence/v6/remote-matrix/uncensored-matrix-7/8192-python-config-3/report.json
report	Preserve the measured evidence in a dedicated results branch	2026-10-07T00:47:48.2055298Z  create mode 100644 docs/evidence/v6/remote-matrix/uncensored-matrix-7/8192-python-config-3/setup.stderr
report	Preserve the measured evidence in a dedicated results branch	2026-10-07T00:47:48.2056014Z  create mode 100644 docs/evidence/v6/remote-matrix/uncensored-matrix-7/8192-python-config-3/setup.stdout
report	Preserve the measured evidence in a dedicated results branch	2026-10-07T00:47:48.2056716Z  create mode 100644 docs/evidence/v6/remote-matrix/uncensored-matrix-7/8192-python-config-3/turn.jsonl
report	Preserve the measured evidence in a dedicated results branch	2026-10-07T00:47:48.2057419Z  create mode 100644 docs/evidence/v6/remote-matrix/uncensored-matrix-7/8192-python-config-3/turn.stderr
report	Preserve the measured evidence in a dedicated results branch	2026-10-07T00:47:48.2058135Z  create mode 100644 docs/evidence/v6/remote-matrix/uncensored-matrix-7/8192-python-config-4/assertion.py
report	Preserve the measured evidence in a dedicated results branch	2026-10-07T00:47:48.2058939Z  create mode 100644 docs/evidence/v6/remote-matrix/uncensored-matrix-7/8192-python-config-4/context-views.json
report	Preserve the measured evidence in a dedicated results branch	2026-10-07T00:47:48.2059670Z  create mode 100644 docs/evidence/v6/remote-matrix/uncensored-matrix-7/8192-python-config-4/fixture.json
report	Preserve the measured evidence in a dedicated results branch	2026-10-07T00:47:48.2060402Z  create mode 100644 docs/evidence/v6/remote-matrix/uncensored-matrix-7/8192-python-config-4/independent/check.py
report	Preserve the measured evidence in a dedicated results branch	2026-10-07T00:47:48.2061127Z  create mode 100644 docs/evidence/v6/remote-matrix/uncensored-matrix-7/8192-python-config-4/report.json
report	Preserve the measured evidence in a dedicated results branch	2026-10-07T00:47:48.2061840Z  create mode 100644 docs/evidence/v6/remote-matrix/uncensored-matrix-7/8192-python-config-4/setup.stderr
report	Preserve the measured evidence in a dedicated results branch	2026-10-07T00:47:48.2062605Z  create mode 100644 docs/evidence/v6/remote-matrix/uncensored-matrix-7/8192-python-config-4/setup.stdout
report	Preserve the measured evidence in a dedicated results branch	2026-10-07T00:47:48.2063313Z  create mode 100644 docs/evidence/v6/remote-matrix/uncensored-matrix-7/8192-python-config-4/turn.jsonl
report	Preserve the measured evidence in a dedicated results branch	2026-10-07T00:47:48.2064009Z  create mode 100644 docs/evidence/v6/remote-matrix/uncensored-matrix-7/8192-python-config-4/turn.stderr
report	Preserve the measured evidence in a dedicated results branch	2026-10-07T00:47:48.2064721Z  create mode 100644 docs/evidence/v6/remote-matrix/uncensored-matrix-7/8192-python-config-5/assertion.py
report	Preserve the measured evidence in a dedicated results branch	2026-10-07T00:47:48.2065448Z  create mode 100644 docs/evidence/v6/remote-matrix/uncensored-matrix-7/8192-python-config-5/context-views.json
report	Preserve the measured evidence in a dedicated results branch	2026-10-07T00:47:48.2066177Z  create mode 100644 docs/evidence/v6/remote-matrix/uncensored-matrix-7/8192-python-config-5/fixture.json
report	Preserve the measured evidence in a dedicated results branch	2026-10-07T00:47:48.2066923Z  create mode 100644 docs/evidence/v6/remote-matrix/uncensored-matrix-7/8192-python-config-5/independent/check.py
report	Preserve the measured evidence in a dedicated results branch	2026-10-07T00:47:48.2067650Z  create mode 100644 docs/evidence/v6/remote-matrix/uncensored-matrix-7/8192-python-config-5/report.json
report	Preserve the measured evidence in a dedicated results branch	2026-10-07T00:47:48.2068365Z  create mode 100644 docs/evidence/v6/remote-matrix/uncensored-matrix-7/8192-python-config-5/setup.stderr
report	Preserve the measured evidence in a dedicated results branch	2026-10-07T00:47:48.2069067Z  create mode 100644 docs/evidence/v6/remote-matrix/uncensored-matrix-7/8192-python-config-5/setup.stdout
report	Preserve the measured evidence in a dedicated results branch	2026-10-07T00:47:48.2069766Z  create mode 100644 docs/evidence/v6/remote-matrix/uncensored-matrix-7/8192-python-config-5/turn.jsonl
report	Preserve the measured evidence in a dedicated results branch	2026-10-07T00:47:48.2070465Z  create mode 100644 docs/evidence/v6/remote-matrix/uncensored-matrix-7/8192-python-config-5/turn.stderr
report	Preserve the measured evidence in a dedicated results branch	2026-10-07T00:47:48.2071115Z  create mode 100644 docs/evidence/v6/remote-matrix/uncensored-matrix-7/BUILD.json
report	Preserve the measured evidence in a dedicated results branch	2026-10-07T00:47:48.2071700Z  create mode 100644 docs/evidence/v6/remote-matrix/uncensored-matrix-7/RAW-SHA256.json
report	Preserve the measured evidence in a dedicated results branch	2026-10-07T00:47:48.2072365Z  create mode 100644 docs/evidence/v6/remote-matrix/uncensored-matrix-7/campaign.log
report	Preserve the measured evidence in a dedicated results branch	2026-10-07T00:47:48.2073043Z  create mode 100644 docs/evidence/v6/remote-matrix/uncensored-matrix-7/configuration.json
report	Preserve the measured evidence in a dedicated results branch	2026-10-07T00:47:48.2073642Z  create mode 100644 docs/evidence/v6/remote-matrix/uncensored-matrix-7/host.json
report	Preserve the measured evidence in a dedicated results branch	2026-10-07T00:47:48.2074200Z  create mode 100644 docs/evidence/v6/remote-matrix/uncensored-matrix-7/summary.json
report	Preserve the measured evidence in a dedicated results branch	2026-10-07T00:47:50.8354370Z To https://github.com/3d3dcanada/alt-cli
report	Preserve the measured evidence in a dedicated results branch	2026-10-07T00:47:50.8356192Z  ! [remote rejected] HEAD -> evidence/model-matrix-37549928064 (refusing to allow a GitHub App to create or update workflow `.github/workflows/model-matrix.yml` without `workflows` permission)
report	Preserve the measured evidence in a dedicated results branch	2026-10-07T00:47:50.8357990Z error: failed to push some refs to 'https://github.com/3d3dcanada/alt-cli'
report	Preserve the measured evidence in a dedicated results branch	2026-10-07T00:47:50.8370185Z ##[error]Process completed with exit code 1.
